blog_id,blog_slug,cloudinary_public_id,download_message,excerpt,featured_image,id,image_url,local_file,local_path,location_id,location_slug,photo_id,photo_index,photographer,photographer_url,provider,provider_page_url,search_query,slug,status,thumbnail_url,title
1,central-vietnam-7-day-itinerary,danangtrip/blogs/central-vietnam-7-day-itinerary/blog-1__central-vietnam-7-day-itinerary__p01,downloaded:389442,"A complete guide to spending a week in Vietnam’s central coast, covering all the highlights.",,1,https://images.pexels.com/photos/30933135/pexels-photo-30933135.jpeg?auto=compress&cs=tinysrgb&dpr=2&h=650&w=940,blog-1__central-vietnam-7-day-itinerary__p01__pexels-30933135.jpg,D:\DATN\DATN_Tài liệu\data-center\media-assets\cloudinary-staging\blogs\2026-06-05-blog-missing-featured-image\originals\blog-1__central-vietnam-7-day-itinerary__p01__pexels-30933135.jpg,1,central-vietnam-7-day-itinerary,30933135,1,Võ Văn Tiến,https://www.pexels.com/@vo-van-ti-n-2037497312,pexels,https://www.pexels.com/photo/traditional-scene-in-h-i-an-vietnam-s-ancient-town-30933135/,Hoi An Vietnam travel,central-vietnam-7-day-itinerary,downloaded,https://images.pexels.com/photos/30933135/pexels-photo-30933135.jpeg?auto=compress&cs=tinysrgb&h=350,"The Ultimate Central Vietnam Itinerary: Da Nang, Hoi An & Hue in 7 Days"
2,why-visit-central-vietnam,danangtrip/blogs/why-visit-central-vietnam/blog-2__why-visit-central-vietnam__p01,downloaded:245719,"Discover the magic of Central Vietnam, from its world-class beaches to its rich heritage.",,2,https://images.pexels.com/photos/26550067/pexels-photo-26550067.jpeg?auto=compress&cs=tinysrgb&dpr=2&h=650&w=940,blog-2__why-visit-central-vietnam__p01__pexels-26550067.jpg,D:\DATN\DATN_Tài liệu\data-center\media-assets\cloudinary-staging\blogs\2026-06-05-blog-missing-featured-image\originals\blog-2__why-visit-central-vietnam__p01__pexels-26550067.jpg,2,why-visit-central-vietnam,26550067,1,Pragyan Bezbaruah,https://www.pexels.com/@pragyanbezbo,pexels,https://www.pexels.com/photo/da-nang-city-name-at-beach-26550067/,Da Nang beach Vietnam,why-visit-central-vietnam,downloaded,https://images.pexels.com/photos/26550067/pexels-photo-26550067.jpeg?auto=compress&cs=tinysrgb&h=350,Why Central Vietnam Should Be Your Next Travel Destination
3,unforgettable-things-to-do-central-vietnam,danangtrip/blogs/unforgettable-things-to-do-central-vietnam/blog-3__unforgettable-things-to-do-central-vietnam__p01,downloaded:357075,"An updated list of the best experiences in the region, from hidden gems to iconic landmarks.",,3,https://images.pexels.com/photos/19940389/pexels-photo-19940389.jpeg?auto=compress&cs=tinysrgb&dpr=2&h=650&w=940,blog-3__unforgettable-things-to-do-central-vietnam__p01__pexels-19940389.jpg,D:\DATN\DATN_Tài liệu\data-center\media-assets\cloudinary-staging\blogs\2026-06-05-blog-missing-featured-image\originals\blog-3__unforgettable-things-to-do-central-vietnam__p01__pexels-19940389.jpg,3,unforgettable-things-to-do-central-vietnam,19940389,1,Kirandeep Singh Walia,https://www.pexels.com/@kirandeepsingh,pexels,https://www.pexels.com/photo/da-nang-administrative-center-in-vietnam-19940389/,23 Unforgettable Things To Do in Central Vietnam (2026 Edition) Da Nang Vietnam,unforgettable-things-to-do-central-vietnam,downloaded,https://images.pexels.com/photos/19940389/pexels-photo-19940389.jpeg?auto=compress&cs=tinysrgb&h=350,23 Unforgettable Things To Do in Central Vietnam (2026 Edition)
4,where-to-stay-central-vietnam,danangtrip/blogs/where-to-stay-central-vietnam/blog-4__where-to-stay-central-vietnam__p01,downloaded:389442,A comparison of the three major cities to help you decide the best location for your stay.,,4,https://images.pexels.com/photos/30933135/pexels-photo-30933135.jpeg?auto=compress&cs=tinysrgb&dpr=2&h=650&w=940,blog-4__where-to-stay-central-vietnam__p01__pexels-30933135.jpg,D:\DATN\DATN_Tài liệu\data-center\media-assets\cloudinary-staging\blogs\2026-06-05-blog-missing-featured-image\originals\blog-4__where-to-stay-central-vietnam__p01__pexels-30933135.jpg,4,where-to-stay-central-vietnam,30933135,1,Võ Văn Tiến,https://www.pexels.com/@vo-van-ti-n-2037497312,pexels,https://www.pexels.com/photo/traditional-scene-in-h-i-an-vietnam-s-ancient-town-30933135/,Hoi An Vietnam travel,where-to-stay-central-vietnam,downloaded,https://images.pexels.com/photos/30933135/pexels-photo-30933135.jpeg?auto=compress&cs=tinysrgb&h=350,"Da Nang, Hoi An, or Hue? Which City Should You Base Yourself In?"
5,5-day-central-vietnam-itinerary,danangtrip/blogs/5-day-central-vietnam-itinerary/blog-5__5-day-central-vietnam-itinerary__p01,downloaded:389442,"Short on time? Here is how to see the best of Da Nang, Hoi An, and Hue in just five days.",,5,https://images.pexels.com/photos/30933135/pexels-photo-30933135.jpeg?auto=compress&cs=tinysrgb&dpr=2&h=650&w=940,blog-5__5-day-central-vietnam-itinerary__p01__pexels-30933135.jpg,D:\DATN\DATN_Tài liệu\data-center\media-assets\cloudinary-staging\blogs\2026-06-05-blog-missing-featured-image\originals\blog-5__5-day-central-vietnam-itinerary__p01__pexels-30933135.jpg,5,5-day-central-vietnam-itinerary,30933135,1,Võ Văn Tiến,https://www.pexels.com/@vo-van-ti-n-2037497312,pexels,https://www.pexels.com/photo/traditional-scene-in-h-i-an-vietnam-s-ancient-town-30933135/,Hoi An Vietnam travel,5-day-central-vietnam-itinerary,downloaded,https://images.pexels.com/photos/30933135/pexels-photo-30933135.jpeg?auto=compress&cs=tinysrgb&h=350,The Perfect 5-Day Central Vietnam Escape
6,vietnam-coastal-road-trip-guide,danangtrip/blogs/vietnam-coastal-road-trip-guide/blog-6__vietnam-coastal-road-trip-guide__p01,downloaded:498778,Everything you need to know about driving along Vietnam’s stunning central coastline.,,6,https://images.pexels.com/photos/13801180/pexels-photo-13801180.jpeg?auto=compress&cs=tinysrgb&dpr=2&h=650&w=940,blog-6__vietnam-coastal-road-trip-guide__p01__pexels-13801180.jpg,D:\DATN\DATN_Tài liệu\data-center\media-assets\cloudinary-staging\blogs\2026-06-05-blog-missing-featured-image\originals\blog-6__vietnam-coastal-road-trip-guide__p01__pexels-13801180.jpg,6,vietnam-coastal-road-trip-guide,13801180,1,Nguyễn Hoàng,https://www.pexels.com/@nguy-n-hoang-957279,pexels,https://www.pexels.com/photo/green-trees-on-mountain-13801180/,How to Plan the Ultimate Vietnam Coastal Road Trip Da Nang Vietnam,vietnam-coastal-road-trip-guide,downloaded,https://images.pexels.com/photos/13801180/pexels-photo-13801180.jpeg?auto=compress&cs=tinysrgb&h=350,How to Plan the Ultimate Vietnam Coastal Road Trip
7,transportation-guide-central-vietnam,danangtrip/blogs/transportation-guide-central-vietnam/blog-7__transportation-guide-central-vietnam__p01,downloaded:389442,"The best ways to get around, from private cars and trains to motorbikes and buses.",,7,https://images.pexels.com/photos/30933135/pexels-photo-30933135.jpeg?auto=compress&cs=tinysrgb&dpr=2&h=650&w=940,blog-7__transportation-guide-central-vietnam__p01__pexels-30933135.jpg,D:\DATN\DATN_Tài liệu\data-center\media-assets\cloudinary-staging\blogs\2026-06-05-blog-missing-featured-image\originals\blog-7__transportation-guide-central-vietnam__p01__pexels-30933135.jpg,7,transportation-guide-central-vietnam,30933135,1,Võ Văn Tiến,https://www.pexels.com/@vo-van-ti-n-2037497312,pexels,https://www.pexels.com/photo/traditional-scene-in-h-i-an-vietnam-s-ancient-town-30933135/,Hoi An Vietnam travel,transportation-guide-central-vietnam,downloaded,https://images.pexels.com/photos/30933135/pexels-photo-30933135.jpeg?auto=compress&cs=tinysrgb&h=350,"Traveling Between Da Nang, Hoi An, and Hue: A Practical Guide"
8,why-visit-hue,danangtrip/blogs/why-visit-hue/blog-8__why-visit-hue__p01,downloaded:389442,"Many travelers focus on Da Nang and Hoi An, but Hue offers a unique historical perspective.",,8,https://images.pexels.com/photos/30933135/pexels-photo-30933135.jpeg?auto=compress&cs=tinysrgb&dpr=2&h=650&w=940,blog-8__why-visit-hue__p01__pexels-30933135.jpg,D:\DATN\DATN_Tài liệu\data-center\media-assets\cloudinary-staging\blogs\2026-06-05-blog-missing-featured-image\originals\blog-8__why-visit-hue__p01__pexels-30933135.jpg,8,why-visit-hue,30933135,1,Võ Văn Tiến,https://www.pexels.com/@vo-van-ti-n-2037497312,pexels,https://www.pexels.com/photo/traditional-scene-in-h-i-an-vietnam-s-ancient-town-30933135/,Hoi An Vietnam travel,why-visit-hue,downloaded,https://images.pexels.com/photos/30933135/pexels-photo-30933135.jpeg?auto=compress&cs=tinysrgb&h=350,Why You Shouldn’t Skip Hue on Your Trip to Central Vietnam
9,first-timers-guide-central-vietnam,danangtrip/blogs/first-timers-guide-central-vietnam/blog-9__first-timers-guide-central-vietnam__p01,downloaded:389442,"Essential tips for your first visit to Da Nang, Hoi An, and Hue.",,9,https://images.pexels.com/photos/30933135/pexels-photo-30933135.jpeg?auto=compress&cs=tinysrgb&dpr=2&h=650&w=940,blog-9__first-timers-guide-central-vietnam__p01__pexels-30933135.jpg,D:\DATN\DATN_Tài liệu\data-center\media-assets\cloudinary-staging\blogs\2026-06-05-blog-missing-featured-image\originals\blog-9__first-timers-guide-central-vietnam__p01__pexels-30933135.jpg,9,first-timers-guide-central-vietnam,30933135,1,Võ Văn Tiến,https://www.pexels.com/@vo-van-ti-n-2037497312,pexels,https://www.pexels.com/photo/traditional-scene-in-h-i-an-vietnam-s-ancient-town-30933135/,Hoi An Vietnam travel,first-timers-guide-central-vietnam,downloaded,https://images.pexels.com/photos/30933135/pexels-photo-30933135.jpeg?auto=compress&cs=tinysrgb&h=350,First-Timer’s Guide to Central Vietnam: What to Expect
10,hidden-gems-central-vietnam,danangtrip/blogs/hidden-gems-central-vietnam/blog-10__hidden-gems-central-vietnam__p01,downloaded:448711,Escape the crowds and discover the lesser-known spots in the region.,,10,https://images.pexels.com/photos/14021725/pexels-photo-14021725.jpeg?auto=compress&cs=tinysrgb&dpr=2&h=650&w=940,blog-10__hidden-gems-central-vietnam__p01__pexels-14021725.jpg,D:\DATN\DATN_Tài liệu\data-center\media-assets\cloudinary-staging\blogs\2026-06-05-blog-missing-featured-image\originals\blog-10__hidden-gems-central-vietnam__p01__pexels-14021725.jpg,10,hidden-gems-central-vietnam,14021725,1,Quang Nguyen Vinh,https://www.pexels.com/@quang-nguyen-vinh-222549,pexels,https://www.pexels.com/photo/people-standing-near-the-apec-park-14021725/,Hidden Gems of Central Vietnam: Beyond the Tourist Trail Da Nang Vietnam,hidden-gems-central-vietnam,downloaded,https://images.pexels.com/photos/14021725/pexels-photo-14021725.jpeg?auto=compress&cs=tinysrgb&h=350,Hidden Gems of Central Vietnam: Beyond the Tourist Trail
11,love-letter-to-hoi-an,danangtrip/blogs/love-letter-to-hoi-an/blog-11__love-letter-to-hoi-an__p01,downloaded:389442,"An appreciation of the beauty, food, and people of the ancient town.",,11,https://images.pexels.com/photos/30933135/pexels-photo-30933135.jpeg?auto=compress&cs=tinysrgb&dpr=2&h=650&w=940,blog-11__love-letter-to-hoi-an__p01__pexels-30933135.jpg,D:\DATN\DATN_Tài liệu\data-center\media-assets\cloudinary-staging\blogs\2026-06-05-blog-missing-featured-image\originals\blog-11__love-letter-to-hoi-an__p01__pexels-30933135.jpg,11,love-letter-to-hoi-an,30933135,1,Võ Văn Tiến,https://www.pexels.com/@vo-van-ti-n-2037497312,pexels,https://www.pexels.com/photo/traditional-scene-in-h-i-an-vietnam-s-ancient-town-30933135/,Hoi An Vietnam travel,love-letter-to-hoi-an,downloaded,https://images.pexels.com/photos/30933135/pexels-photo-30933135.jpeg?auto=compress&cs=tinysrgb&h=350,A Love Letter to Hoi An: Why It’s the Most Charming Town in Vietnam
12,best-things-to-do-hoi-an,danangtrip/blogs/best-things-to-do-hoi-an/blog-12__best-things-to-do-hoi-an__p01,downloaded:389442,"A personal perspective on why Hoi An is a must-visit, with recommendations.",,12,https://images.pexels.com/photos/30933135/pexels-photo-30933135.jpeg?auto=compress&cs=tinysrgb&dpr=2&h=650&w=940,blog-12__best-things-to-do-hoi-an__p01__pexels-30933135.jpg,D:\DATN\DATN_Tài liệu\data-center\media-assets\cloudinary-staging\blogs\2026-06-05-blog-missing-featured-image\originals\blog-12__best-things-to-do-hoi-an__p01__pexels-30933135.jpg,12,best-things-to-do-hoi-an,30933135,1,Võ Văn Tiến,https://www.pexels.com/@vo-van-ti-n-2037497312,pexels,https://www.pexels.com/photo/traditional-scene-in-h-i-an-vietnam-s-ancient-town-30933135/,Hoi An Vietnam travel,best-things-to-do-hoi-an,downloaded,https://images.pexels.com/photos/30933135/pexels-photo-30933135.jpeg?auto=compress&cs=tinysrgb&h=350,14 Things To Do in Hoi An (From Someone Who Almost Skipped It)
13,hoi-an-lantern-streets,danangtrip/blogs/hoi-an-lantern-streets/blog-13__hoi-an-lantern-streets__p01,downloaded:389442,The best spots to see the lanterns and how to experience the town after dark.,,13,https://images.pexels.com/photos/30933135/pexels-photo-30933135.jpeg?auto=compress&cs=tinysrgb&dpr=2&h=650&w=940,blog-13__hoi-an-lantern-streets__p01__pexels-30933135.jpg,D:\DATN\DATN_Tài liệu\data-center\media-assets\cloudinary-staging\blogs\2026-06-05-blog-missing-featured-image\originals\blog-13__hoi-an-lantern-streets__p01__pexels-30933135.jpg,13,hoi-an-lantern-streets,30933135,1,Võ Văn Tiến,https://www.pexels.com/@vo-van-ti-n-2037497312,pexels,https://www.pexels.com/photo/traditional-scene-in-h-i-an-vietnam-s-ancient-town-30933135/,Hoi An Vietnam travel,hoi-an-lantern-streets,downloaded,https://images.pexels.com/photos/30933135/pexels-photo-30933135.jpeg?auto=compress&cs=tinysrgb&h=350,Wandering Through the Lantern-Lit Streets of Hoi An Ancient Town
14,48-hours-in-hoi-an,danangtrip/blogs/48-hours-in-hoi-an/blog-14__48-hours-in-hoi-an__p01,downloaded:389442,A 2-day itinerary for those who want to see the best of the ancient town and its surroundings.,,14,https://images.pexels.com/photos/30933135/pexels-photo-30933135.jpeg?auto=compress&cs=tinysrgb&dpr=2&h=650&w=940,blog-14__48-hours-in-hoi-an__p01__pexels-30933135.jpg,D:\DATN\DATN_Tài liệu\data-center\media-assets\cloudinary-staging\blogs\2026-06-05-blog-missing-featured-image\originals\blog-14__48-hours-in-hoi-an__p01__pexels-30933135.jpg,14,48-hours-in-hoi-an,30933135,1,Võ Văn Tiến,https://www.pexels.com/@vo-van-ti-n-2037497312,pexels,https://www.pexels.com/photo/traditional-scene-in-h-i-an-vietnam-s-ancient-town-30933135/,Hoi An Vietnam travel,48-hours-in-hoi-an,downloaded,https://images.pexels.com/photos/30933135/pexels-photo-30933135.jpeg?auto=compress&cs=tinysrgb&h=350,How to Spend 48 Hours in Hoi An
15,hoi-an-tailoring-guide,danangtrip/blogs/hoi-an-tailoring-guide/blog-15__hoi-an-tailoring-guide__p01,downloaded:389442,Everything you need to know about getting clothes made in the tailoring capital of the world.,,15,https://images.pexels.com/photos/30933135/pexels-photo-30933135.jpeg?auto=compress&cs=tinysrgb&dpr=2&h=650&w=940,blog-15__hoi-an-tailoring-guide__p01__pexels-30933135.jpg,D:\DATN\DATN_Tài liệu\data-center\media-assets\cloudinary-staging\blogs\2026-06-05-blog-missing-featured-image\originals\blog-15__hoi-an-tailoring-guide__p01__pexels-30933135.jpg,15,hoi-an-tailoring-guide,30933135,1,Võ Văn Tiến,https://www.pexels.com/@vo-van-ti-n-2037497312,pexels,https://www.pexels.com/photo/traditional-scene-in-h-i-an-vietnam-s-ancient-town-30933135/,Hoi An Vietnam travel,hoi-an-tailoring-guide,downloaded,https://images.pexels.com/photos/30933135/pexels-photo-30933135.jpeg?auto=compress&cs=tinysrgb&h=350,The Ultimate Guide to Custom Tailoring in Hoi An
16,cycling-hoi-an-countryside,danangtrip/blogs/cycling-hoi-an-countryside/blog-16__cycling-hoi-an-countryside__p01,downloaded:389442,Explore the rice paddies and villages of Hoi An on two wheels.,,16,https://images.pexels.com/photos/30933135/pexels-photo-30933135.jpeg?auto=compress&cs=tinysrgb&dpr=2&h=650&w=940,blog-16__cycling-hoi-an-countryside__p01__pexels-30933135.jpg,D:\DATN\DATN_Tài liệu\data-center\media-assets\cloudinary-staging\blogs\2026-06-05-blog-missing-featured-image\originals\blog-16__cycling-hoi-an-countryside__p01__pexels-30933135.jpg,16,cycling-hoi-an-countryside,30933135,1,Võ Văn Tiến,https://www.pexels.com/@vo-van-ti-n-2037497312,pexels,https://www.pexels.com/photo/traditional-scene-in-h-i-an-vietnam-s-ancient-town-30933135/,Hoi An Vietnam travel,cycling-hoi-an-countryside,downloaded,https://images.pexels.com/photos/30933135/pexels-photo-30933135.jpeg?auto=compress&cs=tinysrgb&h=350,Beyond the Old Town: Cycling the Countryside of Hoi An
17,hoi-an-food-guide,danangtrip/blogs/hoi-an-food-guide/blog-17__hoi-an-food-guide__p01,downloaded:389442,"From Cao Lau to White Rose Dumplings, discover the unique flavors of Hoi An.",,17,https://images.pexels.com/photos/30933135/pexels-photo-30933135.jpeg?auto=compress&cs=tinysrgb&dpr=2&h=650&w=940,blog-17__hoi-an-food-guide__p01__pexels-30933135.jpg,D:\DATN\DATN_Tài liệu\data-center\media-assets\cloudinary-staging\blogs\2026-06-05-blog-missing-featured-image\originals\blog-17__hoi-an-food-guide__p01__pexels-30933135.jpg,17,hoi-an-food-guide,30933135,1,Võ Văn Tiến,https://www.pexels.com/@vo-van-ti-n-2037497312,pexels,https://www.pexels.com/photo/traditional-scene-in-h-i-an-vietnam-s-ancient-town-30933135/,Hoi An Vietnam travel,hoi-an-food-guide,downloaded,https://images.pexels.com/photos/30933135/pexels-photo-30933135.jpeg?auto=compress&cs=tinysrgb&h=350,A Foodie’s Guide to Hoi An: Must-Try Local Dishes
18,best-cafes-hoi-an,danangtrip/blogs/best-cafes-hoi-an/blog-18__best-cafes-hoi-an__p01,downloaded:389442,Where to find the best Vietnamese coffee and a good place to work in the ancient town.,,18,https://images.pexels.com/photos/30933135/pexels-photo-30933135.jpeg?auto=compress&cs=tinysrgb&dpr=2&h=650&w=940,blog-18__best-cafes-hoi-an__p01__pexels-30933135.jpg,D:\DATN\DATN_Tài liệu\data-center\media-assets\cloudinary-staging\blogs\2026-06-05-blog-missing-featured-image\originals\blog-18__best-cafes-hoi-an__p01__pexels-30933135.jpg,18,best-cafes-hoi-an,30933135,1,Võ Văn Tiến,https://www.pexels.com/@vo-van-ti-n-2037497312,pexels,https://www.pexels.com/photo/traditional-scene-in-h-i-an-vietnam-s-ancient-town-30933135/,Hoi An Vietnam travel,best-cafes-hoi-an,downloaded,https://images.pexels.com/photos/30933135/pexels-photo-30933135.jpeg?auto=compress&cs=tinysrgb&h=350,Best Cafes in Hoi An for Digital Nomads and Coffee Lovers
19,hoi-an-lantern-festival-guide,danangtrip/blogs/hoi-an-lantern-festival-guide/blog-19__hoi-an-lantern-festival-guide__p01,downloaded:389442,A guide to the monthly full moon festival and the nightly lantern displays.,,19,https://images.pexels.com/photos/30933135/pexels-photo-30933135.jpeg?auto=compress&cs=tinysrgb&dpr=2&h=650&w=940,blog-19__hoi-an-lantern-festival-guide__p01__pexels-30933135.jpg,D:\DATN\DATN_Tài liệu\data-center\media-assets\cloudinary-staging\blogs\2026-06-05-blog-missing-featured-image\originals\blog-19__hoi-an-lantern-festival-guide__p01__pexels-30933135.jpg,19,hoi-an-lantern-festival-guide,30933135,1,Võ Văn Tiến,https://www.pexels.com/@vo-van-ti-n-2037497312,pexels,https://www.pexels.com/photo/traditional-scene-in-h-i-an-vietnam-s-ancient-town-30933135/,Hoi An Vietnam travel,hoi-an-lantern-festival-guide,downloaded,https://images.pexels.com/photos/30933135/pexels-photo-30933135.jpeg?auto=compress&cs=tinysrgb&h=350,Hoi An at Night: The Magical Lantern Festival
20,photography-guide-hoi-an,danangtrip/blogs/photography-guide-hoi-an/blog-20__photography-guide-hoi-an__p01,downloaded:389442,"Tips for capturing the beauty of Hoi An, from the yellow walls to the morning market.",,20,https://images.pexels.com/photos/30933135/pexels-photo-30933135.jpeg?auto=compress&cs=tinysrgb&dpr=2&h=650&w=940,blog-20__photography-guide-hoi-an__p01__pexels-30933135.jpg,D:\DATN\DATN_Tài liệu\data-center\media-assets\cloudinary-staging\blogs\2026-06-05-blog-missing-featured-image\originals\blog-20__photography-guide-hoi-an__p01__pexels-30933135.jpg,20,photography-guide-hoi-an,30933135,1,Võ Văn Tiến,https://www.pexels.com/@vo-van-ti-n-2037497312,pexels,https://www.pexels.com/photo/traditional-scene-in-h-i-an-vietnam-s-ancient-town-30933135/,Hoi An Vietnam travel,photography-guide-hoi-an,downloaded,https://images.pexels.com/photos/30933135/pexels-photo-30933135.jpeg?auto=compress&cs=tinysrgb&h=350,Why Hoi An is a Photographer’s Paradise
21,hoi-an-beach-guide,danangtrip/blogs/hoi-an-beach-guide/blog-21__hoi-an-beach-guide__p01,downloaded:389442,Compare the beaches near Hoi An and decide where to spend your sun-soaked days.,,21,https://images.pexels.com/photos/30933135/pexels-photo-30933135.jpeg?auto=compress&cs=tinysrgb&dpr=2&h=650&w=940,blog-21__hoi-an-beach-guide__p01__pexels-30933135.jpg,D:\DATN\DATN_Tài liệu\data-center\media-assets\cloudinary-staging\blogs\2026-06-05-blog-missing-featured-image\originals\blog-21__hoi-an-beach-guide__p01__pexels-30933135.jpg,21,hoi-an-beach-guide,30933135,1,Võ Văn Tiến,https://www.pexels.com/@vo-van-ti-n-2037497312,pexels,https://www.pexels.com/photo/traditional-scene-in-h-i-an-vietnam-s-ancient-town-30933135/,Hoi An Vietnam travel,hoi-an-beach-guide,downloaded,https://images.pexels.com/photos/30933135/pexels-photo-30933135.jpeg?auto=compress&cs=tinysrgb&h=350,Best Beaches in Hoi An: A Guide to An Bang and Cua Dai
22,where-to-stay-hoi-an,danangtrip/blogs/where-to-stay-hoi-an/blog-22__where-to-stay-hoi-an__p01,downloaded:389442,A guide to the best neighborhoods and accommodations for every budget.,,22,https://images.pexels.com/photos/30933135/pexels-photo-30933135.jpeg?auto=compress&cs=tinysrgb&dpr=2&h=650&w=940,blog-22__where-to-stay-hoi-an__p01__pexels-30933135.jpg,D:\DATN\DATN_Tài liệu\data-center\media-assets\cloudinary-staging\blogs\2026-06-05-blog-missing-featured-image\originals\blog-22__where-to-stay-hoi-an__p01__pexels-30933135.jpg,22,where-to-stay-hoi-an,30933135,1,Võ Văn Tiến,https://www.pexels.com/@vo-van-ti-n-2037497312,pexels,https://www.pexels.com/photo/traditional-scene-in-h-i-an-vietnam-s-ancient-town-30933135/,Hoi An Vietnam travel,where-to-stay-hoi-an,downloaded,https://images.pexels.com/photos/30933135/pexels-photo-30933135.jpeg?auto=compress&cs=tinysrgb&h=350,The Best Places to Stay in Hoi An: From Homestays to Luxury Resorts
23,lost-in-hoi-an,danangtrip/blogs/lost-in-hoi-an/blog-23__lost-in-hoi-an__p01,downloaded:389442,The joy of wandering aimlessly through the narrow alleys of the ancient town.,,23,https://images.pexels.com/photos/30933135/pexels-photo-30933135.jpeg?auto=compress&cs=tinysrgb&dpr=2&h=650&w=940,blog-23__lost-in-hoi-an__p01__pexels-30933135.jpg,D:\DATN\DATN_Tài liệu\data-center\media-assets\cloudinary-staging\blogs\2026-06-05-blog-missing-featured-image\originals\blog-23__lost-in-hoi-an__p01__pexels-30933135.jpg,23,lost-in-hoi-an,30933135,1,Võ Văn Tiến,https://www.pexels.com/@vo-van-ti-n-2037497312,pexels,https://www.pexels.com/photo/traditional-scene-in-h-i-an-vietnam-s-ancient-town-30933135/,Hoi An Vietnam travel,lost-in-hoi-an,downloaded,https://images.pexels.com/photos/30933135/pexels-photo-30933135.jpeg?auto=compress&cs=tinysrgb&h=350,Getting Lost in the Yellow Streets of Hoi An
24,hoi-an-craft-workshops,danangtrip/blogs/hoi-an-craft-workshops/blog-24__hoi-an-craft-workshops__p01,downloaded:389442,"Learn how to make lanterns, pottery, and silk products from local masters.",,24,https://images.pexels.com/photos/30933135/pexels-photo-30933135.jpeg?auto=compress&cs=tinysrgb&dpr=2&h=650&w=940,blog-24__hoi-an-craft-workshops__p01__pexels-30933135.jpg,D:\DATN\DATN_Tài liệu\data-center\media-assets\cloudinary-staging\blogs\2026-06-05-blog-missing-featured-image\originals\blog-24__hoi-an-craft-workshops__p01__pexels-30933135.jpg,24,hoi-an-craft-workshops,30933135,1,Võ Văn Tiến,https://www.pexels.com/@vo-van-ti-n-2037497312,pexels,https://www.pexels.com/photo/traditional-scene-in-h-i-an-vietnam-s-ancient-town-30933135/,Hoi An Vietnam travel,hoi-an-craft-workshops,downloaded,https://images.pexels.com/photos/30933135/pexels-photo-30933135.jpeg?auto=compress&cs=tinysrgb&h=350,A Guide to Traditional Craft Workshops in Hoi An
25,budget-travel-hoi-an,danangtrip/blogs/budget-travel-hoi-an/blog-25__budget-travel-hoi-an__p01,downloaded:389442,"Tips for saving money on food, accommodation, and activities in the ancient town.",,25,https://images.pexels.com/photos/30933135/pexels-photo-30933135.jpeg?auto=compress&cs=tinysrgb&dpr=2&h=650&w=940,blog-25__budget-travel-hoi-an__p01__pexels-30933135.jpg,D:\DATN\DATN_Tài liệu\data-center\media-assets\cloudinary-staging\blogs\2026-06-05-blog-missing-featured-image\originals\blog-25__budget-travel-hoi-an__p01__pexels-30933135.jpg,25,budget-travel-hoi-an,30933135,1,Võ Văn Tiến,https://www.pexels.com/@vo-van-ti-n-2037497312,pexels,https://www.pexels.com/photo/traditional-scene-in-h-i-an-vietnam-s-ancient-town-30933135/,Hoi An Vietnam travel,budget-travel-hoi-an,downloaded,https://images.pexels.com/photos/30933135/pexels-photo-30933135.jpeg?auto=compress&cs=tinysrgb&h=350,Hoi An on a Budget: How to Make Your Money Go Further
26,da-nang-rising-star,danangtrip/blogs/da-nang-rising-star/blog-26__da-nang-rising-star__p01,downloaded:372780,A look at the rapid development and modern appeal of Da Nang.,,26,https://images.pexels.com/photos/20563032/pexels-photo-20563032.jpeg?auto=compress&cs=tinysrgb&dpr=2&h=650&w=940,blog-26__da-nang-rising-star__p01__pexels-20563032.jpg,D:\DATN\DATN_Tài liệu\data-center\media-assets\cloudinary-staging\blogs\2026-06-05-blog-missing-featured-image\originals\blog-26__da-nang-rising-star__p01__pexels-20563032.jpg,26,da-nang-rising-star,20563032,1,Kirandeep Singh Walia,https://www.pexels.com/@kirandeepsingh,pexels,https://www.pexels.com/photo/view-of-a-city-20563032/,Da Nang: Why This Coastal City is Vietnam’s Rising Star Da Nang Vietnam,da-nang-rising-star,downloaded,https://images.pexels.com/photos/20563032/pexels-photo-20563032.jpeg?auto=compress&cs=tinysrgb&h=350,Da Nang: Why This Coastal City is Vietnam’s Rising Star
27,da-nang-beach-guide,danangtrip/blogs/da-nang-beach-guide/blog-27__da-nang-beach-guide__p01,downloaded:245719,Explore the world-famous beaches of Da Nang and find your perfect spot in the sand.,,27,https://images.pexels.com/photos/26550067/pexels-photo-26550067.jpeg?auto=compress&cs=tinysrgb&dpr=2&h=650&w=940,blog-27__da-nang-beach-guide__p01__pexels-26550067.jpg,D:\DATN\DATN_Tài liệu\data-center\media-assets\cloudinary-staging\blogs\2026-06-05-blog-missing-featured-image\originals\blog-27__da-nang-beach-guide__p01__pexels-26550067.jpg,27,da-nang-beach-guide,26550067,1,Pragyan Bezbaruah,https://www.pexels.com/@pragyanbezbo,pexels,https://www.pexels.com/photo/da-nang-city-name-at-beach-26550067/,Da Nang beach Vietnam,da-nang-beach-guide,downloaded,https://images.pexels.com/photos/26550067/pexels-photo-26550067.jpeg?auto=compress&cs=tinysrgb&h=350,"The Best Beaches in Da Nang: My Khe, Non Nuoc, and More"
28,dragon-bridge-guide,danangtrip/blogs/dragon-bridge-guide/blog-28__dragon-bridge-guide__p01,downloaded:340333,When to visit and where to watch the fire-breathing show.,,28,https://images.pexels.com/photos/32015496/pexels-photo-32015496.jpeg?auto=compress&cs=tinysrgb&dpr=2&h=650&w=940,blog-28__dragon-bridge-guide__p01__pexels-32015496.jpg,D:\DATN\DATN_Tài liệu\data-center\media-assets\cloudinary-staging\blogs\2026-06-05-blog-missing-featured-image\originals\blog-28__dragon-bridge-guide__p01__pexels-32015496.jpg,28,dragon-bridge-guide,32015496,1,Nimit N,https://www.pexels.com/@nimitclix,pexels,https://www.pexels.com/photo/dragon-bridge-over-han-river-in-da-nang-32015496/,A Guide to the Iconic Dragon Bridge in Da Nang Da Nang Vietnam,dragon-bridge-guide,downloaded,https://images.pexels.com/photos/32015496/pexels-photo-32015496.jpeg?auto=compress&cs=tinysrgb&h=350,A Guide to the Iconic Dragon Bridge in Da Nang
29,da-nang-cafe-guide,danangtrip/blogs/da-nang-cafe-guide/blog-29__da-nang-cafe-guide__p01,downloaded:189675,"Where to find the best espresso, egg coffee, and coconut coffee in the city.",,29,https://images.pexels.com/photos/34347292/pexels-photo-34347292.jpeg?auto=compress&cs=tinysrgb&dpr=2&h=650&w=940,blog-29__da-nang-cafe-guide__p01__pexels-34347292.jpg,D:\DATN\DATN_Tài liệu\data-center\media-assets\cloudinary-staging\blogs\2026-06-05-blog-missing-featured-image\originals\blog-29__da-nang-cafe-guide__p01__pexels-34347292.jpg,29,da-nang-cafe-guide,34347292,1,Nhà văn,https://www.pexels.com/@nhavan,pexels,https://www.pexels.com/photo/stylish-vietnamese-coffee-and-plant-on-cafe-table-34347292/,Da Nang’s Best Cafes: A Specialty Coffee Lover’s Guide Da Nang Vietnam,da-nang-cafe-guide,downloaded,https://images.pexels.com/photos/34347292/pexels-photo-34347292.jpeg?auto=compress&cs=tinysrgb&h=350,Da Nang’s Best Cafes: A Specialty Coffee Lover’s Guide
30,ba-na-hills-golden-bridge-guide,danangtrip/blogs/ba-na-hills-golden-bridge-guide/blog-30__ba-na-hills-golden-bridge-guide__p01,downloaded:266312,Everything you need to plan your day at the famous mountain resort.,,30,https://images.pexels.com/photos/28297410/pexels-photo-28297410.jpeg?auto=compress&cs=tinysrgb&dpr=2&h=650&w=940,blog-30__ba-na-hills-golden-bridge-guide__p01__pexels-28297410.jpg,D:\DATN\DATN_Tài liệu\data-center\media-assets\cloudinary-staging\blogs\2026-06-05-blog-missing-featured-image\originals\blog-30__ba-na-hills-golden-bridge-guide__p01__pexels-28297410.jpg,30,ba-na-hills-golden-bridge-guide,28297410,1,Pham Ngoc Anh,https://www.pexels.com/@pham-ngoc-anh-170983008,pexels,https://www.pexels.com/photo/a-view-of-a-castle-in-the-fog-28297410/,Ba Na Hills Vietnam,ba-na-hills-golden-bridge-guide,downloaded,https://images.pexels.com/photos/28297410/pexels-photo-28297410.jpeg?auto=compress&cs=tinysrgb&h=350,The Ultimate Guide to Visiting Ba Na Hills & The Golden Bridge
31,marble-mountains-guide,danangtrip/blogs/marble-mountains-guide/blog-31__marble-mountains-guide__p01,downloaded:426819,What to see and how to prepare for your climb through the caves and pagodas.,,31,https://images.pexels.com/photos/15747058/pexels-photo-15747058.jpeg?auto=compress&cs=tinysrgb&dpr=2&h=650&w=940,blog-31__marble-mountains-guide__p01__pexels-15747058.jpg,D:\DATN\DATN_Tài liệu\data-center\media-assets\cloudinary-staging\blogs\2026-06-05-blog-missing-featured-image\originals\blog-31__marble-mountains-guide__p01__pexels-15747058.jpg,31,marble-mountains-guide,15747058,1,Vincent Liew,https://www.pexels.com/@vincent-liew-471586480,pexels,https://www.pexels.com/photo/view-from-the-marble-mountains-da-nang-vietnam-15747058/,Scaling the Mystical Marble Mountains: A Practical Guide Da Nang Vietnam,marble-mountains-guide,downloaded,https://images.pexels.com/photos/15747058/pexels-photo-15747058.jpeg?auto=compress&cs=tinysrgb&h=350,Scaling the Mystical Marble Mountains: A Practical Guide
32,da-nang-travel-base,danangtrip/blogs/da-nang-travel-base/blog-32__da-nang-travel-base__p01,downloaded:245719,Reasons why staying in Da Nang makes exploring the region easier.,,32,https://images.pexels.com/photos/26550067/pexels-photo-26550067.jpeg?auto=compress&cs=tinysrgb&dpr=2&h=650&w=940,blog-32__da-nang-travel-base__p01__pexels-26550067.jpg,D:\DATN\DATN_Tài liệu\data-center\media-assets\cloudinary-staging\blogs\2026-06-05-blog-missing-featured-image\originals\blog-32__da-nang-travel-base__p01__pexels-26550067.jpg,32,da-nang-travel-base,26550067,1,Pragyan Bezbaruah,https://www.pexels.com/@pragyanbezbo,pexels,https://www.pexels.com/photo/da-nang-city-name-at-beach-26550067/,Why Da Nang is the Perfect Base for Your Central Vietnam Trip Da Nang Vietnam,da-nang-travel-base,downloaded,https://images.pexels.com/photos/26550067/pexels-photo-26550067.jpeg?auto=compress&cs=tinysrgb&h=350,Why Da Nang is the Perfect Base for Your Central Vietnam Trip
33,da-nang-nightlife-guide,danangtrip/blogs/da-nang-nightlife-guide/blog-33__da-nang-nightlife-guide__p01,downloaded:186063,Where to party and enjoy the best views of the city skyline.,,33,https://images.pexels.com/photos/2133425/pexels-photo-2133425.jpeg?auto=compress&cs=tinysrgb&dpr=2&h=650&w=940,blog-33__da-nang-nightlife-guide__p01__pexels-2133425.jpg,D:\DATN\DATN_Tài liệu\data-center\media-assets\cloudinary-staging\blogs\2026-06-05-blog-missing-featured-image\originals\blog-33__da-nang-nightlife-guide__p01__pexels-2133425.jpg,33,da-nang-nightlife-guide,2133425,1,Quang Nguyen Vinh,https://www.pexels.com/@quang-nguyen-vinh-222549,pexels,https://www.pexels.com/photo/cityscape-during-nighttime-2133425/,The Best Nightlife and Rooftop Bars in Da Nang Da Nang Vietnam,da-nang-nightlife-guide,downloaded,https://images.pexels.com/photos/2133425/pexels-photo-2133425.jpeg?auto=compress&cs=tinysrgb&h=350,The Best Nightlife and Rooftop Bars in Da Nang
34,da-nang-food-tour,danangtrip/blogs/da-nang-food-tour/blog-34__da-nang-food-tour__p01,downloaded:423466,"Discover the local favorites, from Mi Quang to seafood markets.",,34,https://images.pexels.com/photos/33970485/pexels-photo-33970485.jpeg?auto=compress&cs=tinysrgb&dpr=2&h=650&w=940,blog-34__da-nang-food-tour__p01__pexels-33970485.jpg,D:\DATN\DATN_Tài liệu\data-center\media-assets\cloudinary-staging\blogs\2026-06-05-blog-missing-featured-image\originals\blog-34__da-nang-food-tour__p01__pexels-33970485.jpg,34,da-nang-food-tour,33970485,1,Kirandeep Singh Walia,https://www.pexels.com/@kirandeepsingh,pexels,https://www.pexels.com/photo/bustling-meat-market-scene-in-da-nang-vietnam-33970485/,Da Nang Vietnamese food,da-nang-food-tour,downloaded,https://images.pexels.com/photos/33970485/pexels-photo-33970485.jpeg?auto=compress&cs=tinysrgb&h=350,A Foodie’s Tour of Da Nang: Beyond the Tourists
35,da-nang-weekend-itinerary,danangtrip/blogs/da-nang-weekend-itinerary/blog-35__da-nang-weekend-itinerary__p01,downloaded:245719,A 48-hour itinerary for a quick getaway to the beach and beyond.,,35,https://images.pexels.com/photos/26550067/pexels-photo-26550067.jpeg?auto=compress&cs=tinysrgb&dpr=2&h=650&w=940,blog-35__da-nang-weekend-itinerary__p01__pexels-26550067.jpg,D:\DATN\DATN_Tài liệu\data-center\media-assets\cloudinary-staging\blogs\2026-06-05-blog-missing-featured-image\originals\blog-35__da-nang-weekend-itinerary__p01__pexels-26550067.jpg,35,da-nang-weekend-itinerary,26550067,1,Pragyan Bezbaruah,https://www.pexels.com/@pragyanbezbo,pexels,https://www.pexels.com/photo/da-nang-city-name-at-beach-26550067/,Da Nang beach Vietnam,da-nang-weekend-itinerary,downloaded,https://images.pexels.com/photos/26550067/pexels-photo-26550067.jpeg?auto=compress&cs=tinysrgb&h=350,How to Spend a Perfect Weekend in Da Nang
36,son-tra-peninsula-guide,danangtrip/blogs/son-tra-peninsula-guide/blog-36__son-tra-peninsula-guide__p01,downloaded:337100,"A guide to the ""Monkey Mountain"" and its stunning natural beauty.",,36,https://images.pexels.com/photos/20563034/pexels-photo-20563034.jpeg?auto=compress&cs=tinysrgb&dpr=2&h=650&w=940,blog-36__son-tra-peninsula-guide__p01__pexels-20563034.jpg,D:\DATN\DATN_Tài liệu\data-center\media-assets\cloudinary-staging\blogs\2026-06-05-blog-missing-featured-image\originals\blog-36__son-tra-peninsula-guide__p01__pexels-20563034.jpg,36,son-tra-peninsula-guide,20563034,1,Kirandeep Singh Walia,https://www.pexels.com/@kirandeepsingh,pexels,https://www.pexels.com/photo/a-city-by-a-sea-20563034/,Son Tra Da Nang Vietnam,son-tra-peninsula-guide,downloaded,https://images.pexels.com/photos/20563034/pexels-photo-20563034.jpeg?auto=compress&cs=tinysrgb&h=350,Exploring the Son Tra Peninsula: Views and Temples
37,da-nang-digital-nomad-guide,danangtrip/blogs/da-nang-digital-nomad-guide/blog-37__da-nang-digital-nomad-guide__p01,downloaded:256604,Why more remote workers are choosing Da Nang as their temporary home.,,37,https://images.pexels.com/photos/1006105/pexels-photo-1006105.jpeg?auto=compress&cs=tinysrgb&dpr=2&h=650&w=940,blog-37__da-nang-digital-nomad-guide__p01__pexels-1006105.jpg,D:\DATN\DATN_Tài liệu\data-center\media-assets\cloudinary-staging\blogs\2026-06-05-blog-missing-featured-image\originals\blog-37__da-nang-digital-nomad-guide__p01__pexels-1006105.jpg,37,da-nang-digital-nomad-guide,1006105,1,Min An,https://www.pexels.com/@minan1398,pexels,https://www.pexels.com/photo/person-wearing-black-jeans-and-white-sneakers-1006105/,Da Nang for Digital Nomads: Co-working Spaces and Lifestyle Da Nang Vietnam,da-nang-digital-nomad-guide,downloaded,https://images.pexels.com/photos/1006105/pexels-photo-1006105.jpeg?auto=compress&cs=tinysrgb&h=350,Da Nang for Digital Nomads: Co-working Spaces and Lifestyle
38,da-nang-wellness-guide,danangtrip/blogs/da-nang-wellness-guide/blog-38__da-nang-wellness-guide__p01,downloaded:158175,"The top places for a massage, yoga, and total relaxation.",,38,https://images.pexels.com/photos/28226576/pexels-photo-28226576.png?auto=compress&cs=tinysrgb&dpr=2&h=650&w=940,blog-38__da-nang-wellness-guide__p01__pexels-28226576.jpg,D:\DATN\DATN_Tài liệu\data-center\media-assets\cloudinary-staging\blogs\2026-06-05-blog-missing-featured-image\originals\blog-38__da-nang-wellness-guide__p01__pexels-28226576.jpg,38,da-nang-wellness-guide,28226576,1,Tran Tran,https://www.pexels.com/@ola88,pexels,https://www.pexels.com/photo/danang-vietnam-28226576/,Relaxing in Da Nang: Best Spas and Wellness Retreats Da Nang Vietnam,da-nang-wellness-guide,downloaded,https://images.pexels.com/photos/28226576/pexels-photo-28226576.png?auto=compress&cs=tinysrgb&h=350,Relaxing in Da Nang: Best Spas and Wellness Retreats
39,luxury-hotels-da-nang,danangtrip/blogs/luxury-hotels-da-nang/blog-39__luxury-hotels-da-nang__p01,downloaded:492934,A look at the high-end accommodations along the Non Nuoc coastline.,,39,https://images.pexels.com/photos/6875472/pexels-photo-6875472.jpeg?auto=compress&cs=tinysrgb&dpr=2&h=650&w=940,blog-39__luxury-hotels-da-nang__p01__pexels-6875472.jpg,D:\DATN\DATN_Tài liệu\data-center\media-assets\cloudinary-staging\blogs\2026-06-05-blog-missing-featured-image\originals\blog-39__luxury-hotels-da-nang__p01__pexels-6875472.jpg,39,luxury-hotels-da-nang,6875472,1,Quang Nguyen Vinh,https://www.pexels.com/@quang-nguyen-vinh-222549,pexels,https://www.pexels.com/photo/aerial-view-of-city-buildings-near-the-ocean-6875472/,The Best Luxury Hotels and Resorts in Da Nang Da Nang Vietnam,luxury-hotels-da-nang,downloaded,https://images.pexels.com/photos/6875472/pexels-photo-6875472.jpeg?auto=compress&cs=tinysrgb&h=350,The Best Luxury Hotels and Resorts in Da Nang
40,da-nang-family-travel-guide,danangtrip/blogs/da-nang-family-travel-guide/blog-40__da-nang-family-travel-guide__p01,downloaded:245719,"The best spots for families, from water parks to beaches.",,40,https://images.pexels.com/photos/26550067/pexels-photo-26550067.jpeg?auto=compress&cs=tinysrgb&dpr=2&h=650&w=940,blog-40__da-nang-family-travel-guide__p01__pexels-26550067.jpg,D:\DATN\DATN_Tài liệu\data-center\media-assets\cloudinary-staging\blogs\2026-06-05-blog-missing-featured-image\originals\blog-40__da-nang-family-travel-guide__p01__pexels-26550067.jpg,40,da-nang-family-travel-guide,26550067,1,Pragyan Bezbaruah,https://www.pexels.com/@pragyanbezbo,pexels,https://www.pexels.com/photo/da-nang-city-name-at-beach-26550067/,Da Nang beach Vietnam,da-nang-family-travel-guide,downloaded,https://images.pexels.com/photos/26550067/pexels-photo-26550067.jpeg?auto=compress&cs=tinysrgb&h=350,Da Nang with Kids: Family-Friendly Activities
41,surfing-da-nang-guide,danangtrip/blogs/surfing-da-nang-guide/blog-41__surfing-da-nang-guide__p01,downloaded:229767,A guide to the best seasons and spots for surfing in Da Nang.,,41,https://images.pexels.com/photos/14021693/pexels-photo-14021693.jpeg?auto=compress&cs=tinysrgb&dpr=2&h=650&w=940,blog-41__surfing-da-nang-guide__p01__pexels-14021693.jpg,D:\DATN\DATN_Tài liệu\data-center\media-assets\cloudinary-staging\blogs\2026-06-05-blog-missing-featured-image\originals\blog-41__surfing-da-nang-guide__p01__pexels-14021693.jpg,41,surfing-da-nang-guide,14021693,1,Quang Nguyen Vinh,https://www.pexels.com/@quang-nguyen-vinh-222549,pexels,https://www.pexels.com/photo/people-with-sup-boards-at-seashore-14021693/,Surfing and Water Sports in Da Nang: What You Need to Know Da Nang Vietnam,surfing-da-nang-guide,downloaded,https://images.pexels.com/photos/14021693/pexels-photo-14021693.jpeg?auto=compress&cs=tinysrgb&h=350,Surfing and Water Sports in Da Nang: What You Need to Know
42,hue-imperial-history,danangtrip/blogs/hue-imperial-history/blog-42__hue-imperial-history__p01,downloaded:492892,A journey through the history and heritage of the former royal capital.,,42,https://images.pexels.com/photos/27418878/pexels-photo-27418878.jpeg?auto=compress&cs=tinysrgb&dpr=2&h=650&w=940,blog-42__hue-imperial-history__p01__pexels-27418878.jpg,D:\DATN\DATN_Tài liệu\data-center\media-assets\cloudinary-staging\blogs\2026-06-05-blog-missing-featured-image\originals\blog-42__hue-imperial-history__p01__pexels-27418878.jpg,42,hue-imperial-history,27418878,1,Vietnam Tri Duong Photographer,https://www.pexels.com/@triduhi-youtuber,pexels,https://www.pexels.com/photo/kinh-thanh-hu-vi-t-nam-27418878/,Hue Vietnam travel,hue-imperial-history,downloaded,https://images.pexels.com/photos/27418878/pexels-photo-27418878.jpeg?auto=compress&cs=tinysrgb&h=350,Hue: A City Echoing Vietnam’s Imperial Past
43,hue-citadel-guide,danangtrip/blogs/hue-citadel-guide/blog-43__hue-citadel-guide__p01,downloaded:492892,Tips for visiting the massive palace complex and its history.,,43,https://images.pexels.com/photos/27418878/pexels-photo-27418878.jpeg?auto=compress&cs=tinysrgb&dpr=2&h=650&w=940,blog-43__hue-citadel-guide__p01__pexels-27418878.jpg,D:\DATN\DATN_Tài liệu\data-center\media-assets\cloudinary-staging\blogs\2026-06-05-blog-missing-featured-image\originals\blog-43__hue-citadel-guide__p01__pexels-27418878.jpg,43,hue-citadel-guide,27418878,1,Vietnam Tri Duong Photographer,https://www.pexels.com/@triduhi-youtuber,pexels,https://www.pexels.com/photo/kinh-thanh-hu-vi-t-nam-27418878/,Hue Vietnam travel,hue-citadel-guide,downloaded,https://images.pexels.com/photos/27418878/pexels-photo-27418878.jpeg?auto=compress&cs=tinysrgb&h=350,A Guide to Exploring the Imperial City and Citadel in Hue
44,hue-royal-tombs-guide,danangtrip/blogs/hue-royal-tombs-guide/blog-44__hue-royal-tombs-guide__p01,downloaded:492892,A guide to the unique architecture and stories of the emperors’ tombs.,,44,https://images.pexels.com/photos/27418878/pexels-photo-27418878.jpeg?auto=compress&cs=tinysrgb&dpr=2&h=650&w=940,blog-44__hue-royal-tombs-guide__p01__pexels-27418878.jpg,D:\DATN\DATN_Tài liệu\data-center\media-assets\cloudinary-staging\blogs\2026-06-05-blog-missing-featured-image\originals\blog-44__hue-royal-tombs-guide__p01__pexels-27418878.jpg,44,hue-royal-tombs-guide,27418878,1,Vietnam Tri Duong Photographer,https://www.pexels.com/@triduhi-youtuber,pexels,https://www.pexels.com/photo/kinh-thanh-hu-vi-t-nam-27418878/,Hue Vietnam travel,hue-royal-tombs-guide,downloaded,https://images.pexels.com/photos/27418878/pexels-photo-27418878.jpeg?auto=compress&cs=tinysrgb&h=350,Discovering the Magnificent Royal Tombs of Hue
45,perfume-river-guide,danangtrip/blogs/perfume-river-guide/blog-45__perfume-river-guide__p01,downloaded:492892,What to see along the banks of Hue’s famous river.,,45,https://images.pexels.com/photos/27418878/pexels-photo-27418878.jpeg?auto=compress&cs=tinysrgb&dpr=2&h=650&w=940,blog-45__perfume-river-guide__p01__pexels-27418878.jpg,D:\DATN\DATN_Tài liệu\data-center\media-assets\cloudinary-staging\blogs\2026-06-05-blog-missing-featured-image\originals\blog-45__perfume-river-guide__p01__pexels-27418878.jpg,45,perfume-river-guide,27418878,1,Vietnam Tri Duong Photographer,https://www.pexels.com/@triduhi-youtuber,pexels,https://www.pexels.com/photo/kinh-thanh-hu-vi-t-nam-27418878/,Hue Vietnam travel,perfume-river-guide,downloaded,https://images.pexels.com/photos/27418878/pexels-photo-27418878.jpeg?auto=compress&cs=tinysrgb&h=350,A Walk Along the Perfume River: Hue’s Most Iconic Sights
46,hue-culinary-capital,danangtrip/blogs/hue-culinary-capital/blog-46__hue-culinary-capital__p01,downloaded:492892,Discover the refined and diverse flavors of Hue’s royal and street food.,,46,https://images.pexels.com/photos/27418878/pexels-photo-27418878.jpeg?auto=compress&cs=tinysrgb&dpr=2&h=650&w=940,blog-46__hue-culinary-capital__p01__pexels-27418878.jpg,D:\DATN\DATN_Tài liệu\data-center\media-assets\cloudinary-staging\blogs\2026-06-05-blog-missing-featured-image\originals\blog-46__hue-culinary-capital__p01__pexels-27418878.jpg,46,hue-culinary-capital,27418878,1,Vietnam Tri Duong Photographer,https://www.pexels.com/@triduhi-youtuber,pexels,https://www.pexels.com/photo/kinh-thanh-hu-vi-t-nam-27418878/,Hue Vietnam travel,hue-culinary-capital,downloaded,https://images.pexels.com/photos/27418878/pexels-photo-27418878.jpeg?auto=compress&cs=tinysrgb&h=350,Why Hue is the Culinary Capital of Vietnam
47,bun-bo-hue-story,danangtrip/blogs/bun-bo-hue-story/blog-47__bun-bo-hue-story__p01,downloaded:492892,A deep dive into the history and ingredients of Hue’s most famous dish.,,47,https://images.pexels.com/photos/27418878/pexels-photo-27418878.jpeg?auto=compress&cs=tinysrgb&dpr=2&h=650&w=940,blog-47__bun-bo-hue-story__p01__pexels-27418878.jpg,D:\DATN\DATN_Tài liệu\data-center\media-assets\cloudinary-staging\blogs\2026-06-05-blog-missing-featured-image\originals\blog-47__bun-bo-hue-story__p01__pexels-27418878.jpg,47,bun-bo-hue-story,27418878,1,Vietnam Tri Duong Photographer,https://www.pexels.com/@triduhi-youtuber,pexels,https://www.pexels.com/photo/kinh-thanh-hu-vi-t-nam-27418878/,Hue Vietnam travel,bun-bo-hue-story,downloaded,https://images.pexels.com/photos/27418878/pexels-photo-27418878.jpeg?auto=compress&cs=tinysrgb&h=350,Bún Bò Huế: The Story Behind Vietnam’s Famous Noodle Soup
48,thien-mu-pagoda-guide,danangtrip/blogs/thien-mu-pagoda-guide/blog-48__thien-mu-pagoda-guide__p01,downloaded:492892,The history and significance of Hue’s most famous Buddhist temple.,,48,https://images.pexels.com/photos/27418878/pexels-photo-27418878.jpeg?auto=compress&cs=tinysrgb&dpr=2&h=650&w=940,blog-48__thien-mu-pagoda-guide__p01__pexels-27418878.jpg,D:\DATN\DATN_Tài liệu\data-center\media-assets\cloudinary-staging\blogs\2026-06-05-blog-missing-featured-image\originals\blog-48__thien-mu-pagoda-guide__p01__pexels-27418878.jpg,48,thien-mu-pagoda-guide,27418878,1,Vietnam Tri Duong Photographer,https://www.pexels.com/@triduhi-youtuber,pexels,https://www.pexels.com/photo/kinh-thanh-hu-vi-t-nam-27418878/,Hue Vietnam travel,thien-mu-pagoda-guide,downloaded,https://images.pexels.com/photos/27418878/pexels-photo-27418878.jpeg?auto=compress&cs=tinysrgb&h=350,Visiting Thien Mu Pagoda: An Iconic Hue Landmark
49,hue-cafe-tea-guide,danangtrip/blogs/hue-cafe-tea-guide/blog-49__hue-cafe-tea-guide__p01,downloaded:492892,Where to find quiet spots and traditional Vietnamese tea in the city.,,49,https://images.pexels.com/photos/27418878/pexels-photo-27418878.jpeg?auto=compress&cs=tinysrgb&dpr=2&h=650&w=940,blog-49__hue-cafe-tea-guide__p01__pexels-27418878.jpg,D:\DATN\DATN_Tài liệu\data-center\media-assets\cloudinary-staging\blogs\2026-06-05-blog-missing-featured-image\originals\blog-49__hue-cafe-tea-guide__p01__pexels-27418878.jpg,49,hue-cafe-tea-guide,27418878,1,Vietnam Tri Duong Photographer,https://www.pexels.com/@triduhi-youtuber,pexels,https://www.pexels.com/photo/kinh-thanh-hu-vi-t-nam-27418878/,Hue Vietnam travel,hue-cafe-tea-guide,downloaded,https://images.pexels.com/photos/27418878/pexels-photo-27418878.jpeg?auto=compress&cs=tinysrgb&h=350,Hue’s Best Hidden Cafes and Local Tea Houses
50,2-days-in-hue-itinerary,danangtrip/blogs/2-days-in-hue-itinerary/blog-50__2-days-in-hue-itinerary__p01,downloaded:492892,"A 48-hour plan to see the citadel, tombs, and experience the local food.",,50,https://images.pexels.com/photos/27418878/pexels-photo-27418878.jpeg?auto=compress&cs=tinysrgb&dpr=2&h=650&w=940,blog-50__2-days-in-hue-itinerary__p01__pexels-27418878.jpg,D:\DATN\DATN_Tài liệu\data-center\media-assets\cloudinary-staging\blogs\2026-06-05-blog-missing-featured-image\originals\blog-50__2-days-in-hue-itinerary__p01__pexels-27418878.jpg,50,2-days-in-hue-itinerary,27418878,1,Vietnam Tri Duong Photographer,https://www.pexels.com/@triduhi-youtuber,pexels,https://www.pexels.com/photo/kinh-thanh-hu-vi-t-nam-27418878/,Hue Vietnam travel,2-days-in-hue-itinerary,downloaded,https://images.pexels.com/photos/27418878/pexels-photo-27418878.jpeg?auto=compress&cs=tinysrgb&h=350,How to Spend 2 Days in the Imperial City of Hue
51,hue-historical-significance,danangtrip/blogs/hue-historical-significance/blog-51__hue-historical-significance__p01,downloaded:492892,A look at the events that shaped Hue into the city it is today.,,51,https://images.pexels.com/photos/27418878/pexels-photo-27418878.jpeg?auto=compress&cs=tinysrgb&dpr=2&h=650&w=940,blog-51__hue-historical-significance__p01__pexels-27418878.jpg,D:\DATN\DATN_Tài liệu\data-center\media-assets\cloudinary-staging\blogs\2026-06-05-blog-missing-featured-image\originals\blog-51__hue-historical-significance__p01__pexels-27418878.jpg,51,hue-historical-significance,27418878,1,Vietnam Tri Duong Photographer,https://www.pexels.com/@triduhi-youtuber,pexels,https://www.pexels.com/photo/kinh-thanh-hu-vi-t-nam-27418878/,Hue Vietnam travel,hue-historical-significance,downloaded,https://images.pexels.com/photos/27418878/pexels-photo-27418878.jpeg?auto=compress&cs=tinysrgb&h=350,A Historical Deep Dive: Understanding Hue’s Role in Vietnam’s Past
52,hue-garden-houses-guide,danangtrip/blogs/hue-garden-houses-guide/blog-52__hue-garden-houses-guide__p01,downloaded:492892,"Explore the unique ""nha vuon"" and their cultural importance.",,52,https://images.pexels.com/photos/27418878/pexels-photo-27418878.jpeg?auto=compress&cs=tinysrgb&dpr=2&h=650&w=940,blog-52__hue-garden-houses-guide__p01__pexels-27418878.jpg,D:\DATN\DATN_Tài liệu\data-center\media-assets\cloudinary-staging\blogs\2026-06-05-blog-missing-featured-image\originals\blog-52__hue-garden-houses-guide__p01__pexels-27418878.jpg,52,hue-garden-houses-guide,27418878,1,Vietnam Tri Duong Photographer,https://www.pexels.com/@triduhi-youtuber,pexels,https://www.pexels.com/photo/kinh-thanh-hu-vi-t-nam-27418878/,Hue Vietnam travel,hue-garden-houses-guide,downloaded,https://images.pexels.com/photos/27418878/pexels-photo-27418878.jpeg?auto=compress&cs=tinysrgb&h=350,Garden Houses of Hue: A Taste of Royal Architecture
53,hue-history-tour-itinerary,danangtrip/blogs/hue-history-tour-itinerary/blog-53__hue-history-tour-itinerary__p01,downloaded:492892,A specialized itinerary focusing on the historical and archaeological sites.,,53,https://images.pexels.com/photos/27418878/pexels-photo-27418878.jpeg?auto=compress&cs=tinysrgb&dpr=2&h=650&w=940,blog-53__hue-history-tour-itinerary__p01__pexels-27418878.jpg,D:\DATN\DATN_Tài liệu\data-center\media-assets\cloudinary-staging\blogs\2026-06-05-blog-missing-featured-image\originals\blog-53__hue-history-tour-itinerary__p01__pexels-27418878.jpg,53,hue-history-tour-itinerary,27418878,1,Vietnam Tri Duong Photographer,https://www.pexels.com/@triduhi-youtuber,pexels,https://www.pexels.com/photo/kinh-thanh-hu-vi-t-nam-27418878/,Hue Vietnam travel,hue-history-tour-itinerary,downloaded,https://images.pexels.com/photos/27418878/pexels-photo-27418878.jpeg?auto=compress&cs=tinysrgb&h=350,Hue for History Buffs: Must-Visit Sites
54,rural-hue-guide,danangtrip/blogs/rural-hue-guide/blog-54__rural-hue-guide__p01,downloaded:492892,Exploring the villages and farms surrounding the city.,,54,https://images.pexels.com/photos/27418878/pexels-photo-27418878.jpeg?auto=compress&cs=tinysrgb&dpr=2&h=650&w=940,blog-54__rural-hue-guide__p01__pexels-27418878.jpg,D:\DATN\DATN_Tài liệu\data-center\media-assets\cloudinary-staging\blogs\2026-06-05-blog-missing-featured-image\originals\blog-54__rural-hue-guide__p01__pexels-27418878.jpg,54,rural-hue-guide,27418878,1,Vietnam Tri Duong Photographer,https://www.pexels.com/@triduhi-youtuber,pexels,https://www.pexels.com/photo/kinh-thanh-hu-vi-t-nam-27418878/,Hue Vietnam travel,rural-hue-guide,downloaded,https://images.pexels.com/photos/27418878/pexels-photo-27418878.jpeg?auto=compress&cs=tinysrgb&h=350,Beyond the Citadels: The Quiet Charm of Rural Hue
55,where-to-stay-hue-guide,danangtrip/blogs/where-to-stay-hue-guide/blog-55__where-to-stay-hue-guide__p01,downloaded:492892,Recommendations for hotels and guesthouses in the imperial city.,,55,https://images.pexels.com/photos/27418878/pexels-photo-27418878.jpeg?auto=compress&cs=tinysrgb&dpr=2&h=650&w=940,blog-55__where-to-stay-hue-guide__p01__pexels-27418878.jpg,D:\DATN\DATN_Tài liệu\data-center\media-assets\cloudinary-staging\blogs\2026-06-05-blog-missing-featured-image\originals\blog-55__where-to-stay-hue-guide__p01__pexels-27418878.jpg,55,where-to-stay-hue-guide,27418878,1,Vietnam Tri Duong Photographer,https://www.pexels.com/@triduhi-youtuber,pexels,https://www.pexels.com/photo/kinh-thanh-hu-vi-t-nam-27418878/,Hue Vietnam travel,where-to-stay-hue-guide,downloaded,https://images.pexels.com/photos/27418878/pexels-photo-27418878.jpeg?auto=compress&cs=tinysrgb&h=350,The Best Places to Stay in Hue for Every Budget
56,central-vietnam-food-bucket-list,danangtrip/blogs/central-vietnam-food-bucket-list/blog-56__central-vietnam-food-bucket-list__p01,downloaded:423466,50 dishes you must try while traveling through the region.,,56,https://images.pexels.com/photos/33970485/pexels-photo-33970485.jpeg?auto=compress&cs=tinysrgb&dpr=2&h=650&w=940,blog-56__central-vietnam-food-bucket-list__p01__pexels-33970485.jpg,D:\DATN\DATN_Tài liệu\data-center\media-assets\cloudinary-staging\blogs\2026-06-05-blog-missing-featured-image\originals\blog-56__central-vietnam-food-bucket-list__p01__pexels-33970485.jpg,56,central-vietnam-food-bucket-list,33970485,1,Kirandeep Singh Walia,https://www.pexels.com/@kirandeepsingh,pexels,https://www.pexels.com/photo/bustling-meat-market-scene-in-da-nang-vietnam-33970485/,Da Nang Vietnamese food,central-vietnam-food-bucket-list,downloaded,https://images.pexels.com/photos/33970485/pexels-photo-33970485.jpeg?auto=compress&cs=tinysrgb&h=350,The Ultimate Central Vietnam Food Bucket List
57,vietnam-coffee-culture-guide,danangtrip/blogs/vietnam-coffee-culture-guide/blog-57__vietnam-coffee-culture-guide__p01,downloaded:389442,Learn about the different types of coffee and the history of the drink in Vietnam.,,57,https://images.pexels.com/photos/30933135/pexels-photo-30933135.jpeg?auto=compress&cs=tinysrgb&dpr=2&h=650&w=940,blog-57__vietnam-coffee-culture-guide__p01__pexels-30933135.jpg,D:\DATN\DATN_Tài liệu\data-center\media-assets\cloudinary-staging\blogs\2026-06-05-blog-missing-featured-image\originals\blog-57__vietnam-coffee-culture-guide__p01__pexels-30933135.jpg,57,vietnam-coffee-culture-guide,30933135,1,Võ Văn Tiến,https://www.pexels.com/@vo-van-ti-n-2037497312,pexels,https://www.pexels.com/photo/traditional-scene-in-h-i-an-vietnam-s-ancient-town-30933135/,Hoi An Vietnam travel,vietnam-coffee-culture-guide,downloaded,https://images.pexels.com/photos/30933135/pexels-photo-30933135.jpeg?auto=compress&cs=tinysrgb&h=350,A Guide to Vietnam’s Coffee Culture: From Hanoi to Hoi An
58,my-quang-tasting-guide,danangtrip/blogs/my-quang-tasting-guide/blog-58__my-quang-tasting-guide__p01,downloaded:375366,The history and variations of the famous turmeric noodle soup.,,58,https://images.pexels.com/photos/33022451/pexels-photo-33022451.jpeg?auto=compress&cs=tinysrgb&dpr=2&h=650&w=940,blog-58__my-quang-tasting-guide__p01__pexels-33022451.jpg,D:\DATN\DATN_Tài liệu\data-center\media-assets\cloudinary-staging\blogs\2026-06-05-blog-missing-featured-image\originals\blog-58__my-quang-tasting-guide__p01__pexels-33022451.jpg,58,my-quang-tasting-guide,33022451,1,LUC PH@M,https://www.pexels.com/@peterpham,pexels,https://www.pexels.com/photo/delicious-mi-quang-noodles-in-hoi-an-33022451/,Tasting My Quang: The Signature Noodle Dish of Central Vietnam Da Nang Vietnam,my-quang-tasting-guide,downloaded,https://images.pexels.com/photos/33022451/pexels-photo-33022451.jpeg?auto=compress&cs=tinysrgb&h=350,Tasting My Quang: The Signature Noodle Dish of Central Vietnam
59,hoi-an-cooking-class-guide,danangtrip/blogs/hoi-an-cooking-class-guide/blog-59__hoi-an-cooking-class-guide__p01,downloaded:389442,A review of the best cooking classes and food tours in the ancient town.,,59,https://images.pexels.com/photos/30933135/pexels-photo-30933135.jpeg?auto=compress&cs=tinysrgb&dpr=2&h=650&w=940,blog-59__hoi-an-cooking-class-guide__p01__pexels-30933135.jpg,D:\DATN\DATN_Tài liệu\data-center\media-assets\cloudinary-staging\blogs\2026-06-05-blog-missing-featured-image\originals\blog-59__hoi-an-cooking-class-guide__p01__pexels-30933135.jpg,59,hoi-an-cooking-class-guide,30933135,1,Võ Văn Tiến,https://www.pexels.com/@vo-van-ti-n-2037497312,pexels,https://www.pexels.com/photo/traditional-scene-in-h-i-an-vietnam-s-ancient-town-30933135/,Hoi An Vietnam travel,hoi-an-cooking-class-guide,downloaded,https://images.pexels.com/photos/30933135/pexels-photo-30933135.jpeg?auto=compress&cs=tinysrgb&h=350,How to Cook Authentic Vietnamese Cuisine in Hoi An
60,where-to-eat-central-vietnam,danangtrip/blogs/where-to-eat-central-vietnam/blog-60__where-to-eat-central-vietnam__p01,downloaded:423466,A comparison of the dining experiences in the region.,,60,https://images.pexels.com/photos/33970485/pexels-photo-33970485.jpeg?auto=compress&cs=tinysrgb&dpr=2&h=650&w=940,blog-60__where-to-eat-central-vietnam__p01__pexels-33970485.jpg,D:\DATN\DATN_Tài liệu\data-center\media-assets\cloudinary-staging\blogs\2026-06-05-blog-missing-featured-image\originals\blog-60__where-to-eat-central-vietnam__p01__pexels-33970485.jpg,60,where-to-eat-central-vietnam,33970485,1,Kirandeep Singh Walia,https://www.pexels.com/@kirandeepsingh,pexels,https://www.pexels.com/photo/bustling-meat-market-scene-in-da-nang-vietnam-33970485/,Da Nang Vietnamese food,where-to-eat-central-vietnam,downloaded,https://images.pexels.com/photos/33970485/pexels-photo-33970485.jpeg?auto=compress&cs=tinysrgb&h=350,Street Food vs. Restaurants: Where to Eat in Central Vietnam
61,central-vietnam-markets-guide,danangtrip/blogs/central-vietnam-markets-guide/blog-61__central-vietnam-markets-guide__p01,downloaded:389442,"A guide to the bustling markets of Da Nang, Hoi An, and Hue.",,61,https://images.pexels.com/photos/30933135/pexels-photo-30933135.jpeg?auto=compress&cs=tinysrgb&dpr=2&h=650&w=940,blog-61__central-vietnam-markets-guide__p01__pexels-30933135.jpg,D:\DATN\DATN_Tài liệu\data-center\media-assets\cloudinary-staging\blogs\2026-06-05-blog-missing-featured-image\originals\blog-61__central-vietnam-markets-guide__p01__pexels-30933135.jpg,61,central-vietnam-markets-guide,30933135,1,Võ Văn Tiến,https://www.pexels.com/@vo-van-ti-n-2037497312,pexels,https://www.pexels.com/photo/traditional-scene-in-h-i-an-vietnam-s-ancient-town-30933135/,Hoi An Vietnam travel,central-vietnam-markets-guide,downloaded,https://images.pexels.com/photos/30933135/pexels-photo-30933135.jpeg?auto=compress&cs=tinysrgb&h=350,The Best Markets in Central Vietnam You Must Visit
62,fishing-village-tours-vietnam,danangtrip/blogs/fishing-village-tours-vietnam/blog-62__fishing-village-tours-vietnam__p01,downloaded:299850,Discover the traditional way of life in the coastal villages.,,62,https://images.pexels.com/photos/36105998/pexels-photo-36105998.jpeg?auto=compress&cs=tinysrgb&dpr=2&h=650&w=940,blog-62__fishing-village-tours-vietnam__p01__pexels-36105998.jpg,D:\DATN\DATN_Tài liệu\data-center\media-assets\cloudinary-staging\blogs\2026-06-05-blog-missing-featured-image\originals\blog-62__fishing-village-tours-vietnam__p01__pexels-36105998.jpg,62,fishing-village-tours-vietnam,36105998,1,G Y,https://www.pexels.com/@g-y-1696590236,pexels,https://www.pexels.com/photo/traditional-fisherman-at-work-in-da-n-ng-vietnam-36105998/,Experiencing the Local Life: Visiting Fishing Villages in Central Vietnam Da Nang Vietnam,fishing-village-tours-vietnam,downloaded,https://images.pexels.com/photos/36105998/pexels-photo-36105998.jpeg?auto=compress&cs=tinysrgb&h=350,Experiencing the Local Life: Visiting Fishing Villages in Central Vietnam
63,central-vietnam-crafts-guide,danangtrip/blogs/central-vietnam-crafts-guide/blog-63__central-vietnam-crafts-guide__p01,downloaded:248955,A look at the artisans keeping ancient traditions alive.,,63,https://images.pexels.com/photos/36886927/pexels-photo-36886927.jpeg?auto=compress&cs=tinysrgb&dpr=2&h=650&w=940,blog-63__central-vietnam-crafts-guide__p01__pexels-36886927.jpg,D:\DATN\DATN_Tài liệu\data-center\media-assets\cloudinary-staging\blogs\2026-06-05-blog-missing-featured-image\originals\blog-63__central-vietnam-crafts-guide__p01__pexels-36886927.jpg,63,central-vietnam-crafts-guide,36886927,1,Nhà văn,https://www.pexels.com/@nhavan,pexels,https://www.pexels.com/photo/traditional-vietnamese-masks-display-in-da-n-ng-36886927/,Understanding the Traditional Crafts of Central Vietnam Da Nang Vietnam,central-vietnam-crafts-guide,downloaded,https://images.pexels.com/photos/36886927/pexels-photo-36886927.jpeg?auto=compress&cs=tinysrgb&h=350,Understanding the Traditional Crafts of Central Vietnam
64,local-transportation-guide-vietnam,danangtrip/blogs/local-transportation-guide-vietnam/blog-64__local-transportation-guide-vietnam__p01,downloaded:378425,"Tips for using Grab, buses, and trains like a local.",,64,https://images.pexels.com/photos/37723173/pexels-photo-37723173.jpeg?auto=compress&cs=tinysrgb&dpr=2&h=650&w=940,blog-64__local-transportation-guide-vietnam__p01__pexels-37723173.jpg,D:\DATN\DATN_Tài liệu\data-center\media-assets\cloudinary-staging\blogs\2026-06-05-blog-missing-featured-image\originals\blog-64__local-transportation-guide-vietnam__p01__pexels-37723173.jpg,64,local-transportation-guide-vietnam,37723173,1,Valeria Drozdova,https://www.pexels.com/@valeria-drozdova-2148646707,pexels,https://www.pexels.com/photo/contemporary-urban-street-with-palm-trees-and-skyscrapers-37723173/,How to Navigate Local Transportation in Central Vietnam Da Nang Vietnam,local-transportation-guide-vietnam,downloaded,https://images.pexels.com/photos/37723173/pexels-photo-37723173.jpeg?auto=compress&cs=tinysrgb&h=350,How to Navigate Local Transportation in Central Vietnam
65,common-travel-mistakes-central-vietnam,danangtrip/blogs/common-travel-mistakes-central-vietnam/blog-65__common-travel-mistakes-central-vietnam__p01,downloaded:448711,Practical advice for a smooth and respectful trip.,,65,https://images.pexels.com/photos/14021725/pexels-photo-14021725.jpeg?auto=compress&cs=tinysrgb&dpr=2&h=650&w=940,blog-65__common-travel-mistakes-central-vietnam__p01__pexels-14021725.jpg,D:\DATN\DATN_Tài liệu\data-center\media-assets\cloudinary-staging\blogs\2026-06-05-blog-missing-featured-image\originals\blog-65__common-travel-mistakes-central-vietnam__p01__pexels-14021725.jpg,65,common-travel-mistakes-central-vietnam,14021725,1,Quang Nguyen Vinh,https://www.pexels.com/@quang-nguyen-vinh-222549,pexels,https://www.pexels.com/photo/people-standing-near-the-apec-park-14021725/,10 Mistakes to Avoid When Visiting Central Vietnam Da Nang Vietnam,common-travel-mistakes-central-vietnam,downloaded,https://images.pexels.com/photos/14021725/pexels-photo-14021725.jpeg?auto=compress&cs=tinysrgb&h=350,10 Mistakes to Avoid When Visiting Central Vietnam
66,central-vietnam-souvenir-guide,danangtrip/blogs/central-vietnam-souvenir-guide/blog-66__central-vietnam-souvenir-guide__p01,downloaded:389442,Unique and high-quality gifts to bring home from your trip.,,66,https://images.pexels.com/photos/30933135/pexels-photo-30933135.jpeg?auto=compress&cs=tinysrgb&dpr=2&h=650&w=940,blog-66__central-vietnam-souvenir-guide__p01__pexels-30933135.jpg,D:\DATN\DATN_Tài liệu\data-center\media-assets\cloudinary-staging\blogs\2026-06-05-blog-missing-featured-image\originals\blog-66__central-vietnam-souvenir-guide__p01__pexels-30933135.jpg,66,central-vietnam-souvenir-guide,30933135,1,Võ Văn Tiến,https://www.pexels.com/@vo-van-ti-n-2037497312,pexels,https://www.pexels.com/photo/traditional-scene-in-h-i-an-vietnam-s-ancient-town-30933135/,Hoi An Vietnam travel,central-vietnam-souvenir-guide,downloaded,https://images.pexels.com/photos/30933135/pexels-photo-30933135.jpeg?auto=compress&cs=tinysrgb&h=350,"Best Souvenirs to Buy in Da Nang, Hoi An, and Hue"
67,vietnamese-etiquette-for-travelers,danangtrip/blogs/vietnamese-etiquette-for-travelers/blog-67__vietnamese-etiquette-for-travelers__p01,downloaded:448882,Essential social rules to know before your trip to Central Vietnam.,,67,https://images.pexels.com/photos/34009126/pexels-photo-34009126.jpeg?auto=compress&cs=tinysrgb&dpr=2&h=650&w=940,blog-67__vietnamese-etiquette-for-travelers__p01__pexels-34009126.jpg,D:\DATN\DATN_Tài liệu\data-center\media-assets\cloudinary-staging\blogs\2026-06-05-blog-missing-featured-image\originals\blog-67__vietnamese-etiquette-for-travelers__p01__pexels-34009126.jpg,67,vietnamese-etiquette-for-travelers,34009126,1,Kirandeep Singh Walia,https://www.pexels.com/@kirandeepsingh,pexels,https://www.pexels.com/photo/bustling-han-market-in-da-nang-vietnam-34009126/,A Beginner’s Guide to Vietnamese Etiquette Da Nang Vietnam,vietnamese-etiquette-for-travelers,downloaded,https://images.pexels.com/photos/34009126/pexels-photo-34009126.jpeg?auto=compress&cs=tinysrgb&h=350,A Beginner’s Guide to Vietnamese Etiquette
68,travel-safety-guide-central-vietnam,danangtrip/blogs/travel-safety-guide-central-vietnam/blog-68__travel-safety-guide-central-vietnam__p01,downloaded:362856,"Practical safety tips for solo travelers, families, and couples.",,68,https://images.pexels.com/photos/36947721/pexels-photo-36947721.jpeg?auto=compress&cs=tinysrgb&dpr=2&h=650&w=940,blog-68__travel-safety-guide-central-vietnam__p01__pexels-36947721.jpg,D:\DATN\DATN_Tài liệu\data-center\media-assets\cloudinary-staging\blogs\2026-06-05-blog-missing-featured-image\originals\blog-68__travel-safety-guide-central-vietnam__p01__pexels-36947721.jpg,68,travel-safety-guide-central-vietnam,36947721,1,Cuong Nguyen Manh,https://www.pexels.com/@cuong-nguyen-manh-2157143550,pexels,https://www.pexels.com/photo/dragon-bridge-over-han-river-in-da-nang-vietnam-36947721/,Staying Safe While Traveling in Central Vietnam Da Nang Vietnam,travel-safety-guide-central-vietnam,downloaded,https://images.pexels.com/photos/36947721/pexels-photo-36947721.jpeg?auto=compress&cs=tinysrgb&h=350,Staying Safe While Traveling in Central Vietnam
69,best-time-to-visit-central-vietnam,danangtrip/blogs/best-time-to-visit-central-vietnam/blog-69__best-time-to-visit-central-vietnam__p01,downloaded:448711,A month-by-month breakdown of the weather and events in the region.,,69,https://images.pexels.com/photos/14021725/pexels-photo-14021725.jpeg?auto=compress&cs=tinysrgb&dpr=2&h=650&w=940,blog-69__best-time-to-visit-central-vietnam__p01__pexels-14021725.jpg,D:\DATN\DATN_Tài liệu\data-center\media-assets\cloudinary-staging\blogs\2026-06-05-blog-missing-featured-image\originals\blog-69__best-time-to-visit-central-vietnam__p01__pexels-14021725.jpg,69,best-time-to-visit-central-vietnam,14021725,1,Quang Nguyen Vinh,https://www.pexels.com/@quang-nguyen-vinh-222549,pexels,https://www.pexels.com/photo/people-standing-near-the-apec-park-14021725/,The Best Time to Visit Central Vietnam: Weather Guide Da Nang Vietnam,best-time-to-visit-central-vietnam,downloaded,https://images.pexels.com/photos/14021725/pexels-photo-14021725.jpeg?auto=compress&cs=tinysrgb&h=350,The Best Time to Visit Central Vietnam: Weather Guide
70,da-nang-airport-to-hoi-an-guide,danangtrip/blogs/da-nang-airport-to-hoi-an-guide/blog-70__da-nang-airport-to-hoi-an-guide__p01,downloaded:389442,The most reliable and cost-effective ways to make the transfer.,,70,https://images.pexels.com/photos/30933135/pexels-photo-30933135.jpeg?auto=compress&cs=tinysrgb&dpr=2&h=650&w=940,blog-70__da-nang-airport-to-hoi-an-guide__p01__pexels-30933135.jpg,D:\DATN\DATN_Tài liệu\data-center\media-assets\cloudinary-staging\blogs\2026-06-05-blog-missing-featured-image\originals\blog-70__da-nang-airport-to-hoi-an-guide__p01__pexels-30933135.jpg,70,da-nang-airport-to-hoi-an-guide,30933135,1,Võ Văn Tiến,https://www.pexels.com/@vo-van-ti-n-2037497312,pexels,https://www.pexels.com/photo/traditional-scene-in-h-i-an-vietnam-s-ancient-town-30933135/,Hoi An Vietnam travel,da-nang-airport-to-hoi-an-guide,downloaded,https://images.pexels.com/photos/30933135/pexels-photo-30933135.jpeg?auto=compress&cs=tinysrgb&h=350,How to Get from Da Nang Airport to Hoi An (And Avoid Scams)
71,hai-van-pass-travel-guide,danangtrip/blogs/hai-van-pass-travel-guide/blog-71__hai-van-pass-travel-guide__p01,downloaded:300827,A guide to one of the most beautiful coastal drives in the world.,,71,https://images.pexels.com/photos/14024082/pexels-photo-14024082.jpeg?auto=compress&cs=tinysrgb&dpr=2&h=650&w=940,blog-71__hai-van-pass-travel-guide__p01__pexels-14024082.jpg,D:\DATN\DATN_Tài liệu\data-center\media-assets\cloudinary-staging\blogs\2026-06-05-blog-missing-featured-image\originals\blog-71__hai-van-pass-travel-guide__p01__pexels-14024082.jpg,71,hai-van-pass-travel-guide,14024082,1,Quang Nguyen Vinh,https://www.pexels.com/@quang-nguyen-vinh-222549,pexels,https://www.pexels.com/photo/green-mountains-under-blue-sky-14024082/,The Best Way to Experience the Hai Van Pass (By Motorbike or Car) Da Nang Vietnam,hai-van-pass-travel-guide,downloaded,https://images.pexels.com/photos/14024082/pexels-photo-14024082.jpeg?auto=compress&cs=tinysrgb&h=350,The Best Way to Experience the Hai Van Pass (By Motorbike or Car)
72,3-days-in-da-nang-itinerary,danangtrip/blogs/3-days-in-da-nang-itinerary/blog-72__3-days-in-da-nang-itinerary__p01,downloaded:245719,How to spend 72 hours in Vietnam’s most modern coastal city.,,72,https://images.pexels.com/photos/26550067/pexels-photo-26550067.jpeg?auto=compress&cs=tinysrgb&dpr=2&h=650&w=940,blog-72__3-days-in-da-nang-itinerary__p01__pexels-26550067.jpg,D:\DATN\DATN_Tài liệu\data-center\media-assets\cloudinary-staging\blogs\2026-06-05-blog-missing-featured-image\originals\blog-72__3-days-in-da-nang-itinerary__p01__pexels-26550067.jpg,72,3-days-in-da-nang-itinerary,26550067,1,Pragyan Bezbaruah,https://www.pexels.com/@pragyanbezbo,pexels,https://www.pexels.com/photo/da-nang-city-name-at-beach-26550067/,3 Days in Da Nang: The Perfect Itinerary Da Nang Vietnam,3-days-in-da-nang-itinerary,downloaded,https://images.pexels.com/photos/26550067/pexels-photo-26550067.jpeg?auto=compress&cs=tinysrgb&h=350,3 Days in Da Nang: The Perfect Itinerary
73,2-days-in-hoi-an-itinerary,danangtrip/blogs/2-days-in-hoi-an-itinerary/blog-73__2-days-in-hoi-an-itinerary__p01,downloaded:389442,A complete guide to the best of the ancient town in two days.,,73,https://images.pexels.com/photos/30933135/pexels-photo-30933135.jpeg?auto=compress&cs=tinysrgb&dpr=2&h=650&w=940,blog-73__2-days-in-hoi-an-itinerary__p01__pexels-30933135.jpg,D:\DATN\DATN_Tài liệu\data-center\media-assets\cloudinary-staging\blogs\2026-06-05-blog-missing-featured-image\originals\blog-73__2-days-in-hoi-an-itinerary__p01__pexels-30933135.jpg,73,2-days-in-hoi-an-itinerary,30933135,1,Võ Văn Tiến,https://www.pexels.com/@vo-van-ti-n-2037497312,pexels,https://www.pexels.com/photo/traditional-scene-in-h-i-an-vietnam-s-ancient-town-30933135/,Hoi An Vietnam travel,2-days-in-hoi-an-itinerary,downloaded,https://images.pexels.com/photos/30933135/pexels-photo-30933135.jpeg?auto=compress&cs=tinysrgb&h=350,2 Days in Hoi An: The Perfect Itinerary
74,2-days-in-hue-itinerary-guide,danangtrip/blogs/2-days-in-hue-itinerary-guide/blog-74__2-days-in-hue-itinerary-guide__p01,downloaded:492892,See the best of the imperial city in just 48 hours.,,74,https://images.pexels.com/photos/27418878/pexels-photo-27418878.jpeg?auto=compress&cs=tinysrgb&dpr=2&h=650&w=940,blog-74__2-days-in-hue-itinerary-guide__p01__pexels-27418878.jpg,D:\DATN\DATN_Tài liệu\data-center\media-assets\cloudinary-staging\blogs\2026-06-05-blog-missing-featured-image\originals\blog-74__2-days-in-hue-itinerary-guide__p01__pexels-27418878.jpg,74,2-days-in-hue-itinerary-guide,27418878,1,Vietnam Tri Duong Photographer,https://www.pexels.com/@triduhi-youtuber,pexels,https://www.pexels.com/photo/kinh-thanh-hu-vi-t-nam-27418878/,Hue Vietnam travel,2-days-in-hue-itinerary-guide,downloaded,https://images.pexels.com/photos/27418878/pexels-photo-27418878.jpeg?auto=compress&cs=tinysrgb&h=350,2 Days in Hue: The Perfect Itinerary
75,1-week-central-vietnam-planner,danangtrip/blogs/1-week-central-vietnam-planner/blog-75__1-week-central-vietnam-planner__p01,downloaded:339331,The ideal plan for those visiting the region for the first time.,,75,https://images.pexels.com/photos/19927758/pexels-photo-19927758.jpeg?auto=compress&cs=tinysrgb&dpr=2&h=650&w=940,blog-75__1-week-central-vietnam-planner__p01__pexels-19927758.jpg,D:\DATN\DATN_Tài liệu\data-center\media-assets\cloudinary-staging\blogs\2026-06-05-blog-missing-featured-image\originals\blog-75__1-week-central-vietnam-planner__p01__pexels-19927758.jpg,75,1-week-central-vietnam-planner,19927758,1,Kirandeep Singh Walia,https://www.pexels.com/@kirandeepsingh,pexels,https://www.pexels.com/photo/downtown-of-da-nang-19927758/,The Best 1-Week Central Vietnam Itinerary for First-Timers Da Nang Vietnam,1-week-central-vietnam-planner,downloaded,https://images.pexels.com/photos/19927758/pexels-photo-19927758.jpeg?auto=compress&cs=tinysrgb&h=350,The Best 1-Week Central Vietnam Itinerary for First-Timers
76,budget-travel-guide-central-vietnam,danangtrip/blogs/budget-travel-guide-central-vietnam/blog-76__budget-travel-guide-central-vietnam__p01,downloaded:357075,Tips for backpackers and budget-conscious travelers.,,76,https://images.pexels.com/photos/19940389/pexels-photo-19940389.jpeg?auto=compress&cs=tinysrgb&dpr=2&h=650&w=940,blog-76__budget-travel-guide-central-vietnam__p01__pexels-19940389.jpg,D:\DATN\DATN_Tài liệu\data-center\media-assets\cloudinary-staging\blogs\2026-06-05-blog-missing-featured-image\originals\blog-76__budget-travel-guide-central-vietnam__p01__pexels-19940389.jpg,76,budget-travel-guide-central-vietnam,19940389,1,Kirandeep Singh Walia,https://www.pexels.com/@kirandeepsingh,pexels,https://www.pexels.com/photo/da-nang-administrative-center-in-vietnam-19940389/,Central Vietnam on a Budget: How to Save Money Da Nang Vietnam,budget-travel-guide-central-vietnam,downloaded,https://images.pexels.com/photos/19940389/pexels-photo-19940389.jpeg?auto=compress&cs=tinysrgb&h=350,Central Vietnam on a Budget: How to Save Money
77,luxury-travel-central-vietnam,danangtrip/blogs/luxury-travel-central-vietnam/blog-77__luxury-travel-central-vietnam__p01,downloaded:357075,A guide to high-end travel and premium experiences in the region.,,77,https://images.pexels.com/photos/19940389/pexels-photo-19940389.jpeg?auto=compress&cs=tinysrgb&dpr=2&h=650&w=940,blog-77__luxury-travel-central-vietnam__p01__pexels-19940389.jpg,D:\DATN\DATN_Tài liệu\data-center\media-assets\cloudinary-staging\blogs\2026-06-05-blog-missing-featured-image\originals\blog-77__luxury-travel-central-vietnam__p01__pexels-19940389.jpg,77,luxury-travel-central-vietnam,19940389,1,Kirandeep Singh Walia,https://www.pexels.com/@kirandeepsingh,pexels,https://www.pexels.com/photo/da-nang-administrative-center-in-vietnam-19940389/,Luxury Central Vietnam: The Best 5-Star Experiences Da Nang Vietnam,luxury-travel-central-vietnam,downloaded,https://images.pexels.com/photos/19940389/pexels-photo-19940389.jpeg?auto=compress&cs=tinysrgb&h=350,Luxury Central Vietnam: The Best 5-Star Experiences
78,family-travel-guide-vietnam,danangtrip/blogs/family-travel-guide-vietnam/blog-78__family-travel-guide-vietnam__p01,downloaded:189525,Practical advice for traveling with children in the region.,,78,https://images.pexels.com/photos/14349715/pexels-photo-14349715.jpeg?auto=compress&cs=tinysrgb&dpr=2&h=650&w=940,blog-78__family-travel-guide-vietnam__p01__pexels-14349715.jpg,D:\DATN\DATN_Tài liệu\data-center\media-assets\cloudinary-staging\blogs\2026-06-05-blog-missing-featured-image\originals\blog-78__family-travel-guide-vietnam__p01__pexels-14349715.jpg,78,family-travel-guide-vietnam,14349715,1,Trần Long,https://www.pexels.com/@tr-n-long-3093985,pexels,https://www.pexels.com/photo/a-mother-and-her-daughter-walking-at-the-beach-14349715/,Traveling Central Vietnam with Kids: A Family Guide Da Nang Vietnam,family-travel-guide-vietnam,downloaded,https://images.pexels.com/photos/14349715/pexels-photo-14349715.jpeg?auto=compress&cs=tinysrgb&h=350,Traveling Central Vietnam with Kids: A Family Guide
79,motorbike-rental-guide-vietnam,danangtrip/blogs/motorbike-rental-guide-vietnam/blog-79__motorbike-rental-guide-vietnam__p01,downloaded:534469,"Tips for choosing a bike, licensing, and road safety.",,79,https://images.pexels.com/photos/12190052/pexels-photo-12190052.jpeg?auto=compress&cs=tinysrgb&dpr=2&h=650&w=940,blog-79__motorbike-rental-guide-vietnam__p01__pexels-12190052.jpg,D:\DATN\DATN_Tài liệu\data-center\media-assets\cloudinary-staging\blogs\2026-06-05-blog-missing-featured-image\originals\blog-79__motorbike-rental-guide-vietnam__p01__pexels-12190052.jpg,79,motorbike-rental-guide-vietnam,12190052,1,Xuân Thống Trần,https://www.pexels.com/@thongtran95,pexels,https://www.pexels.com/photo/motor-vehicles-on-city-road-12190052/,How to Rent a Motorbike in Central Vietnam Safely Da Nang Vietnam,motorbike-rental-guide-vietnam,downloaded,https://images.pexels.com/photos/12190052/pexels-photo-12190052.jpeg?auto=compress&cs=tinysrgb&h=350,How to Rent a Motorbike in Central Vietnam Safely
80,best-travel-apps-vietnam,danangtrip/blogs/best-travel-apps-vietnam/blog-80__best-travel-apps-vietnam__p01,downloaded:182251,"Must-have apps for navigation, translation, and booking.",,80,https://images.pexels.com/photos/5204837/pexels-photo-5204837.jpeg?auto=compress&cs=tinysrgb&dpr=2&h=650&w=940,blog-80__best-travel-apps-vietnam__p01__pexels-5204837.jpg,D:\DATN\DATN_Tài liệu\data-center\media-assets\cloudinary-staging\blogs\2026-06-05-blog-missing-featured-image\originals\blog-80__best-travel-apps-vietnam__p01__pexels-5204837.jpg,80,best-travel-apps-vietnam,5204837,1,Mad Skillz,https://www.pexels.com/@ilitafamily,pexels,https://www.pexels.com/photo/boats-on-sea-under-gray-clouds-5204837/,The Best Apps for Traveling in Vietnam Da Nang Vietnam,best-travel-apps-vietnam,downloaded,https://images.pexels.com/photos/5204837/pexels-photo-5204837.jpeg?auto=compress&cs=tinysrgb&h=350,The Best Apps for Traveling in Vietnam
81,solo-travel-central-vietnam,danangtrip/blogs/solo-travel-central-vietnam/blog-81__solo-travel-central-vietnam__p01,downloaded:357075,Tips and encouragement for those traveling alone in the region.,,81,https://images.pexels.com/photos/19940389/pexels-photo-19940389.jpeg?auto=compress&cs=tinysrgb&dpr=2&h=650&w=940,blog-81__solo-travel-central-vietnam__p01__pexels-19940389.jpg,D:\DATN\DATN_Tài liệu\data-center\media-assets\cloudinary-staging\blogs\2026-06-05-blog-missing-featured-image\originals\blog-81__solo-travel-central-vietnam__p01__pexels-19940389.jpg,81,solo-travel-central-vietnam,19940389,1,Kirandeep Singh Walia,https://www.pexels.com/@kirandeepsingh,pexels,https://www.pexels.com/photo/da-nang-administrative-center-in-vietnam-19940389/,Solo Travel in Central Vietnam: Why It’s Easy and Rewarding Da Nang Vietnam,solo-travel-central-vietnam,downloaded,https://images.pexels.com/photos/19940389/pexels-photo-19940389.jpeg?auto=compress&cs=tinysrgb&h=350,Solo Travel in Central Vietnam: Why It’s Easy and Rewarding
82,vietnam-train-travel-guide,danangtrip/blogs/vietnam-train-travel-guide/blog-82__vietnam-train-travel-guide__p01,downloaded:492892,Why you should take the train between Da Nang and Hue.,,82,https://images.pexels.com/photos/27418878/pexels-photo-27418878.jpeg?auto=compress&cs=tinysrgb&dpr=2&h=650&w=940,blog-82__vietnam-train-travel-guide__p01__pexels-27418878.jpg,D:\DATN\DATN_Tài liệu\data-center\media-assets\cloudinary-staging\blogs\2026-06-05-blog-missing-featured-image\originals\blog-82__vietnam-train-travel-guide__p01__pexels-27418878.jpg,82,vietnam-train-travel-guide,27418878,1,Vietnam Tri Duong Photographer,https://www.pexels.com/@triduhi-youtuber,pexels,https://www.pexels.com/photo/kinh-thanh-hu-vi-t-nam-27418878/,Hue Vietnam travel,vietnam-train-travel-guide,downloaded,https://images.pexels.com/photos/27418878/pexels-photo-27418878.jpeg?auto=compress&cs=tinysrgb&h=350,A Guide to Train Travel in Vietnam: The Scenic Route to Hue
83,my-son-sanctuary-tour-guide,danangtrip/blogs/my-son-sanctuary-tour-guide/blog-83__my-son-sanctuary-tour-guide__p01,downloaded:447115,The benefits of visiting the Champa ruins with an expert guide.,,83,https://images.pexels.com/photos/29534974/pexels-photo-29534974.jpeg?auto=compress&cs=tinysrgb&dpr=2&h=650&w=940,blog-83__my-son-sanctuary-tour-guide__p01__pexels-29534974.jpg,D:\DATN\DATN_Tài liệu\data-center\media-assets\cloudinary-staging\blogs\2026-06-05-blog-missing-featured-image\originals\blog-83__my-son-sanctuary-tour-guide__p01__pexels-29534974.jpg,83,my-son-sanctuary-tour-guide,29534974,1,Võ Văn Tiến,https://www.pexels.com/@vo-van-ti-n-2037497312,pexels,https://www.pexels.com/photo/woman-in-traditional-dress-at-my-son-sanctuary-29534974/,Why You Should Book a Guided Tour of My Son Sanctuary Da Nang Vietnam,my-son-sanctuary-tour-guide,downloaded,https://images.pexels.com/photos/29534974/pexels-photo-29534974.jpeg?auto=compress&cs=tinysrgb&h=350,Why You Should Book a Guided Tour of My Son Sanctuary
84,vietnam-heat-survival-guide,danangtrip/blogs/vietnam-heat-survival-guide/blog-84__vietnam-heat-survival-guide__p01,downloaded:219086,How to stay cool and hydrated during the hot summer months.,,84,https://images.pexels.com/photos/20627075/pexels-photo-20627075.jpeg?auto=compress&cs=tinysrgb&dpr=2&h=650&w=940,blog-84__vietnam-heat-survival-guide__p01__pexels-20627075.jpg,D:\DATN\DATN_Tài liệu\data-center\media-assets\cloudinary-staging\blogs\2026-06-05-blog-missing-featured-image\originals\blog-84__vietnam-heat-survival-guide__p01__pexels-20627075.jpg,84,vietnam-heat-survival-guide,20627075,1,Kirandeep Singh Walia,https://www.pexels.com/@kirandeepsingh,pexels,https://www.pexels.com/photo/boats-and-cityscape-behind-on-sea-coastline-in-vietnam-20627075/,Tips for Dealing with the Heat in Central Vietnam Da Nang Vietnam,vietnam-heat-survival-guide,downloaded,https://images.pexels.com/photos/20627075/pexels-photo-20627075.jpeg?auto=compress&cs=tinysrgb&h=350,Tips for Dealing with the Heat in Central Vietnam
85,vietnam-packing-list-guide,danangtrip/blogs/vietnam-packing-list-guide/blog-85__vietnam-packing-list-guide__p01,downloaded:245719,What to bring and what to leave at home for your trip.,,85,https://images.pexels.com/photos/26550067/pexels-photo-26550067.jpeg?auto=compress&cs=tinysrgb&dpr=2&h=650&w=940,blog-85__vietnam-packing-list-guide__p01__pexels-26550067.jpg,D:\DATN\DATN_Tài liệu\data-center\media-assets\cloudinary-staging\blogs\2026-06-05-blog-missing-featured-image\originals\blog-85__vietnam-packing-list-guide__p01__pexels-26550067.jpg,85,vietnam-packing-list-guide,26550067,1,Pragyan Bezbaruah,https://www.pexels.com/@pragyanbezbo,pexels,https://www.pexels.com/photo/da-nang-city-name-at-beach-26550067/,The Essential Vietnam Packing List for Central Coast Travel Da Nang Vietnam,vietnam-packing-list-guide,downloaded,https://images.pexels.com/photos/26550067/pexels-photo-26550067.jpeg?auto=compress&cs=tinysrgb&h=350,The Essential Vietnam Packing List for Central Coast Travel
86,falling-in-love-with-vietnam,danangtrip/blogs/falling-in-love-with-vietnam/blog-86__falling-in-love-with-vietnam__p01,downloaded:357075,A personal reflection on the magic of the region.,,86,https://images.pexels.com/photos/19940389/pexels-photo-19940389.jpeg?auto=compress&cs=tinysrgb&dpr=2&h=650&w=940,blog-86__falling-in-love-with-vietnam__p01__pexels-19940389.jpg,D:\DATN\DATN_Tài liệu\data-center\media-assets\cloudinary-staging\blogs\2026-06-05-blog-missing-featured-image\originals\blog-86__falling-in-love-with-vietnam__p01__pexels-19940389.jpg,86,falling-in-love-with-vietnam,19940389,1,Kirandeep Singh Walia,https://www.pexels.com/@kirandeepsingh,pexels,https://www.pexels.com/photo/da-nang-administrative-center-in-vietnam-19940389/,Why I Fell in Love with Central Vietnam Da Nang Vietnam,falling-in-love-with-vietnam,downloaded,https://images.pexels.com/photos/19940389/pexels-photo-19940389.jpeg?auto=compress&cs=tinysrgb&h=350,Why I Fell in Love with Central Vietnam
87,travel-lessons-from-vietnam,danangtrip/blogs/travel-lessons-from-vietnam/blog-87__travel-lessons-from-vietnam__p01,downloaded:256604,What travel in the central region taught me about life and culture.,,87,https://images.pexels.com/photos/1006105/pexels-photo-1006105.jpeg?auto=compress&cs=tinysrgb&dpr=2&h=650&w=940,blog-87__travel-lessons-from-vietnam__p01__pexels-1006105.jpg,D:\DATN\DATN_Tài liệu\data-center\media-assets\cloudinary-staging\blogs\2026-06-05-blog-missing-featured-image\originals\blog-87__travel-lessons-from-vietnam__p01__pexels-1006105.jpg,87,travel-lessons-from-vietnam,1006105,1,Min An,https://www.pexels.com/@minan1398,pexels,https://www.pexels.com/photo/person-wearing-black-jeans-and-white-sneakers-1006105/,Unexpected Lessons Learned While Traveling in Vietnam Da Nang Vietnam,travel-lessons-from-vietnam,downloaded,https://images.pexels.com/photos/1006105/pexels-photo-1006105.jpeg?auto=compress&cs=tinysrgb&h=350,Unexpected Lessons Learned While Traveling in Vietnam
88,instagram-guide-central-vietnam,danangtrip/blogs/instagram-guide-central-vietnam/blog-88__instagram-guide-central-vietnam__p01,downloaded:448711,A guide to the best photo locations for your feed.,,88,https://images.pexels.com/photos/14021725/pexels-photo-14021725.jpeg?auto=compress&cs=tinysrgb&dpr=2&h=650&w=940,blog-88__instagram-guide-central-vietnam__p01__pexels-14021725.jpg,D:\DATN\DATN_Tài liệu\data-center\media-assets\cloudinary-staging\blogs\2026-06-05-blog-missing-featured-image\originals\blog-88__instagram-guide-central-vietnam__p01__pexels-14021725.jpg,88,instagram-guide-central-vietnam,14021725,1,Quang Nguyen Vinh,https://www.pexels.com/@quang-nguyen-vinh-222549,pexels,https://www.pexels.com/photo/people-standing-near-the-apec-park-14021725/,The Most Instagrammable Spots in Central Vietnam Da Nang Vietnam,instagram-guide-central-vietnam,downloaded,https://images.pexels.com/photos/14021725/pexels-photo-14021725.jpeg?auto=compress&cs=tinysrgb&h=350,The Most Instagrammable Spots in Central Vietnam
89,comparing-vietnam-regions,danangtrip/blogs/comparing-vietnam-regions/blog-89__comparing-vietnam-regions__p01,downloaded:423466,"A breakdown of the differences in culture, food, and landscape.",,89,https://images.pexels.com/photos/33970485/pexels-photo-33970485.jpeg?auto=compress&cs=tinysrgb&dpr=2&h=650&w=940,blog-89__comparing-vietnam-regions__p01__pexels-33970485.jpg,D:\DATN\DATN_Tài liệu\data-center\media-assets\cloudinary-staging\blogs\2026-06-05-blog-missing-featured-image\originals\blog-89__comparing-vietnam-regions__p01__pexels-33970485.jpg,89,comparing-vietnam-regions,33970485,1,Kirandeep Singh Walia,https://www.pexels.com/@kirandeepsingh,pexels,https://www.pexels.com/photo/bustling-meat-market-scene-in-da-nang-vietnam-33970485/,Da Nang Vietnamese food,comparing-vietnam-regions,downloaded,https://images.pexels.com/photos/33970485/pexels-photo-33970485.jpeg?auto=compress&cs=tinysrgb&h=350,How Central Vietnam Compares to the North and South
90,central-vietnam-history-reflection,danangtrip/blogs/central-vietnam-history-reflection/blog-90__central-vietnam-history-reflection__p01,downloaded:357075,A look at the region’s past and its bright future.,,90,https://images.pexels.com/photos/19940389/pexels-photo-19940389.jpeg?auto=compress&cs=tinysrgb&dpr=2&h=650&w=940,blog-90__central-vietnam-history-reflection__p01__pexels-19940389.jpg,D:\DATN\DATN_Tài liệu\data-center\media-assets\cloudinary-staging\blogs\2026-06-05-blog-missing-featured-image\originals\blog-90__central-vietnam-history-reflection__p01__pexels-19940389.jpg,90,central-vietnam-history-reflection,19940389,1,Kirandeep Singh Walia,https://www.pexels.com/@kirandeepsingh,pexels,https://www.pexels.com/photo/da-nang-administrative-center-in-vietnam-19940389/,A Reflection on the History and Resilience of Central Vietnam Da Nang Vietnam,central-vietnam-history-reflection,downloaded,https://images.pexels.com/photos/19940389/pexels-photo-19940389.jpeg?auto=compress&cs=tinysrgb&h=350,A Reflection on the History and Resilience of Central Vietnam
91,heart-of-vietnam-da-nang-hoi-an-hue,danangtrip/blogs/heart-of-vietnam-da-nang-hoi-an-hue/blog-91__heart-of-vietnam-da-nang-hoi-an-hue__p01,downloaded:219086,An exploration of the cultural and historical importance of the region.,,91,https://images.pexels.com/photos/20627075/pexels-photo-20627075.jpeg?auto=compress&cs=tinysrgb&dpr=2&h=650&w=940,blog-91__heart-of-vietnam-da-nang-hoi-an-hue__p01__pexels-20627075.jpg,D:\DATN\DATN_Tài liệu\data-center\media-assets\cloudinary-staging\blogs\2026-06-05-blog-missing-featured-image\originals\blog-91__heart-of-vietnam-da-nang-hoi-an-hue__p01__pexels-20627075.jpg,91,heart-of-vietnam-da-nang-hoi-an-hue,20627075,1,Kirandeep Singh Walia,https://www.pexels.com/@kirandeepsingh,pexels,https://www.pexels.com/photo/boats-and-cityscape-behind-on-sea-coastline-in-vietnam-20627075/,Why These Three Cities are the Heart of Vietnam Da Nang Vietnam,heart-of-vietnam-da-nang-hoi-an-hue,downloaded,https://images.pexels.com/photos/20627075/pexels-photo-20627075.jpeg?auto=compress&cs=tinysrgb&h=350,Why These Three Cities are the Heart of Vietnam
92,sunset-guide-central-vietnam,danangtrip/blogs/sunset-guide-central-vietnam/blog-92__sunset-guide-central-vietnam__p01,downloaded:218856,Where to find the most beautiful end-of-day views.,,92,https://images.pexels.com/photos/32886907/pexels-photo-32886907.jpeg?auto=compress&cs=tinysrgb&dpr=2&h=650&w=940,blog-92__sunset-guide-central-vietnam__p01__pexels-32886907.jpg,D:\DATN\DATN_Tài liệu\data-center\media-assets\cloudinary-staging\blogs\2026-06-05-blog-missing-featured-image\originals\blog-92__sunset-guide-central-vietnam__p01__pexels-32886907.jpg,92,sunset-guide-central-vietnam,32886907,1,Hòa Lê Đình,https://www.pexels.com/@hoa-le-dinh-1615807371,pexels,https://www.pexels.com/photo/vibrant-sunrise-over-da-nang-beach-vietnam-32886907/,The Best Places for Sunsets in Central Vietnam Da Nang Vietnam,sunset-guide-central-vietnam,downloaded,https://images.pexels.com/photos/32886907/pexels-photo-32886907.jpeg?auto=compress&cs=tinysrgb&h=350,The Best Places for Sunsets in Central Vietnam
93,romantic-travel-guide-vietnam,danangtrip/blogs/romantic-travel-guide-vietnam/blog-93__romantic-travel-guide-vietnam__p01,downloaded:549970,A guide for couples looking for a special trip.,,93,https://images.pexels.com/photos/13114893/pexels-photo-13114893.jpeg?auto=compress&cs=tinysrgb&dpr=2&h=650&w=940,blog-93__romantic-travel-guide-vietnam__p01__pexels-13114893.jpg,D:\DATN\DATN_Tài liệu\data-center\media-assets\cloudinary-staging\blogs\2026-06-05-blog-missing-featured-image\originals\blog-93__romantic-travel-guide-vietnam__p01__pexels-13114893.jpg,93,romantic-travel-guide-vietnam,13114893,1,Trần Long,https://www.pexels.com/@tr-n-long-3093985,pexels,https://www.pexels.com/photo/a-couple-sharing-a-kiss-on-the-beach-13114893/,A Romantic Getaway in Central Vietnam: Best Experiences Da Nang Vietnam,romantic-travel-guide-vietnam,downloaded,https://images.pexels.com/photos/13114893/pexels-photo-13114893.jpeg?auto=compress&cs=tinysrgb&h=350,A Romantic Getaway in Central Vietnam: Best Experiences
94,travel-memories-central-vietnam,danangtrip/blogs/travel-memories-central-vietnam/blog-94__travel-memories-central-vietnam__p01,downloaded:136240,Sharing the personal stories that made my trip special.,,94,https://images.pexels.com/photos/32428875/pexels-photo-32428875.jpeg?auto=compress&cs=tinysrgb&dpr=2&h=650&w=940,blog-94__travel-memories-central-vietnam__p01__pexels-32428875.jpg,D:\DATN\DATN_Tài liệu\data-center\media-assets\cloudinary-staging\blogs\2026-06-05-blog-missing-featured-image\originals\blog-94__travel-memories-central-vietnam__p01__pexels-32428875.jpg,94,travel-memories-central-vietnam,32428875,1,one second before sunset,https://www.pexels.com/@onesecondbeforesunset,pexels,https://www.pexels.com/photo/scenic-beach-view-with-visitors-in-vietnam-32428875/,My Favorite Memories from Traveling Central Vietnam Da Nang Vietnam,travel-memories-central-vietnam,downloaded,https://images.pexels.com/photos/32428875/pexels-photo-32428875.jpeg?auto=compress&cs=tinysrgb&h=350,My Favorite Memories from Traveling Central Vietnam
95,vietnam-homestay-experience,danangtrip/blogs/vietnam-homestay-experience/blog-95__vietnam-homestay-experience__p01,downloaded:219086,The benefits of choosing local accommodation over a hotel.,,95,https://images.pexels.com/photos/20627075/pexels-photo-20627075.jpeg?auto=compress&cs=tinysrgb&dpr=2&h=650&w=940,blog-95__vietnam-homestay-experience__p01__pexels-20627075.jpg,D:\DATN\DATN_Tài liệu\data-center\media-assets\cloudinary-staging\blogs\2026-06-05-blog-missing-featured-image\originals\blog-95__vietnam-homestay-experience__p01__pexels-20627075.jpg,95,vietnam-homestay-experience,20627075,1,Kirandeep Singh Walia,https://www.pexels.com/@kirandeepsingh,pexels,https://www.pexels.com/photo/boats-and-cityscape-behind-on-sea-coastline-in-vietnam-20627075/,Why You Should Stay in a Local Homestay in Vietnam Da Nang Vietnam,vietnam-homestay-experience,downloaded,https://images.pexels.com/photos/20627075/pexels-photo-20627075.jpeg?auto=compress&cs=tinysrgb&h=350,Why You Should Stay in a Local Homestay in Vietnam
96,future-of-tourism-vietnam,danangtrip/blogs/future-of-tourism-vietnam/blog-96__future-of-tourism-vietnam__p01,downloaded:339331,A look at the development and its impact on the region.,,96,https://images.pexels.com/photos/19927758/pexels-photo-19927758.jpeg?auto=compress&cs=tinysrgb&dpr=2&h=650&w=940,blog-96__future-of-tourism-vietnam__p01__pexels-19927758.jpg,D:\DATN\DATN_Tài liệu\data-center\media-assets\cloudinary-staging\blogs\2026-06-05-blog-missing-featured-image\originals\blog-96__future-of-tourism-vietnam__p01__pexels-19927758.jpg,96,future-of-tourism-vietnam,19927758,1,Kirandeep Singh Walia,https://www.pexels.com/@kirandeepsingh,pexels,https://www.pexels.com/photo/downtown-of-da-nang-19927758/,The Changing Landscape of Tourism in Central Vietnam Da Nang Vietnam,future-of-tourism-vietnam,downloaded,https://images.pexels.com/photos/19927758/pexels-photo-19927758.jpeg?auto=compress&cs=tinysrgb&h=350,The Changing Landscape of Tourism in Central Vietnam
97,authentic-travel-vietnam,danangtrip/blogs/authentic-travel-vietnam/blog-97__authentic-travel-vietnam__p01,downloaded:389442,Tips for going beyond the tourist crowds in Hoi An and Da Nang.,,97,https://images.pexels.com/photos/30933135/pexels-photo-30933135.jpeg?auto=compress&cs=tinysrgb&dpr=2&h=650&w=940,blog-97__authentic-travel-vietnam__p01__pexels-30933135.jpg,D:\DATN\DATN_Tài liệu\data-center\media-assets\cloudinary-staging\blogs\2026-06-05-blog-missing-featured-image\originals\blog-97__authentic-travel-vietnam__p01__pexels-30933135.jpg,97,authentic-travel-vietnam,30933135,1,Võ Văn Tiến,https://www.pexels.com/@vo-van-ti-n-2037497312,pexels,https://www.pexels.com/photo/traditional-scene-in-h-i-an-vietnam-s-ancient-town-30933135/,Hoi An Vietnam travel,authentic-travel-vietnam,downloaded,https://images.pexels.com/photos/30933135/pexels-photo-30933135.jpeg?auto=compress&cs=tinysrgb&h=350,How to Find Authentic Experiences in Popular Tourist Spots
98,tribute-to-vietnamese-people,danangtrip/blogs/tribute-to-vietnamese-people/blog-98__tribute-to-vietnamese-people__p01,downloaded:277467,An appreciation of the kindness and hospitality of the locals.,,98,https://images.pexels.com/photos/8569014/pexels-photo-8569014.jpeg?auto=compress&cs=tinysrgb&dpr=2&h=650&w=940,blog-98__tribute-to-vietnamese-people__p01__pexels-8569014.jpg,D:\DATN\DATN_Tài liệu\data-center\media-assets\cloudinary-staging\blogs\2026-06-05-blog-missing-featured-image\originals\blog-98__tribute-to-vietnamese-people__p01__pexels-8569014.jpg,98,tribute-to-vietnamese-people,8569014,1,Quoc Anh,https://www.pexels.com/@quoc-anh-1181818,pexels,https://www.pexels.com/photo/man-and-a-girl-sitting-on-a-bench-near-a-river-8569014/,A Love Letter to the People of Central Vietnam Da Nang Vietnam,tribute-to-vietnamese-people,downloaded,https://images.pexels.com/photos/8569014/pexels-photo-8569014.jpeg?auto=compress&cs=tinysrgb&h=350,A Love Letter to the People of Central Vietnam
99,surprising-central-vietnam,danangtrip/blogs/surprising-central-vietnam/blog-99__surprising-central-vietnam__p01,downloaded:136240,What surprised me most about my visit to the region.,,99,https://images.pexels.com/photos/32428875/pexels-photo-32428875.jpeg?auto=compress&cs=tinysrgb&dpr=2&h=650&w=940,blog-99__surprising-central-vietnam__p01__pexels-32428875.jpg,D:\DATN\DATN_Tài liệu\data-center\media-assets\cloudinary-staging\blogs\2026-06-05-blog-missing-featured-image\originals\blog-99__surprising-central-vietnam__p01__pexels-32428875.jpg,99,surprising-central-vietnam,32428875,1,one second before sunset,https://www.pexels.com/@onesecondbeforesunset,pexels,https://www.pexels.com/photo/scenic-beach-view-with-visitors-in-vietnam-32428875/,5 Reasons Why Central Vietnam Exceeded My Expectations Da Nang Vietnam,surprising-central-vietnam,downloaded,https://images.pexels.com/photos/32428875/pexels-photo-32428875.jpeg?auto=compress&cs=tinysrgb&h=350,5 Reasons Why Central Vietnam Exceeded My Expectations
100,must-visit-central-vietnam-southeast-asia,danangtrip/blogs/must-visit-central-vietnam-southeast-asia/blog-100__must-visit-central-vietnam-southeast-asia__p01,downloaded:357075,Final thoughts on why the central coast is a global travel highlight.,,100,https://images.pexels.com/photos/19940389/pexels-photo-19940389.jpeg?auto=compress&cs=tinysrgb&dpr=2&h=650&w=940,blog-100__must-visit-central-vietnam-southeast-asia__p01__pexels-19940389.jpg,D:\DATN\DATN_Tài liệu\data-center\media-assets\cloudinary-staging\blogs\2026-06-05-blog-missing-featured-image\originals\blog-100__must-visit-central-vietnam-southeast-asia__p01__pexels-19940389.jpg,100,must-visit-central-vietnam-southeast-asia,19940389,1,Kirandeep Singh Walia,https://www.pexels.com/@kirandeepsingh,pexels,https://www.pexels.com/photo/da-nang-administrative-center-in-vietnam-19940389/,Why You Must Add Central Vietnam to Your Southeast Asia Itinerary Da Nang Vietnam,must-visit-central-vietnam-southeast-asia,downloaded,https://images.pexels.com/photos/19940389/pexels-photo-19940389.jpeg?auto=compress&cs=tinysrgb&h=350,Why You Must Add Central Vietnam to Your Southeast Asia Itinerary
103,top-50-toa-do-song-ao-dep-quen-loi-ve-tai-da-nang-nam-2026,danangtrip/blogs/top-50-toa-do-song-ao-dep-quen-loi-ve-tai-da-nang-nam-2026/blog-103__top-50-toa-do-song-ao-dep-quen-loi-ve-tai-da-nang-nam-2026__p01,downloaded:337100,"Bạn đang lên kế hoạch phá đảo thành phố đáng sống nhưng chưa biết check-in ở đâu để gom về rổ ảnh ""nghìn like""? 🤔 Đừng lo, DaNangTrip đã tổng hợp giúp bạn danh sách 50 địa điểm hot hòn họt từ biển xanh, mây trắng Sơn Trà đến những góc phố cổ kính và quán cafe view đỉnh chóp. Lưu ngay bí kíp này để không bỏ lỡ bất kỳ khoảnh khắc thanh xuân nào tại Đà Nẵng nhé! 👇",,103,https://images.pexels.com/photos/20563034/pexels-photo-20563034.jpeg?auto=compress&cs=tinysrgb&dpr=2&h=650&w=940,blog-103__top-50-toa-do-song-ao-dep-quen-loi-ve-tai-da-nang-nam-2026__p01__pexels-20563034.jpg,D:\DATN\DATN_Tài liệu\data-center\media-assets\cloudinary-staging\blogs\2026-06-05-blog-missing-featured-image\originals\blog-103__top-50-toa-do-song-ao-dep-quen-loi-ve-tai-da-nang-nam-2026__p01__pexels-20563034.jpg,103,top-50-toa-do-song-ao-dep-quen-loi-ve-tai-da-nang-nam-2026,20563034,1,Kirandeep Singh Walia,https://www.pexels.com/@kirandeepsingh,pexels,https://www.pexels.com/photo/a-city-by-a-sea-20563034/,Son Tra Da Nang Vietnam,top-50-toa-do-song-ao-dep-quen-loi-ve-tai-da-nang-nam-2026,downloaded,https://images.pexels.com/photos/20563034/pexels-photo-20563034.jpeg?auto=compress&cs=tinysrgb&h=350,"TOP 50 TỌA ĐỘ ""SỐNG ẢO"" ĐẸP QUÊN LỐI VỀ TẠI ĐÀ NẴNG NĂM 2026"
105,top-50-toa-do-song-ao-dep-quen-loi-ve-tai-da-nang-nam-2026-copy,danangtrip/blogs/top-50-toa-do-song-ao-dep-quen-loi-ve-tai-da-nang-nam-2026-copy/blog-105__top-50-toa-do-song-ao-dep-quen-loi-ve-tai-da-nang-nam-2026-copy__p01,downloaded:337100,"Bạn đang lên kế hoạch phá đảo thành phố đáng sống nhưng chưa biết check-in ở đâu để gom về rổ ảnh ""nghìn like""? 🤔 Đừng lo, DaNangTrip đã tổng hợp giúp bạn danh sách 50 địa điểm hot hòn họt từ biển xanh, mây trắng Sơn Trà đến những góc phố cổ kính và quán cafe view đỉnh chóp. Lưu ngay bí kíp này để không bỏ lỡ bất kỳ khoảnh khắc thanh xuân nào tại Đà Nẵng nhé! 👇",,105,https://images.pexels.com/photos/20563034/pexels-photo-20563034.jpeg?auto=compress&cs=tinysrgb&dpr=2&h=650&w=940,blog-105__top-50-toa-do-song-ao-dep-quen-loi-ve-tai-da-nang-nam-2026-copy__p01__pexels-20563034.jpg,D:\DATN\DATN_Tài liệu\data-center\media-assets\cloudinary-staging\blogs\2026-06-05-blog-missing-featured-image\originals\blog-105__top-50-toa-do-song-ao-dep-quen-loi-ve-tai-da-nang-nam-2026-copy__p01__pexels-20563034.jpg,105,top-50-toa-do-song-ao-dep-quen-loi-ve-tai-da-nang-nam-2026-copy,20563034,1,Kirandeep Singh Walia,https://www.pexels.com/@kirandeepsingh,pexels,https://www.pexels.com/photo/a-city-by-a-sea-20563034/,Son Tra Da Nang Vietnam,top-50-toa-do-song-ao-dep-quen-loi-ve-tai-da-nang-nam-2026-copy,downloaded,https://images.pexels.com/photos/20563034/pexels-photo-20563034.jpeg?auto=compress&cs=tinysrgb&h=350,"TOP 50 TỌA ĐỘ ""SỐNG ẢO"" ĐẸP QUÊN LỐI VỀ TẠI ĐÀ NẴNG NĂM 2026 (Copy)"
