available_from,available_to,booking_availability,booking_count,category_name,category_slug,cloudinary_public_id,created_at,created_by,description,discount_percent,download_message,duration,exclusions,id,image_url,images,inclusions,is_featured,is_hot,itinerary,local_file,local_path,location_id,location_slug,max_people,meeting_point,min_people,name,photo_id,photo_index,photographer,photographer_url,price_adult,price_child,price_infant,provider,provider_page_url,rating_avg,rating_count,search_query,short_desc,slug,start_time,status,thumbnail,thumbnail_url,tour_category_id,tour_id,tour_slug,updated_at,video_url,view_count
,,open,0,Tour Bà Nà Hills,tour-ba-na-hills,danangtrip/tours/tour-ba-na-hills-1-ngay/tour-1__tour-ba-na-hills-1-ngay__p01,2026-05-25 08:44:17,,"Khám phá chốn bồng lai tiên cảnh với Cầu Vàng, Làng Pháp và hệ thống cáp treo đạt nhiều kỷ lục thế giới.",5,downloaded:390115,1 ngày,"[""Nước uống trong bữa ăn"", ""Chi phí cá nhân"", ""Tip cho HDV""]",1,https://images.pexels.com/photos/18671478/pexels-photo-18671478.jpeg?auto=compress&cs=tinysrgb&dpr=2&h=650&w=940,,"[""Xe đưa đón đời mới"", ""Hướng dẫn viên"", ""Vé cáp treo"", ""Buffet trưa 100 món""]",True,True,"[{""time"": ""08:00"", ""task"": ""Đón khách tại trung tâm Đà Nẵng""}, {""time"": ""09:30"", ""task"": ""Check-in Cầu Vàng""}, {""time"": ""12:00"", ""task"": ""Ăn trưa Buffet""}, {""time"": ""15:30"", ""task"": ""Rời Bà Nà""}]",tour-1__tour-ba-na-hills-1-ngay__p01__pexels-18671478.jpg,D:\DATN\DATN_Tài liệu\data-center\media-assets\cloudinary-staging\tours\2026-06-04-tour-missing-thumbnail\originals\tour-1__tour-ba-na-hills-1-ngay__p01__pexels-18671478.jpg,1,tour-ba-na-hills-1-ngay,45,Văn phòng Đà Nẵng / Khách sạn trung tâm,2,Tour Bà Nà Hills 1 Ngày (Buffet Trưa),18671478,1,Prakash Achari,https://www.pexels.com/@prakaachu,1250000.00,950000.00,250000.00,pexels,https://www.pexels.com/photo/golden-bridge-ba-na-hills-vietnam-18671478/,0.00,0,Tour Bà Nà Hills 1 Ngày (Buffet Trưa) Vietnam travel,Hành trình đưa quý khách đến với đỉnh Núi Chúa - Đà Nẵng.,tour-ba-na-hills-1-ngay,08:00,downloaded,,https://images.pexels.com/photos/18671478/pexels-photo-18671478.jpeg?auto=compress&cs=tinysrgb&h=350,1,1,tour-ba-na-hills-1-ngay,2026-05-25 08:44:17,,0
,,open,0,Tour Phố Cổ Hội An,tour-hoi-an,danangtrip/tours/tour-hoi-an-rung-dua/tour-2__tour-hoi-an-rung-dua__p01,2026-05-25 08:44:17,,Trải nghiệm chèo thúng tại rừng dừa Bảy Mẫu và khám phá vẻ đẹp hoài cổ của phố cổ Hội An về đêm.,0,downloaded:485810,7 giờ,"[""Đồ uống"", ""Ổ khóa tình yêu""]",2,https://images.pexels.com/photos/32874870/pexels-photo-32874870.jpeg?auto=compress&cs=tinysrgb&dpr=2&h=650&w=940,,"[""Xe đưa đón"", ""Vé tham quan"", ""Chèo thúng"", ""Ăn tối đặc sản Hội An""]",True,False,"[{""time"": ""14:00"", ""task"": ""Đón khách""}, {""time"": ""15:00"", ""task"": ""Tham quan Rừng dừa""}, {""time"": ""17:30"", ""task"": ""Dạo phố cổ Hội An""}, {""time"": ""21:00"", ""task"": ""Trở về Đà Nẵng""}]",tour-2__tour-hoi-an-rung-dua__p01__pexels-32874870.jpg,D:\DATN\DATN_Tài liệu\data-center\media-assets\cloudinary-staging\tours\2026-06-04-tour-missing-thumbnail\originals\tour-2__tour-hoi-an-rung-dua__p01__pexels-32874870.jpg,2,tour-hoi-an-rung-dua,30,Đà Nẵng / Hội An,2,Tour Phố Cổ Hội An & Rừng Dừa Bảy Mẫu,32874870,1,Vietnam  Hidden Light,https://www.pexels.com/@vietnamhiddenlight,750000.00,550000.00,150000.00,pexels,https://www.pexels.com/photo/aerial-view-of-basket-boats-in-h-i-an-vietnam-32874870/,0.00,0,Tour Phố Cổ Hội An & Rừng Dừa Bảy Mẫu Vietnam travel,Kết hợp trải nghiệm sông nước và văn hóa phố cổ.,tour-hoi-an-rung-dua,14:00,downloaded,,https://images.pexels.com/photos/32874870/pexels-photo-32874870.jpeg?auto=compress&cs=tinysrgb&h=350,2,2,tour-hoi-an-rung-dua,2026-05-25 08:44:17,,0
,,open,0,Tour Khám Phá Thiên Nhiên,tour-thien-nhien,danangtrip/tours/tour-ngu-hanh-son-son-tra/tour-3__tour-ngu-hanh-son-son-tra__p01,2026-05-25 08:44:17,,Hành trình tâm linh khám phá các hang động kỳ bí tại Ngũ Hành Sơn và chiêm bái Phật Bà tại Sơn Trà.,0,downloaded:302400,4 giờ,"[""Ăn trưa"", ""Chi phí cá nhân""]",3,https://images.pexels.com/photos/36748260/pexels-photo-36748260.jpeg?auto=compress&cs=tinysrgb&dpr=2&h=650&w=940,,"[""Xe du lịch"", ""HDV nhiệt tình"", ""Nước suối"", ""Vé tham quan""]",False,False,"[{""time"": ""08:00"", ""task"": ""Tham quan Chùa Linh Ứng""}, {""time"": ""10:00"", ""task"": ""Khám phá Ngũ Hành Sơn""}, {""time"": ""12:00"", ""task"": ""Kết thúc tour""}]",tour-3__tour-ngu-hanh-son-son-tra__p01__pexels-36748260.jpg,D:\DATN\DATN_Tài liệu\data-center\media-assets\cloudinary-staging\tours\2026-06-04-tour-missing-thumbnail\originals\tour-3__tour-ngu-hanh-son-son-tra__p01__pexels-36748260.jpg,3,tour-ngu-hanh-son-son-tra,20,Đà Nẵng,2,Tour Ngũ Hành Sơn & Chùa Linh Ứng Sơn Trà,36748260,1,TUAN PHAN,https://www.pexels.com/@tuan-phan-2156993475,450000.00,250000.00,0.00,pexels,https://www.pexels.com/photo/scenic-coastal-view-of-s-n-tra-peninsula-vietnam-36748260/,0.00,0,Tour Ngũ Hành Sơn & Chùa Linh Ứng Sơn Trà Vietnam travel,Tour tâm linh nửa ngày ngắm cảnh biển Đà Nẵng.,tour-ngu-hanh-son-son-tra,08:00,downloaded,,https://images.pexels.com/photos/36748260/pexels-photo-36748260.jpeg?auto=compress&cs=tinysrgb&h=350,5,3,tour-ngu-hanh-son-son-tra,2026-05-25 08:44:17,,0
,,open,0,Tour Cố Đô Huế,tour-hue,danangtrip/tours/tour-cu-lao-cham/tour-4__tour-cu-lao-cham__p01,2026-05-25 08:44:17,,"Chuyến đi biển đảo hấp dẫn với các hoạt động tắm biển, lặn ngắm san hô và thưởng thức hải sản tươi ngon.",10,downloaded:510494,1 ngày,"[""Lặn bình khí"", ""Phí môi trường quốc tế""]",4,https://images.pexels.com/photos/27676364/pexels-photo-27676364.jpeg?auto=compress&cs=tinysrgb&dpr=2&h=650&w=940,,"[""Cano cao tốc"", ""Kính lặn"", ""Ăn trưa"", ""Bảo hiểm du lịch""]",True,True,"[{""time"": ""08:30"", ""task"": ""Cano cao tốc đi đảo""}, {""time"": ""10:00"", ""task"": ""Lặn ngắm san hô""}, {""time"": ""12:00"", ""task"": ""Ăn trưa hải sản""}, {""time"": ""14:30"", ""task"": ""Về lại đất liền""}]",tour-4__tour-cu-lao-cham__p01__pexels-27676364.jpg,D:\DATN\DATN_Tài liệu\data-center\media-assets\cloudinary-staging\tours\2026-06-04-tour-missing-thumbnail\originals\tour-4__tour-cu-lao-cham__p01__pexels-27676364.jpg,4,tour-cu-lao-cham,35,Cảng Cửa Đại,4,Tour Cù Lao Chàm Lặn Ngắm San Hô,27676364,1,Dang Hong,https://www.pexels.com/@dwanghong,650000.00,450000.00,100000.00,pexels,https://www.pexels.com/photo/a-boat-traveling-through-the-water-near-a-rocky-cliff-27676364/,0.00,0,Tour Cù Lao Chàm Lặn Ngắm San Hô Vietnam travel,Thiên đường biển đảo Cù Lao Chàm.,tour-cu-lao-cham,08:00,downloaded,,https://images.pexels.com/photos/27676364/pexels-photo-27676364.jpeg?auto=compress&cs=tinysrgb&h=350,3,4,tour-cu-lao-cham,2026-05-25 08:44:17,,0
,,open,0,Tour Khám Phá Thiên Nhiên,tour-thien-nhien,danangtrip/tours/tour-hue-1-ngay/tour-5__tour-hue-1-ngay__p01,2026-05-25 08:44:17,,"Vượt đèo Hải Vân đến với cố đô Huế, tham quan Đại Nội, chùa Thiên Mụ và các lăng tẩm uy nghiêm.",0,downloaded:659336,1 ngày,"[""Chi phí cá nhân""]",5,https://images.pexels.com/photos/27418881/pexels-photo-27418881.jpeg?auto=compress&cs=tinysrgb&dpr=2&h=650&w=940,,"[""Xe đưa đón"", ""HDV"", ""Vé tham quan các điểm"", ""Ăn trưa""]",True,False,"[{""time"": ""07:30"", ""task"": ""Khởi hành qua hầm Hải Vân""}, {""time"": ""10:30"", ""task"": ""Tham quan Đại Nội""}, {""time"": ""12:00"", ""task"": ""Ăn trưa đặc sản Huế""}, {""time"": ""15:00"", ""task"": ""Tham quan Lăng Khải Định""}]",tour-5__tour-hue-1-ngay__p01__pexels-27418881.jpg,D:\DATN\DATN_Tài liệu\data-center\media-assets\cloudinary-staging\tours\2026-06-04-tour-missing-thumbnail\originals\tour-5__tour-hue-1-ngay__p01__pexels-27418881.jpg,5,tour-hue-1-ngay,40,Đà Nẵng,2,Tour Cố Đô Huế 1 Ngày từ Đà Nẵng,27418881,1,Vietnam Tri Duong Photographer,https://www.pexels.com/@triduhi-youtuber,1050000.00,750000.00,200000.00,pexels,https://www.pexels.com/photo/kinh-thanh-hu-vi-t-nam-27418881/,0.00,0,Tour Cố Đô Huế 1 Ngày từ Đà Nẵng Vietnam travel,Hành trình di sản cố đô miền Trung.,tour-hue-1-ngay,07:30,downloaded,,https://images.pexels.com/photos/27418881/pexels-photo-27418881.jpeg?auto=compress&cs=tinysrgb&h=350,5,5,tour-hue-1-ngay,2026-05-25 08:44:17,,0
,,open,0,Tour Khám Phá Thiên Nhiên,tour-thien-nhien,danangtrip/tours/tour-my-son/tour-6__tour-my-son__p01,2026-05-25 08:44:17,,Tìm hiểu về văn hóa Champa cổ đại qua quần thể đền tháp Mỹ Sơn - Di sản văn hóa thế giới.,0,downloaded:183950,5 giờ,"[""Ăn trưa"", ""Tip""]",6,https://images.pexels.com/photos/28238601/pexels-photo-28238601.jpeg?auto=compress&cs=tinysrgb&dpr=2&h=650&w=940,,"[""Xe vận chuyển"", ""HDV"", ""Vé tham quan"", ""Xem biểu diễn văn nghệ""]",False,False,"[{""time"": ""08:00"", ""task"": ""Khởi hành""}, {""time"": ""09:30"", ""task"": ""Tham quan Mỹ Sơn""}, {""time"": ""11:00"", ""task"": ""Xem múa Apsara""}, {""time"": ""13:00"", ""task"": ""Về lại Hội An""}]",tour-6__tour-my-son__p01__pexels-28238601.jpg,D:\DATN\DATN_Tài liệu\data-center\media-assets\cloudinary-staging\tours\2026-06-04-tour-missing-thumbnail\originals\tour-6__tour-my-son__p01__pexels-28238601.jpg,6,tour-my-son,25,Đà Nẵng / Hội An,2,Tour Thánh Địa Mỹ Sơn nửa ngày,28238601,1,Chuot  Anhls,https://www.pexels.com/@chuotanhls,550000.00,400000.00,100000.00,pexels,https://www.pexels.com/photo/a-woman-taking-a-picture-of-the-city-from-a-rooftop-28238601/,0.00,0,Tour Thánh Địa Mỹ Sơn nửa ngày Vietnam travel,Khám phá bí ẩn tháp Chàm.,tour-my-son,08:00,downloaded,,https://images.pexels.com/photos/28238601/pexels-photo-28238601.jpeg?auto=compress&cs=tinysrgb&h=350,5,6,tour-my-son,2026-05-25 08:44:17,,0
,,open,0,Tour Bà Nà Hills,tour-ba-na-hills,danangtrip/tours/tour-city-danang/tour-7__tour-city-danang__p01,2026-05-25 08:44:17,,"Hành trình check-in những biểu tượng hiện đại của Đà Nẵng: Cầu Rồng, Cầu Tình Yêu, Bảo tàng Chăm.",0,downloaded:95853,4 giờ,"[""Ăn trưa""]",7,https://images.pexels.com/photos/33609351/pexels-photo-33609351.jpeg?auto=compress&cs=tinysrgb&dpr=2&h=650&w=940,,"[""Xe du lịch"", ""HDV"", ""Vé bảo tàng"", ""Nước uống""]",False,False,"[{""time"": ""08:00"", ""task"": ""Bảo tàng Chăm""}, {""time"": ""10:00"", ""task"": ""Cầu Rồng & Cầu Tình Yêu""}, {""time"": ""11:30"", ""task"": ""Chợ Hàn""}]",tour-7__tour-city-danang__p01__pexels-33609351.jpg,D:\DATN\DATN_Tài liệu\data-center\media-assets\cloudinary-staging\tours\2026-06-04-tour-missing-thumbnail\originals\tour-7__tour-city-danang__p01__pexels-33609351.jpg,7,tour-city-danang,15,Đà Nẵng,2,Tour Đà Nẵng City - Những Cây Cầu,33609351,1,Flint Huynh,https://www.pexels.com/@flinthuynh,350000.00,200000.00,0.00,pexels,https://www.pexels.com/photo/airplane-landing-with-mountain-background-in-da-n-ng-33609351/,0.00,0,Tour Đà Nẵng City - Những Cây Cầu Vietnam travel,Tour khám phá thành phố đáng sống.,tour-city-danang,08:30,downloaded,,https://images.pexels.com/photos/33609351/pexels-photo-33609351.jpeg?auto=compress&cs=tinysrgb&h=350,1,7,tour-city-danang,2026-05-25 08:44:17,,0
,,open,0,Tour Cố Đô Huế,tour-hue,danangtrip/tours/tour-hai-van-lang-co/tour-8__tour-hai-van-lang-co__p01,2026-05-25 08:44:17,,Trải nghiệm cung đường đèo đẹp nhất Việt Nam và thư giãn tại vịnh biển Lăng Cô thơ mộng.,0,downloaded:239443,1 ngày,"[""Dịch vụ biển""]",8,https://images.pexels.com/photos/34250772/pexels-photo-34250772.jpeg?auto=compress&cs=tinysrgb&dpr=2&h=650&w=940,,"[""Xe du lịch"", ""HDV"", ""Ăn trưa hải sản""]",False,False,[],tour-8__tour-hai-van-lang-co__p01__pexels-34250772.jpg,D:\DATN\DATN_Tài liệu\data-center\media-assets\cloudinary-staging\tours\2026-06-04-tour-missing-thumbnail\originals\tour-8__tour-hai-van-lang-co__p01__pexels-34250772.jpg,8,tour-hai-van-lang-co,20,Đà Nẵng,2,Tour Đèo Hải Vân & Lăng Cô - Ô tô,34250772,1,Nguyễn Hoàng,https://www.pexels.com/@nguy-n-hoang-957279,850000.00,600000.00,150000.00,pexels,https://www.pexels.com/photo/aerial-view-of-da-nang-bay-at-sunset-34250772/,0.00,0,Tour Đèo Hải Vân & Lăng Cô - Ô tô Vietnam travel,"Ngắm nhìn ""Thiên hạ đệ nhất hùng quan"".",tour-hai-van-lang-co,08:00,downloaded,,https://images.pexels.com/photos/34250772/pexels-photo-34250772.jpeg?auto=compress&cs=tinysrgb&h=350,3,8,tour-hai-van-lang-co,2026-05-25 08:44:17,,0
,,open,0,Tour Ẩm Thực,tour-am-thuc,danangtrip/tours/tour-dem-hoi-an/tour-9__tour-dem-hoi-an__p01,2026-05-25 08:44:17,,"Dạo bước phố đèn lồng, thả đèn hoa đăng và thưởng thức các món ăn đặc sản nổi tiếng của Hội An.",0,downloaded:264185,5 giờ,"[""Mua sắm cá nhân""]",9,https://images.pexels.com/photos/34949975/pexels-photo-34949975.jpeg?auto=compress&cs=tinysrgb&dpr=2&h=650&w=940,,"[""Xe đưa đón"", ""Ăn tối"", ""Thả hoa đăng""]",False,True,[],tour-9__tour-dem-hoi-an__p01__pexels-34949975.jpg,D:\DATN\DATN_Tài liệu\data-center\media-assets\cloudinary-staging\tours\2026-06-04-tour-missing-thumbnail\originals\tour-9__tour-dem-hoi-an__p01__pexels-34949975.jpg,9,tour-dem-hoi-an,25,Đà Nẵng,2,Tour Đêm Phố Cổ Hội An & Ăn Tối,34949975,1,Võ Văn Tiến,https://www.pexels.com/@vo-van-ti-n-2037497312,600000.00,450000.00,100000.00,pexels,https://www.pexels.com/photo/traditional-vietnamese-attire-in-h-i-an-alleyway-34949975/,0.00,0,Tour Đêm Phố Cổ Hội An & Ăn Tối Vietnam travel,Lãng mạn phố cổ về đêm.,tour-dem-hoi-an,16:00,downloaded,,https://images.pexels.com/photos/34949975/pexels-photo-34949975.jpeg?auto=compress&cs=tinysrgb&h=350,6,9,tour-dem-hoi-an,2026-05-25 08:44:17,,0
,,open,0,Tour Bà Nà Hills,tour-ba-na-hills,danangtrip/tours/tour-ba-na-night/tour-10__tour-ba-na-night__p01,2026-05-25 08:44:17,,"Trải nghiệm Bà Nà Hills lung linh về đêm với Buffet tối, rượu vang và các show diễn đặc sắc.",0,downloaded:390115,1 ngày,"[""Các trò chơi có phí""]",10,https://images.pexels.com/photos/18671478/pexels-photo-18671478.jpeg?auto=compress&cs=tinysrgb&dpr=2&h=650&w=940,,"[""Cáp treo khứ hồi"", ""Ăn tối Buffet"", ""Rượu vang/Bia""]",False,True,[],tour-10__tour-ba-na-night__p01__pexels-18671478.jpg,D:\DATN\DATN_Tài liệu\data-center\media-assets\cloudinary-staging\tours\2026-06-04-tour-missing-thumbnail\originals\tour-10__tour-ba-na-night__p01__pexels-18671478.jpg,10,tour-ba-na-night,50,Cáp treo Bà Nà,1,Tour Bà Nà Hills Đêm (Sun World Night),18671478,1,Prakash Achari,https://www.pexels.com/@prakaachu,950000.00,750000.00,200000.00,pexels,https://www.pexels.com/photo/golden-bridge-ba-na-hills-vietnam-18671478/,0.00,0,Tour Bà Nà Hills Đêm (Sun World Night) Vietnam travel,Bà Nà huyền ảo buổi đêm.,tour-ba-na-night,15:30,downloaded,,https://images.pexels.com/photos/18671478/pexels-photo-18671478.jpeg?auto=compress&cs=tinysrgb&h=350,1,10,tour-ba-na-night,2026-05-25 08:44:17,,0
,,open,0,Tour Bà Nà Hills,tour-ba-na-hills,danangtrip/tours/tour-vinwonders-nam-hoi-an/tour-11__tour-vinwonders-nam-hoi-an__p01,2026-05-25 08:44:17,,"Vui chơi không giới hạn tại VinWonders Nam Hội An với Safari, Công viên nước và Đảo văn hóa.",0,downloaded:481066,1 ngày,"[""Mua sắm"", ""Chi phí khác""]",11,https://images.pexels.com/photos/29521438/pexels-photo-29521438.jpeg?auto=compress&cs=tinysrgb&dpr=2&h=650&w=940,,"[""Xe bus đón tiễn"", ""Vé vào cổng"", ""Ăn trưa set menu""]",False,False,[],tour-11__tour-vinwonders-nam-hoi-an__p01__pexels-29521438.jpg,D:\DATN\DATN_Tài liệu\data-center\media-assets\cloudinary-staging\tours\2026-06-04-tour-missing-thumbnail\originals\tour-11__tour-vinwonders-nam-hoi-an__p01__pexels-29521438.jpg,11,tour-vinwonders-nam-hoi-an,50,Đà Nẵng / Hội An,1,Tour VinWonders Nam Hội An Full Day,29521438,1,Võ Văn Tiến,https://www.pexels.com/@vo-van-ti-n-2037497312,900000.00,700000.00,150000.00,pexels,https://www.pexels.com/photo/traditional-dress-at-h-i-an-historic-pagoda-29521438/,0.00,0,Tour VinWonders Nam Hội An Full Day Vietnam travel,Thế giới giải trí đa sắc màu.,tour-vinwonders-nam-hoi-an,09:00,downloaded,,https://images.pexels.com/photos/29521438/pexels-photo-29521438.jpeg?auto=compress&cs=tinysrgb&h=350,1,11,tour-vinwonders-nam-hoi-an,2026-05-25 08:44:17,,0
,,open,0,Tour Biển & Đảo,tour-bien-dao,danangtrip/tours/tour-nui-than-tai/tour-12__tour-nui-than-tai__p01,2026-05-25 08:44:17,,"Thư giãn tuyệt đối với dịch vụ tắm khoáng, tắm bùn và khu vui chơi nước giữa núi rừng.",0,downloaded:373956,1 ngày,"[""Tắm bùn/Tắm sả"", ""Phòng nghỉ""]",12,https://images.pexels.com/photos/35457212/pexels-photo-35457212.jpeg?auto=compress&cs=tinysrgb&dpr=2&h=650&w=940,,"[""Xe đưa đón"", ""Vé cổng"", ""Buffet trưa""]",False,False,[],tour-12__tour-nui-than-tai__p01__pexels-35457212.jpg,D:\DATN\DATN_Tài liệu\data-center\media-assets\cloudinary-staging\tours\2026-06-04-tour-missing-thumbnail\originals\tour-12__tour-nui-than-tai__p01__pexels-35457212.jpg,12,tour-nui-than-tai,30,Đà Nẵng,2,Tour Suối Khoáng Nóng Thần Tài Relax,35457212,1,🇻🇳🇻🇳Nguyễn Tiến Thịnh 🇻🇳🇻🇳,https://www.pexels.com/@nguy-n-ti-n-th-nh-2150376175,850000.00,650000.00,150000.00,pexels,https://www.pexels.com/photo/colorful-festive-decor-and-sign-with-red-lanterns-35457212/,0.00,0,Tour Suối Khoáng Nóng Thần Tài Relax Vietnam travel,Nghỉ dưỡng và chăm sóc sức khỏe.,tour-nui-than-tai,08:30,downloaded,,https://images.pexels.com/photos/35457212/pexels-photo-35457212.jpeg?auto=compress&cs=tinysrgb&h=350,4,12,tour-nui-than-tai,2026-05-25 08:44:17,,0
,,open,0,Tour Mạo Hiểm,tour-mao-hiem,danangtrip/tours/tour-trekking-son-tra/tour-13__tour-trekking-son-tra__p01,2026-05-25 08:44:17,,"Thám hiểm rừng già Sơn Trà, tìm kiếm voọc chà vá chân nâu và chinh phục đỉnh Bàn Cờ.",0,downloaded:481500,6 giờ,"[""Vận chuyển""]",13,https://images.pexels.com/photos/34472517/pexels-photo-34472517.jpeg?auto=compress&cs=tinysrgb&dpr=2&h=650&w=940,,"[""HDV thám hiểm"", ""Gậy trekking"", ""Ăn nhẹ"", ""Nước suối""]",False,False,[],tour-13__tour-trekking-son-tra__p01__pexels-34472517.jpg,D:\DATN\DATN_Tài liệu\data-center\media-assets\cloudinary-staging\tours\2026-06-04-tour-missing-thumbnail\originals\tour-13__tour-trekking-son-tra__p01__pexels-34472517.jpg,13,tour-trekking-son-tra,10,Sơn Trà,2,Tour Trekking Bán Đảo Sơn Trà,34472517,1,Thư Hugo,https://www.pexels.com/@th-hugo-349378163,700000.00,700000.00,0.00,pexels,https://www.pexels.com/photo/peaceful-coastal-view-in-da-n-ng-vietnam-34472517/,0.00,0,Tour Trekking Bán Đảo Sơn Trà Vietnam travel,Thử thách thiên nhiên Sơn Trà.,tour-trekking-son-tra,06:00,downloaded,,https://images.pexels.com/photos/34472517/pexels-photo-34472517.jpeg?auto=compress&cs=tinysrgb&h=350,7,13,tour-trekking-son-tra,2026-05-25 08:44:17,,0
,,open,0,Tour Mạo Hiểm,tour-mao-hiem,danangtrip/tours/tour-bach-ma/tour-14__tour-bach-ma__p01,2026-05-25 08:44:17,,"Trekking rừng quốc gia Bạch Mã, ngắm thác Đỗ Quyên và ngắm toàn cảnh vịnh Lăng Cô từ Hải Vọng Đài.",0,downloaded:722823,1 ngày,"[""Dụng cụ cá nhân""]",14,https://images.pexels.com/photos/37012153/pexels-photo-37012153.jpeg?auto=compress&cs=tinysrgb&dpr=2&h=650&w=940,,"[""Xe đưa đón"", ""HDV chuyên tuyến"", ""Ăn trưa picnic"", ""Vé cổng""]",False,False,[],tour-14__tour-bach-ma__p01__pexels-37012153.jpg,D:\DATN\DATN_Tài liệu\data-center\media-assets\cloudinary-staging\tours\2026-06-04-tour-missing-thumbnail\originals\tour-14__tour-bach-ma__p01__pexels-37012153.jpg,14,tour-bach-ma,15,Đà Nẵng / Huế,2,Tour Khám Phá Bạch Mã National Park,37012153,1,Hồng Quang Official,https://www.pexels.com/@h-ng-quang-official-647624701,1100000.00,850000.00,200000.00,pexels,https://www.pexels.com/photo/cuc-phuong-national-park-entrance-in-vietnam-37012153/,0.00,0,Tour Khám Phá Bạch Mã National Park Vietnam travel,Hành trình chinh phục đỉnh Bạch Mã.,tour-bach-ma,07:30,downloaded,,https://images.pexels.com/photos/37012153/pexels-photo-37012153.jpeg?auto=compress&cs=tinysrgb&h=350,7,14,tour-bach-ma,2026-05-25 08:44:17,,0
,,open,0,Tour Ẩm Thực,tour-am-thuc,danangtrip/tours/tour-street-food-danang/tour-15__tour-street-food-danang__p01,2026-05-25 08:44:17,,Ngồi sau xe máy cùng HDV địa phương len lỏi vào các ngõ ngách thưởng thức 5-7 món ăn đặc sản.,0,downloaded:306897,4 giờ,"[""Tip""]",15,https://images.pexels.com/photos/28899311/pexels-photo-28899311.jpeg?auto=compress&cs=tinysrgb&dpr=2&h=650&w=940,,"[""Xe máy & Xăng"", ""Tất cả đồ ăn thức uống"", ""HDV địa phương""]",False,True,[],tour-15__tour-street-food-danang__p01__pexels-28899311.jpg,D:\DATN\DATN_Tài liệu\data-center\media-assets\cloudinary-staging\tours\2026-06-04-tour-missing-thumbnail\originals\tour-15__tour-street-food-danang__p01__pexels-28899311.jpg,15,tour-street-food-danang,10,Khách sạn trung tâm,1,Street Food Tour Đà Nẵng bằng Xe Máy,28899311,1,Tường Chopper,https://www.pexels.com/@tuongchopper,650000.00,650000.00,0.00,pexels,https://www.pexels.com/photo/bustling-street-scene-in-ho-chi-minh-city-vietnam-28899311/,0.00,0,Street Food Tour Đà Nẵng bằng Xe Máy Vietnam travel,Khám phá ẩm thực Đà Nẵng như người bản địa.,tour-street-food-danang,18:00,downloaded,,https://images.pexels.com/photos/28899311/pexels-photo-28899311.jpeg?auto=compress&cs=tinysrgb&h=350,6,15,tour-street-food-danang,2026-05-25 08:44:17,,0
,,open,0,Tour Khám Phá Thiên Nhiên,tour-thien-nhien,danangtrip/tours/tour-tra-que-farmer/tour-16__tour-tra-que-farmer__p01,2026-05-25 08:44:17,,"Học cách xới đất, trồng rau, tưới nước và tự tay chế biến món ăn từ rau sạch Trà Quế.",0,downloaded:602871,4 giờ,"[""Đưa đón""]",16,https://images.pexels.com/photos/35518540/pexels-photo-35518540.jpeg?auto=compress&cs=tinysrgb&dpr=2&h=650&w=940,,"[""Phí tham quan"", ""HDV nông dân"", ""Ăn trưa gia đình""]",False,False,[],tour-16__tour-tra-que-farmer__p01__pexels-35518540.jpg,D:\DATN\DATN_Tài liệu\data-center\media-assets\cloudinary-staging\tours\2026-06-04-tour-missing-thumbnail\originals\tour-16__tour-tra-que-farmer__p01__pexels-35518540.jpg,16,tour-tra-que-farmer,12,Làng Trà Quế,1,Tour Làm Nông Dân Làng Rau Trà Quế,35518540,1,Duy Nguyen,https://www.pexels.com/@duy-nguyen-489946968,500000.00,350000.00,100000.00,pexels,https://www.pexels.com/photo/aerial-view-of-lush-agricultural-fields-in-vietnam-35518540/,0.00,0,Tour Làm Nông Dân Làng Rau Trà Quế Vietnam travel,Một ngày làm nông dân Hội An.,tour-tra-que-farmer,08:30,downloaded,,https://images.pexels.com/photos/35518540/pexels-photo-35518540.jpeg?auto=compress&cs=tinysrgb&h=350,5,16,tour-tra-que-farmer,2026-05-25 08:44:17,,0
,,open,0,Tour Bà Nà Hills,tour-ba-na-hills,danangtrip/tours/tour-du-thuyen-song-han/tour-17__tour-du-thuyen-song-han__p01,2026-05-25 08:44:17,,"Ngắm nhìn thành phố ánh sáng từ giữa lòng sông và xem Cầu Rồng phun lửa, phun nước vào tối cuối tuần.",0,downloaded:357075,2 giờ,"[""Ăn tối trên thuyền""]",17,https://images.pexels.com/photos/19940389/pexels-photo-19940389.jpeg?auto=compress&cs=tinysrgb&dpr=2&h=650&w=940,,"[""Vé du thuyền"", ""Nước uống"", ""Bảo hiểm""]",False,False,[],tour-17__tour-du-thuyen-song-han__p01__pexels-19940389.jpg,D:\DATN\DATN_Tài liệu\data-center\media-assets\cloudinary-staging\tours\2026-06-04-tour-missing-thumbnail\originals\tour-17__tour-du-thuyen-song-han__p01__pexels-19940389.jpg,17,tour-du-thuyen-song-han,80,Bến tàu Bạch Đằng,1,Tour Du Thuyền Sông Hàn & Xem Rồng Phun Lửa,19940389,1,Kirandeep Singh Walia,https://www.pexels.com/@kirandeepsingh,200000.00,150000.00,50000.00,pexels,https://www.pexels.com/photo/da-nang-administrative-center-in-vietnam-19940389/,0.00,0,Tour Du Thuyền Sông Hàn & Xem Rồng Phun Lửa Vietnam travel,Buổi tối lãng mạn trên sông Hàn.,tour-du-thuyen-song-han,19:30,downloaded,,https://images.pexels.com/photos/19940389/pexels-photo-19940389.jpeg?auto=compress&cs=tinysrgb&h=350,1,17,tour-du-thuyen-song-han,2026-05-25 08:44:17,,0
,,open,0,Tour Cố Đô Huế,tour-hue,danangtrip/tours/tour-tam-giang-sunset/tour-18__tour-tam-giang-sunset__p01,2026-05-25 08:44:17,,"Khám phá hệ sinh thái đầm phá nước lợ, chèo thuyền Kayak và ngắm hoàng hôn tuyệt đẹp.",0,downloaded:232124,6 giờ,"[""Chi phí khác""]",18,https://images.pexels.com/photos/26594643/pexels-photo-26594643.jpeg?auto=compress&cs=tinysrgb&dpr=2&h=650&w=940,,"[""Xe đưa đón"", ""Thuyền tham quan"", ""Ăn tối hải sản""]",False,False,[],tour-18__tour-tam-giang-sunset__p01__pexels-26594643.jpg,D:\DATN\DATN_Tài liệu\data-center\media-assets\cloudinary-staging\tours\2026-06-04-tour-missing-thumbnail\originals\tour-18__tour-tam-giang-sunset__p01__pexels-26594643.jpg,18,tour-tam-giang-sunset,20,Huế,2,Tour Đầm Phá Tam Giang & Sunset,26594643,1,Nguyen Ngoc Tien,https://www.pexels.com/@nguyen-ngoc-tien-1321490019,750000.00,550000.00,150000.00,pexels,https://www.pexels.com/photo/moored-boats-in-the-evening-26594643/,0.00,0,Tour Đầm Phá Tam Giang & Sunset Vietnam travel,Hoàng hôn rực rỡ trên phá Tam Giang.,tour-tam-giang-sunset,14:30,downloaded,,https://images.pexels.com/photos/26594643/pexels-photo-26594643.jpeg?auto=compress&cs=tinysrgb&h=350,3,18,tour-tam-giang-sunset,2026-05-25 08:44:17,,0
,,open,0,Tour Khám Phá Thiên Nhiên,tour-thien-nhien,danangtrip/tours/tour-ca-hue-song-huong/tour-19__tour-ca-hue-song-huong__p01,2026-05-25 08:44:17,,Thưởng thức loại hình nghệ thuật di sản phi vật thể và thả đèn hoa đăng cầu may trên sông Hương.,0,downloaded:216563,2 giờ,"[""Ăn tối""]",19,https://images.pexels.com/photos/29515987/pexels-photo-29515987.jpeg?auto=compress&cs=tinysrgb&dpr=2&h=650&w=940,,"[""Thuyền rồng"", ""Nghệ nhân biểu diễn"", ""Hoa đăng""]",False,False,[],tour-19__tour-ca-hue-song-huong__p01__pexels-29515987.jpg,D:\DATN\DATN_Tài liệu\data-center\media-assets\cloudinary-staging\tours\2026-06-04-tour-missing-thumbnail\originals\tour-19__tour-ca-hue-song-huong__p01__pexels-29515987.jpg,19,tour-ca-hue-song-huong,30,Bến Tòa Khâm,1,Tour Ca Huế Trên Sông Hương & Ngắm Thành Phố,29515987,1,Võ Văn Tiến,https://www.pexels.com/@vo-van-ti-n-2037497312,150000.00,100000.00,0.00,pexels,https://www.pexels.com/photo/elegant-woman-in-ao-dai-on-trang-ti-n-bridge-29515987/,0.00,0,Tour Ca Huế Trên Sông Hương & Ngắm Thành Phố Vietnam travel,Văn hóa cố đô đặc sắc.,tour-ca-hue-song-huong,19:00,downloaded,,https://images.pexels.com/photos/29515987/pexels-photo-29515987.jpeg?auto=compress&cs=tinysrgb&h=350,5,19,tour-ca-hue-song-huong,2026-05-25 08:44:17,,0
,,open,0,Tour Mạo Hiểm,tour-mao-hiem,danangtrip/tours/tour-snorkeling-son-tra/tour-20__tour-snorkeling-son-tra__p01,2026-05-25 08:44:17,,Đi tàu gỗ ra các hòn đảo nhỏ quanh bán đảo Sơn Trà để lặn ngắm san hô và câu cá.,0,downloaded:481500,6 giờ,"[""Dịch vụ tắm nước ngọt""]",20,https://images.pexels.com/photos/34472517/pexels-photo-34472517.jpeg?auto=compress&cs=tinysrgb&dpr=2&h=650&w=940,,"[""Tàu gỗ du lịch"", ""Thiết bị lặn"", ""Ăn trưa trên tàu""]",False,False,[],tour-20__tour-snorkeling-son-tra__p01__pexels-34472517.jpg,D:\DATN\DATN_Tài liệu\data-center\media-assets\cloudinary-staging\tours\2026-06-04-tour-missing-thumbnail\originals\tour-20__tour-snorkeling-son-tra__p01__pexels-34472517.jpg,20,tour-snorkeling-son-tra,25,Cảng Tiên Sa,4,Tour Snorkeling Bán Đảo Sơn Trà,34472517,1,Thư Hugo,https://www.pexels.com/@th-hugo-349378163,600000.00,450000.00,100000.00,pexels,https://www.pexels.com/photo/peaceful-coastal-view-in-da-n-ng-vietnam-34472517/,0.00,0,Tour Snorkeling Bán Đảo Sơn Trà Vietnam travel,Khám phá đại dương Sơn Trà.,tour-snorkeling-son-tra,08:30,downloaded,,https://images.pexels.com/photos/34472517/pexels-photo-34472517.jpeg?auto=compress&cs=tinysrgb&h=350,7,20,tour-snorkeling-son-tra,2026-05-25 08:44:17,,0
,,open,0,Tour Phố Cổ Hội An,tour-hoi-an,danangtrip/tours/tour-real-variant-21/tour-21__tour-real-variant-21__p01,2026-05-25 08:44:17,,Trải nghiệm chuyên sâu hơn của Trải nghiệm chèo thúng tại rừng dừa Bảy Mẫu và khám phá vẻ đẹp hoài cổ của phố cổ Hội An về đêm.,0,downloaded:485810,7 giờ,,21,https://images.pexels.com/photos/32874870/pexels-photo-32874870.jpeg?auto=compress&cs=tinysrgb&dpr=2&h=650&w=940,,,False,False,,tour-21__tour-real-variant-21__p01__pexels-32874870.jpg,D:\DATN\DATN_Tài liệu\data-center\media-assets\cloudinary-staging\tours\2026-06-04-tour-missing-thumbnail\originals\tour-21__tour-real-variant-21__p01__pexels-32874870.jpg,21,tour-real-variant-21,30,,2,Tour Tiết Kiệm Tour Phố Cổ Hội An & Rừng Dừa Bảy Mẫu,32874870,1,Vietnam  Hidden Light,https://www.pexels.com/@vietnamhiddenlight,892643.55,572361.99,150000.00,pexels,https://www.pexels.com/photo/aerial-view-of-basket-boats-in-h-i-an-vietnam-32874870/,0.00,0,Tour Tiết Kiệm Tour Phố Cổ Hội An & Rừng Dừa Bảy Mẫu Vietnam travel,Kết hợp trải nghiệm sông nước và văn hóa phố cổ.,tour-real-variant-21,,downloaded,,https://images.pexels.com/photos/32874870/pexels-photo-32874870.jpeg?auto=compress&cs=tinysrgb&h=350,2,21,tour-real-variant-21,2026-05-25 08:44:17,,0
,,open,0,Tour Khám Phá Thiên Nhiên,tour-thien-nhien,danangtrip/tours/tour-real-variant-22/tour-22__tour-real-variant-22__p01,2026-05-25 08:44:17,,Trải nghiệm chuyên sâu hơn của Hành trình tâm linh khám phá các hang động kỳ bí tại Ngũ Hành Sơn và chiêm bái Phật Bà tại Sơn Trà.,0,downloaded:302400,4 giờ,,22,https://images.pexels.com/photos/36748260/pexels-photo-36748260.jpeg?auto=compress&cs=tinysrgb&dpr=2&h=650&w=940,,,False,False,,tour-22__tour-real-variant-22__p01__pexels-36748260.jpg,D:\DATN\DATN_Tài liệu\data-center\media-assets\cloudinary-staging\tours\2026-06-04-tour-missing-thumbnail\originals\tour-22__tour-real-variant-22__p01__pexels-36748260.jpg,22,tour-real-variant-22,20,,2,Tour Khám Phá Tour Ngũ Hành Sơn & Chùa Linh Ứng Sơn Trà,36748260,1,TUAN PHAN,https://www.pexels.com/@tuan-phan-2156993475,466962.46,252929.22,0.00,pexels,https://www.pexels.com/photo/scenic-coastal-view-of-s-n-tra-peninsula-vietnam-36748260/,0.00,0,Tour Khám Phá Tour Ngũ Hành Sơn & Chùa Linh Ứng Sơn Trà Vietnam travel,Tour tâm linh nửa ngày ngắm cảnh biển Đà Nẵng.,tour-real-variant-22,,downloaded,,https://images.pexels.com/photos/36748260/pexels-photo-36748260.jpeg?auto=compress&cs=tinysrgb&h=350,5,22,tour-real-variant-22,2026-05-25 08:44:17,,0
,,open,0,Tour Cố Đô Huế,tour-hue,danangtrip/tours/tour-real-variant-23/tour-23__tour-real-variant-23__p01,2026-05-25 08:44:17,,"Trải nghiệm chuyên sâu hơn của Chuyến đi biển đảo hấp dẫn với các hoạt động tắm biển, lặn ngắm san hô và thưởng thức hải sản tươi ngon.",0,downloaded:353793,1 ngày,,23,https://images.pexels.com/photos/32228483/pexels-photo-32228483.jpeg?auto=compress&cs=tinysrgb&dpr=2&h=650&w=940,,,False,False,,tour-23__tour-real-variant-23__p01__pexels-32228483.jpg,D:\DATN\DATN_Tài liệu\data-center\media-assets\cloudinary-staging\tours\2026-06-04-tour-missing-thumbnail\originals\tour-23__tour-real-variant-23__p01__pexels-32228483.jpg,23,tour-real-variant-23,35,,4,Tour Khám Phá Tour Cù Lao Chàm Lặn Ngắm San Hô,32228483,1,Trieu Kim Tran,https://www.pexels.com/@trieu-kim-tran-489969244,773905.95,488336.27,100000.00,pexels,https://www.pexels.com/photo/scenic-boat-tour-on-tropical-waters-32228483/,0.00,0,Tour Khám Phá Tour Cù Lao Chàm Lặn Ngắm San Hô Vietnam travel,Thiên đường biển đảo Cù Lao Chàm.,tour-real-variant-23,,downloaded,,https://images.pexels.com/photos/32228483/pexels-photo-32228483.jpeg?auto=compress&cs=tinysrgb&h=350,3,23,tour-real-variant-23,2026-05-25 08:44:17,,0
,,open,0,Tour Khám Phá Thiên Nhiên,tour-thien-nhien,danangtrip/tours/tour-real-variant-24/tour-24__tour-real-variant-24__p01,2026-05-25 08:44:17,,"Trải nghiệm chuyên sâu hơn của Vượt đèo Hải Vân đến với cố đô Huế, tham quan Đại Nội, chùa Thiên Mụ và các lăng tẩm uy nghiêm.",0,downloaded:659336,1 ngày,,24,https://images.pexels.com/photos/27418881/pexels-photo-27418881.jpeg?auto=compress&cs=tinysrgb&dpr=2&h=650&w=940,,,False,False,,tour-24__tour-real-variant-24__p01__pexels-27418881.jpg,D:\DATN\DATN_Tài liệu\data-center\media-assets\cloudinary-staging\tours\2026-06-04-tour-missing-thumbnail\originals\tour-24__tour-real-variant-24__p01__pexels-27418881.jpg,24,tour-real-variant-24,40,,2,Tour Khám Phá Tour Cố Đô Huế 1 Ngày từ Đà Nẵng,27418881,1,Vietnam Tri Duong Photographer,https://www.pexels.com/@triduhi-youtuber,1214918.14,758379.46,200000.00,pexels,https://www.pexels.com/photo/kinh-thanh-hu-vi-t-nam-27418881/,0.00,0,Tour Khám Phá Tour Cố Đô Huế 1 Ngày từ Đà Nẵng Vietnam travel,Hành trình di sản cố đô miền Trung.,tour-real-variant-24,,downloaded,,https://images.pexels.com/photos/27418881/pexels-photo-27418881.jpeg?auto=compress&cs=tinysrgb&h=350,5,24,tour-real-variant-24,2026-05-25 08:44:17,,0
,,open,0,Tour Khám Phá Thiên Nhiên,tour-thien-nhien,danangtrip/tours/tour-real-variant-25/tour-25__tour-real-variant-25__p01,2026-05-25 08:44:17,,Trải nghiệm sang trọng hơn của Tìm hiểu về văn hóa Champa cổ đại qua quần thể đền tháp Mỹ Sơn - Di sản văn hóa thế giới.,0,downloaded:587206,5 giờ,,25,https://images.pexels.com/photos/35042236/pexels-photo-35042236.jpeg?auto=compress&cs=tinysrgb&dpr=2&h=650&w=940,,,False,False,,tour-25__tour-real-variant-25__p01__pexels-35042236.jpg,D:\DATN\DATN_Tài liệu\data-center\media-assets\cloudinary-staging\tours\2026-06-04-tour-missing-thumbnail\originals\tour-25__tour-real-variant-25__p01__pexels-35042236.jpg,25,tour-real-variant-25,25,,2,Tour Cao Cấp Tour Thánh Địa Mỹ Sơn nửa ngày,35042236,1,Nguyen Ngoc Tien,https://www.pexels.com/@nguyen-ngoc-tien-1321490019,606909.42,413663.34,100000.00,pexels,https://www.pexels.com/photo/group-enjoying-a-scenic-boat-ride-on-tranquil-lake-35042236/,0.00,0,Tour Cao Cấp Tour Thánh Địa Mỹ Sơn nửa ngày Vietnam travel,Khám phá bí ẩn tháp Chàm.,tour-real-variant-25,,downloaded,,https://images.pexels.com/photos/35042236/pexels-photo-35042236.jpeg?auto=compress&cs=tinysrgb&h=350,5,25,tour-real-variant-25,2026-05-25 08:44:17,,0
,,open,0,Tour Bà Nà Hills,tour-ba-na-hills,danangtrip/tours/tour-real-variant-26/tour-26__tour-real-variant-26__p01,2026-05-25 08:44:17,,"Trải nghiệm chuyên sâu hơn của Hành trình check-in những biểu tượng hiện đại của Đà Nẵng: Cầu Rồng, Cầu Tình Yêu, Bảo tàng Chăm.",0,downloaded:319817,4 giờ,,26,https://images.pexels.com/photos/29941646/pexels-photo-29941646.jpeg?auto=compress&cs=tinysrgb&dpr=2&h=650&w=940,,,False,False,,tour-26__tour-real-variant-26__p01__pexels-29941646.jpg,D:\DATN\DATN_Tài liệu\data-center\media-assets\cloudinary-staging\tours\2026-06-04-tour-missing-thumbnail\originals\tour-26__tour-real-variant-26__p01__pexels-29941646.jpg,26,tour-real-variant-26,15,,2,Tour Tiết Kiệm Tour Đà Nẵng City - Những Cây Cầu,29941646,1,Võ Văn Tiến,https://www.pexels.com/@vo-van-ti-n-2037497312,405626.30,219679.59,0.00,pexels,https://www.pexels.com/photo/family-in-traditional-vietnamese-ao-dai-at-japanese-bridge-29941646/,0.00,0,Tour Tiết Kiệm Tour Đà Nẵng City - Những Cây Cầu Vietnam travel,Tour khám phá thành phố đáng sống.,tour-real-variant-26,,downloaded,,https://images.pexels.com/photos/29941646/pexels-photo-29941646.jpeg?auto=compress&cs=tinysrgb&h=350,1,26,tour-real-variant-26,2026-05-25 08:44:17,,0
,,open,0,Tour Cố Đô Huế,tour-hue,danangtrip/tours/tour-real-variant-27/tour-27__tour-real-variant-27__p01,2026-05-25 08:44:17,,Trải nghiệm chuyên sâu hơn của Trải nghiệm cung đường đèo đẹp nhất Việt Nam và thư giãn tại vịnh biển Lăng Cô thơ mộng.,0,downloaded:353793,1 ngày,,27,https://images.pexels.com/photos/32228483/pexels-photo-32228483.jpeg?auto=compress&cs=tinysrgb&dpr=2&h=650&w=940,,,False,False,,tour-27__tour-real-variant-27__p01__pexels-32228483.jpg,D:\DATN\DATN_Tài liệu\data-center\media-assets\cloudinary-staging\tours\2026-06-04-tour-missing-thumbnail\originals\tour-27__tour-real-variant-27__p01__pexels-32228483.jpg,27,tour-real-variant-27,20,,2,Tour Khám Phá Tour Đèo Hải Vân & Lăng Cô - Ô tô,32228483,1,Trieu Kim Tran,https://www.pexels.com/@trieu-kim-tran-489969244,975393.24,658319.18,150000.00,pexels,https://www.pexels.com/photo/scenic-boat-tour-on-tropical-waters-32228483/,0.00,0,Tour Khám Phá Tour Đèo Hải Vân & Lăng Cô - Ô tô Vietnam travel,"Ngắm nhìn ""Thiên hạ đệ nhất hùng quan"".",tour-real-variant-27,,downloaded,,https://images.pexels.com/photos/32228483/pexels-photo-32228483.jpeg?auto=compress&cs=tinysrgb&h=350,3,27,tour-real-variant-27,2026-05-25 08:44:17,,0
,,open,0,Tour Ẩm Thực,tour-am-thuc,danangtrip/tours/tour-real-variant-28/tour-28__tour-real-variant-28__p01,2026-05-25 08:44:17,,"Trải nghiệm chuyên sâu hơn của Dạo bước phố đèn lồng, thả đèn hoa đăng và thưởng thức các món ăn đặc sản nổi tiếng của Hội An.",0,downloaded:264185,5 giờ,,28,https://images.pexels.com/photos/34949975/pexels-photo-34949975.jpeg?auto=compress&cs=tinysrgb&dpr=2&h=650&w=940,,,False,False,,tour-28__tour-real-variant-28__p01__pexels-34949975.jpg,D:\DATN\DATN_Tài liệu\data-center\media-assets\cloudinary-staging\tours\2026-06-04-tour-missing-thumbnail\originals\tour-28__tour-real-variant-28__p01__pexels-34949975.jpg,28,tour-real-variant-28,25,,2,Tour Khám Phá Tour Đêm Phố Cổ Hội An & Ăn Tối,34949975,1,Võ Văn Tiến,https://www.pexels.com/@vo-van-ti-n-2037497312,717625.25,459738.14,100000.00,pexels,https://www.pexels.com/photo/traditional-vietnamese-attire-in-h-i-an-alleyway-34949975/,0.00,0,Tour Khám Phá Tour Đêm Phố Cổ Hội An & Ăn Tối Vietnam travel,Lãng mạn phố cổ về đêm.,tour-real-variant-28,,downloaded,,https://images.pexels.com/photos/34949975/pexels-photo-34949975.jpeg?auto=compress&cs=tinysrgb&h=350,6,28,tour-real-variant-28,2026-05-25 08:44:17,,0
,,open,0,Tour Bà Nà Hills,tour-ba-na-hills,danangtrip/tours/tour-real-variant-29/tour-29__tour-real-variant-29__p01,2026-05-25 08:44:17,,"Trải nghiệm chuyên sâu hơn của Trải nghiệm Bà Nà Hills lung linh về đêm với Buffet tối, rượu vang và các show diễn đặc sắc.",0,downloaded:390115,1 ngày,,29,https://images.pexels.com/photos/18671478/pexels-photo-18671478.jpeg?auto=compress&cs=tinysrgb&dpr=2&h=650&w=940,,,False,False,,tour-29__tour-real-variant-29__p01__pexels-18671478.jpg,D:\DATN\DATN_Tài liệu\data-center\media-assets\cloudinary-staging\tours\2026-06-04-tour-missing-thumbnail\originals\tour-29__tour-real-variant-29__p01__pexels-18671478.jpg,29,tour-real-variant-29,50,,1,Tour Khám Phá Tour Bà Nà Hills Đêm (Sun World Night),18671478,1,Prakash Achari,https://www.pexels.com/@prakaachu,1008866.36,763897.48,200000.00,pexels,https://www.pexels.com/photo/golden-bridge-ba-na-hills-vietnam-18671478/,0.00,0,Tour Khám Phá Tour Bà Nà Hills Đêm (Sun World Night) Vietnam travel,Bà Nà huyền ảo buổi đêm.,tour-real-variant-29,,downloaded,,https://images.pexels.com/photos/18671478/pexels-photo-18671478.jpeg?auto=compress&cs=tinysrgb&h=350,1,29,tour-real-variant-29,2026-05-25 08:44:17,,0
,,open,0,Tour Bà Nà Hills,tour-ba-na-hills,danangtrip/tours/tour-real-variant-30/tour-30__tour-real-variant-30__p01,2026-05-25 08:44:17,,"Trải nghiệm sang trọng hơn của Vui chơi không giới hạn tại VinWonders Nam Hội An với Safari, Công viên nước và Đảo văn hóa.",0,downloaded:481066,1 ngày,,30,https://images.pexels.com/photos/29521438/pexels-photo-29521438.jpeg?auto=compress&cs=tinysrgb&dpr=2&h=650&w=940,,,False,False,,tour-30__tour-real-variant-30__p01__pexels-29521438.jpg,D:\DATN\DATN_Tài liệu\data-center\media-assets\cloudinary-staging\tours\2026-06-04-tour-missing-thumbnail\originals\tour-30__tour-real-variant-30__p01__pexels-29521438.jpg,30,tour-real-variant-30,50,,1,Tour Cao Cấp Tour VinWonders Nam Hội An Full Day,29521438,1,Võ Văn Tiến,https://www.pexels.com/@vo-van-ti-n-2037497312,1000228.29,722804.74,150000.00,pexels,https://www.pexels.com/photo/traditional-dress-at-h-i-an-historic-pagoda-29521438/,0.00,0,Tour Cao Cấp Tour VinWonders Nam Hội An Full Day Vietnam travel,Thế giới giải trí đa sắc màu.,tour-real-variant-30,,downloaded,,https://images.pexels.com/photos/29521438/pexels-photo-29521438.jpeg?auto=compress&cs=tinysrgb&h=350,1,30,tour-real-variant-30,2026-05-25 08:44:17,,0
,,open,0,Tour Biển & Đảo,tour-bien-dao,danangtrip/tours/tour-real-variant-31/tour-31__tour-real-variant-31__p01,2026-05-25 08:44:17,,"Trải nghiệm chuyên sâu hơn của Thư giãn tuyệt đối với dịch vụ tắm khoáng, tắm bùn và khu vui chơi nước giữa núi rừng.",0,downloaded:587206,1 ngày,,31,https://images.pexels.com/photos/35042236/pexels-photo-35042236.jpeg?auto=compress&cs=tinysrgb&dpr=2&h=650&w=940,,,False,False,,tour-31__tour-real-variant-31__p01__pexels-35042236.jpg,D:\DATN\DATN_Tài liệu\data-center\media-assets\cloudinary-staging\tours\2026-06-04-tour-missing-thumbnail\originals\tour-31__tour-real-variant-31__p01__pexels-35042236.jpg,31,tour-real-variant-31,30,,2,Tour Tiết Kiệm Tour Suối Khoáng Nóng Thần Tài Relax,35042236,1,Nguyen Ngoc Tien,https://www.pexels.com/@nguyen-ngoc-tien-1321490019,977069.37,650743.82,150000.00,pexels,https://www.pexels.com/photo/group-enjoying-a-scenic-boat-ride-on-tranquil-lake-35042236/,0.00,0,Tour Tiết Kiệm Tour Suối Khoáng Nóng Thần Tài Relax Vietnam travel,Nghỉ dưỡng và chăm sóc sức khỏe.,tour-real-variant-31,,downloaded,,https://images.pexels.com/photos/35042236/pexels-photo-35042236.jpeg?auto=compress&cs=tinysrgb&h=350,4,31,tour-real-variant-31,2026-05-25 08:44:17,,0
,,open,0,Tour Mạo Hiểm,tour-mao-hiem,danangtrip/tours/tour-real-variant-32/tour-32__tour-real-variant-32__p01,2026-05-25 08:44:17,,"Trải nghiệm chuyên sâu hơn của Thám hiểm rừng già Sơn Trà, tìm kiếm voọc chà vá chân nâu và chinh phục đỉnh Bàn Cờ.",0,downloaded:302400,6 giờ,,32,https://images.pexels.com/photos/36748260/pexels-photo-36748260.jpeg?auto=compress&cs=tinysrgb&dpr=2&h=650&w=940,,,False,False,,tour-32__tour-real-variant-32__p01__pexels-36748260.jpg,D:\DATN\DATN_Tài liệu\data-center\media-assets\cloudinary-staging\tours\2026-06-04-tour-missing-thumbnail\originals\tour-32__tour-real-variant-32__p01__pexels-36748260.jpg,32,tour-real-variant-32,10,,2,Tour Khám Phá Tour Trekking Bán Đảo Sơn Trà,36748260,1,TUAN PHAN,https://www.pexels.com/@tuan-phan-2156993475,807397.21,729432.55,0.00,pexels,https://www.pexels.com/photo/scenic-coastal-view-of-s-n-tra-peninsula-vietnam-36748260/,0.00,0,Tour Khám Phá Tour Trekking Bán Đảo Sơn Trà Vietnam travel,Thử thách thiên nhiên Sơn Trà.,tour-real-variant-32,,downloaded,,https://images.pexels.com/photos/36748260/pexels-photo-36748260.jpeg?auto=compress&cs=tinysrgb&h=350,7,32,tour-real-variant-32,2026-05-25 08:44:17,,0
,,open,0,Tour Mạo Hiểm,tour-mao-hiem,danangtrip/tours/tour-real-variant-33/tour-33__tour-real-variant-33__p01,2026-05-25 08:44:17,,"Trải nghiệm chuyên sâu hơn của Trekking rừng quốc gia Bạch Mã, ngắm thác Đỗ Quyên và ngắm toàn cảnh vịnh Lăng Cô từ Hải Vọng Đài.",0,downloaded:346744,1 ngày,,33,https://images.pexels.com/photos/31265701/pexels-photo-31265701.jpeg?auto=compress&cs=tinysrgb&dpr=2&h=650&w=940,,,False,False,,tour-33__tour-real-variant-33__p01__pexels-31265701.jpg,D:\DATN\DATN_Tài liệu\data-center\media-assets\cloudinary-staging\tours\2026-06-04-tour-missing-thumbnail\originals\tour-33__tour-real-variant-33__p01__pexels-31265701.jpg,33,tour-real-variant-33,15,,2,Tour Khám Phá Tour Khám Phá Bạch Mã National Park,31265701,1,Vietnam  Hidden Light,https://www.pexels.com/@vietnamhiddenlight,1140524.44,915688.92,200000.00,pexels,https://www.pexels.com/photo/scenic-mountain-road-in-ha-giang-vietnam-31265701/,0.00,0,Tour Khám Phá Tour Khám Phá Bạch Mã National Park Vietnam travel,Hành trình chinh phục đỉnh Bạch Mã.,tour-real-variant-33,,downloaded,,https://images.pexels.com/photos/31265701/pexels-photo-31265701.jpeg?auto=compress&cs=tinysrgb&h=350,7,33,tour-real-variant-33,2026-05-25 08:44:17,,0
,,open,0,Tour Ẩm Thực,tour-am-thuc,danangtrip/tours/tour-real-variant-34/tour-34__tour-real-variant-34__p01,2026-05-25 08:44:17,,Trải nghiệm chuyên sâu hơn của Ngồi sau xe máy cùng HDV địa phương len lỏi vào các ngõ ngách thưởng thức 5-7 món ăn đặc sản.,0,downloaded:306897,4 giờ,,34,https://images.pexels.com/photos/28899311/pexels-photo-28899311.jpeg?auto=compress&cs=tinysrgb&dpr=2&h=650&w=940,,,False,False,,tour-34__tour-real-variant-34__p01__pexels-28899311.jpg,D:\DATN\DATN_Tài liệu\data-center\media-assets\cloudinary-staging\tours\2026-06-04-tour-missing-thumbnail\originals\tour-34__tour-real-variant-34__p01__pexels-28899311.jpg,34,tour-real-variant-34,10,,1,Tour Khám Phá Street Food Tour Đà Nẵng bằng Xe Máy,28899311,1,Tường Chopper,https://www.pexels.com/@tuongchopper,699636.62,673411.11,0.00,pexels,https://www.pexels.com/photo/bustling-street-scene-in-ho-chi-minh-city-vietnam-28899311/,0.00,0,Tour Khám Phá Street Food Tour Đà Nẵng bằng Xe Máy Vietnam travel,Khám phá ẩm thực Đà Nẵng như người bản địa.,tour-real-variant-34,,downloaded,,https://images.pexels.com/photos/28899311/pexels-photo-28899311.jpeg?auto=compress&cs=tinysrgb&h=350,6,34,tour-real-variant-34,2026-05-25 08:44:17,,0
,,open,0,Tour Khám Phá Thiên Nhiên,tour-thien-nhien,danangtrip/tours/tour-real-variant-35/tour-35__tour-real-variant-35__p01,2026-05-25 08:44:17,,"Trải nghiệm sang trọng hơn của Học cách xới đất, trồng rau, tưới nước và tự tay chế biến món ăn từ rau sạch Trà Quế.",0,downloaded:602871,4 giờ,,35,https://images.pexels.com/photos/35518540/pexels-photo-35518540.jpeg?auto=compress&cs=tinysrgb&dpr=2&h=650&w=940,,,False,False,,tour-35__tour-real-variant-35__p01__pexels-35518540.jpg,D:\DATN\DATN_Tài liệu\data-center\media-assets\cloudinary-staging\tours\2026-06-04-tour-missing-thumbnail\originals\tour-35__tour-real-variant-35__p01__pexels-35518540.jpg,35,tour-real-variant-35,12,,1,Tour Cao Cấp Tour Làm Nông Dân Làng Rau Trà Quế,35518540,1,Duy Nguyen,https://www.pexels.com/@duy-nguyen-489946968,516113.60,372603.52,100000.00,pexels,https://www.pexels.com/photo/aerial-view-of-lush-agricultural-fields-in-vietnam-35518540/,0.00,0,Tour Cao Cấp Tour Làm Nông Dân Làng Rau Trà Quế Vietnam travel,Một ngày làm nông dân Hội An.,tour-real-variant-35,,downloaded,,https://images.pexels.com/photos/35518540/pexels-photo-35518540.jpeg?auto=compress&cs=tinysrgb&h=350,5,35,tour-real-variant-35,2026-05-25 08:44:17,,0
,,open,0,Tour Bà Nà Hills,tour-ba-na-hills,danangtrip/tours/tour-real-variant-36/tour-36__tour-real-variant-36__p01,2026-05-25 08:44:17,,"Trải nghiệm chuyên sâu hơn của Ngắm nhìn thành phố ánh sáng từ giữa lòng sông và xem Cầu Rồng phun lửa, phun nước vào tối cuối tuần.",0,downloaded:357075,2 giờ,,36,https://images.pexels.com/photos/19940389/pexels-photo-19940389.jpeg?auto=compress&cs=tinysrgb&dpr=2&h=650&w=940,,,False,False,,tour-36__tour-real-variant-36__p01__pexels-19940389.jpg,D:\DATN\DATN_Tài liệu\data-center\media-assets\cloudinary-staging\tours\2026-06-04-tour-missing-thumbnail\originals\tour-36__tour-real-variant-36__p01__pexels-19940389.jpg,36,tour-real-variant-36,80,,1,Tour Tiết Kiệm Tour Du Thuyền Sông Hàn & Xem Rồng Phun Lửa,19940389,1,Kirandeep Singh Walia,https://www.pexels.com/@kirandeepsingh,236679.69,150355.53,50000.00,pexels,https://www.pexels.com/photo/da-nang-administrative-center-in-vietnam-19940389/,0.00,0,Tour Tiết Kiệm Tour Du Thuyền Sông Hàn & Xem Rồng Phun Lửa Vietnam travel,Buổi tối lãng mạn trên sông Hàn.,tour-real-variant-36,,downloaded,,https://images.pexels.com/photos/19940389/pexels-photo-19940389.jpeg?auto=compress&cs=tinysrgb&h=350,1,36,tour-real-variant-36,2026-05-25 08:44:17,,0
,,open,0,Tour Cố Đô Huế,tour-hue,danangtrip/tours/tour-real-variant-37/tour-37__tour-real-variant-37__p01,2026-05-25 08:44:17,,"Trải nghiệm chuyên sâu hơn của Khám phá hệ sinh thái đầm phá nước lợ, chèo thuyền Kayak và ngắm hoàng hôn tuyệt đẹp.",0,downloaded:456250,6 giờ,,37,https://images.pexels.com/photos/33248828/pexels-photo-33248828.jpeg?auto=compress&cs=tinysrgb&dpr=2&h=650&w=940,,,False,False,,tour-37__tour-real-variant-37__p01__pexels-33248828.jpg,D:\DATN\DATN_Tài liệu\data-center\media-assets\cloudinary-staging\tours\2026-06-04-tour-missing-thumbnail\originals\tour-37__tour-real-variant-37__p01__pexels-33248828.jpg,37,tour-real-variant-37,20,,2,Tour Khám Phá Tour Đầm Phá Tam Giang & Sunset,33248828,1,NGUYỄN THÀNH NHƠN,https://www.pexels.com/@nguy-n-thanh-nh-n-203569019,866315.16,579335.73,150000.00,pexels,https://www.pexels.com/photo/speedboat-moored-by-riverside-in-sunny-weather-33248828/,0.00,0,Tour Khám Phá Tour Đầm Phá Tam Giang & Sunset Vietnam travel,Hoàng hôn rực rỡ trên phá Tam Giang.,tour-real-variant-37,,downloaded,,https://images.pexels.com/photos/33248828/pexels-photo-33248828.jpeg?auto=compress&cs=tinysrgb&h=350,3,37,tour-real-variant-37,2026-05-25 08:44:17,,0
,,open,0,Tour Khám Phá Thiên Nhiên,tour-thien-nhien,danangtrip/tours/tour-real-variant-38/tour-38__tour-real-variant-38__p01,2026-05-25 08:44:17,,Trải nghiệm chuyên sâu hơn của Thưởng thức loại hình nghệ thuật di sản phi vật thể và thả đèn hoa đăng cầu may trên sông Hương.,0,downloaded:216563,2 giờ,,38,https://images.pexels.com/photos/29515987/pexels-photo-29515987.jpeg?auto=compress&cs=tinysrgb&dpr=2&h=650&w=940,,,False,False,,tour-38__tour-real-variant-38__p01__pexels-29515987.jpg,D:\DATN\DATN_Tài liệu\data-center\media-assets\cloudinary-staging\tours\2026-06-04-tour-missing-thumbnail\originals\tour-38__tour-real-variant-38__p01__pexels-29515987.jpg,38,tour-real-variant-38,30,,1,Tour Khám Phá Tour Ca Huế Trên Sông Hương & Ngắm Thành Phố,29515987,1,Võ Văn Tiến,https://www.pexels.com/@vo-van-ti-n-2037497312,171479.93,107776.18,0.00,pexels,https://www.pexels.com/photo/elegant-woman-in-ao-dai-on-trang-ti-n-bridge-29515987/,0.00,0,Tour Khám Phá Tour Ca Huế Trên Sông Hương & Ngắm Thành Phố Vietnam travel,Văn hóa cố đô đặc sắc.,tour-real-variant-38,,downloaded,,https://images.pexels.com/photos/29515987/pexels-photo-29515987.jpeg?auto=compress&cs=tinysrgb&h=350,5,38,tour-real-variant-38,2026-05-25 08:44:17,,0
,,open,0,Tour Mạo Hiểm,tour-mao-hiem,danangtrip/tours/tour-real-variant-39/tour-39__tour-real-variant-39__p01,2026-05-25 08:44:17,,Trải nghiệm chuyên sâu hơn của Đi tàu gỗ ra các hòn đảo nhỏ quanh bán đảo Sơn Trà để lặn ngắm san hô và câu cá.,0,downloaded:481500,6 giờ,,39,https://images.pexels.com/photos/34472517/pexels-photo-34472517.jpeg?auto=compress&cs=tinysrgb&dpr=2&h=650&w=940,,,False,False,,tour-39__tour-real-variant-39__p01__pexels-34472517.jpg,D:\DATN\DATN_Tài liệu\data-center\media-assets\cloudinary-staging\tours\2026-06-04-tour-missing-thumbnail\originals\tour-39__tour-real-variant-39__p01__pexels-34472517.jpg,39,tour-real-variant-39,25,,4,Tour Khám Phá Tour Snorkeling Bán Đảo Sơn Trà,34472517,1,Thư Hugo,https://www.pexels.com/@th-hugo-349378163,685766.74,487313.13,100000.00,pexels,https://www.pexels.com/photo/peaceful-coastal-view-in-da-n-ng-vietnam-34472517/,0.00,0,Tour Khám Phá Tour Snorkeling Bán Đảo Sơn Trà Vietnam travel,Khám phá đại dương Sơn Trà.,tour-real-variant-39,,downloaded,,https://images.pexels.com/photos/34472517/pexels-photo-34472517.jpeg?auto=compress&cs=tinysrgb&h=350,7,39,tour-real-variant-39,2026-05-25 08:44:17,,0
,,open,0,Tour Bà Nà Hills,tour-ba-na-hills,danangtrip/tours/tour-real-variant-40/tour-40__tour-real-variant-40__p01,2026-05-25 08:44:17,,"Trải nghiệm sang trọng hơn của Khám phá chốn bồng lai tiên cảnh với Cầu Vàng, Làng Pháp và hệ thống cáp treo đạt nhiều kỷ lục thế giới.",0,downloaded:390115,1 ngày,,40,https://images.pexels.com/photos/18671478/pexels-photo-18671478.jpeg?auto=compress&cs=tinysrgb&dpr=2&h=650&w=940,,,False,False,,tour-40__tour-real-variant-40__p01__pexels-18671478.jpg,D:\DATN\DATN_Tài liệu\data-center\media-assets\cloudinary-staging\tours\2026-06-04-tour-missing-thumbnail\originals\tour-40__tour-real-variant-40__p01__pexels-18671478.jpg,40,tour-real-variant-40,45,,2,Tour Cao Cấp Tour Bà Nà Hills 1 Ngày (Buffet Trưa),18671478,1,Prakash Achari,https://www.pexels.com/@prakaachu,1260523.83,1029509.96,250000.00,pexels,https://www.pexels.com/photo/golden-bridge-ba-na-hills-vietnam-18671478/,0.00,0,Tour Cao Cấp Tour Bà Nà Hills 1 Ngày (Buffet Trưa) Vietnam travel,Hành trình đưa quý khách đến với đỉnh Núi Chúa - Đà Nẵng.,tour-real-variant-40,,downloaded,,https://images.pexels.com/photos/18671478/pexels-photo-18671478.jpeg?auto=compress&cs=tinysrgb&h=350,1,40,tour-real-variant-40,2026-05-25 08:44:17,,0
,,open,0,Tour Phố Cổ Hội An,tour-hoi-an,danangtrip/tours/tour-real-variant-41/tour-41__tour-real-variant-41__p01,2026-05-25 08:44:17,,Trải nghiệm chuyên sâu hơn của Trải nghiệm chèo thúng tại rừng dừa Bảy Mẫu và khám phá vẻ đẹp hoài cổ của phố cổ Hội An về đêm.,0,downloaded:485810,7 giờ,,41,https://images.pexels.com/photos/32874870/pexels-photo-32874870.jpeg?auto=compress&cs=tinysrgb&dpr=2&h=650&w=940,,,False,False,,tour-41__tour-real-variant-41__p01__pexels-32874870.jpg,D:\DATN\DATN_Tài liệu\data-center\media-assets\cloudinary-staging\tours\2026-06-04-tour-missing-thumbnail\originals\tour-41__tour-real-variant-41__p01__pexels-32874870.jpg,41,tour-real-variant-41,30,,2,Tour Tiết Kiệm Tour Phố Cổ Hội An & Rừng Dừa Bảy Mẫu,32874870,1,Vietnam  Hidden Light,https://www.pexels.com/@vietnamhiddenlight,780797.07,562350.46,150000.00,pexels,https://www.pexels.com/photo/aerial-view-of-basket-boats-in-h-i-an-vietnam-32874870/,0.00,0,Tour Tiết Kiệm Tour Phố Cổ Hội An & Rừng Dừa Bảy Mẫu Vietnam travel,Kết hợp trải nghiệm sông nước và văn hóa phố cổ.,tour-real-variant-41,,downloaded,,https://images.pexels.com/photos/32874870/pexels-photo-32874870.jpeg?auto=compress&cs=tinysrgb&h=350,2,41,tour-real-variant-41,2026-05-25 08:44:17,,0
,,open,0,Tour Khám Phá Thiên Nhiên,tour-thien-nhien,danangtrip/tours/tour-real-variant-42/tour-42__tour-real-variant-42__p01,2026-05-25 08:44:17,,Trải nghiệm chuyên sâu hơn của Hành trình tâm linh khám phá các hang động kỳ bí tại Ngũ Hành Sơn và chiêm bái Phật Bà tại Sơn Trà.,0,downloaded:302400,4 giờ,,42,https://images.pexels.com/photos/36748260/pexels-photo-36748260.jpeg?auto=compress&cs=tinysrgb&dpr=2&h=650&w=940,,,False,False,,tour-42__tour-real-variant-42__p01__pexels-36748260.jpg,D:\DATN\DATN_Tài liệu\data-center\media-assets\cloudinary-staging\tours\2026-06-04-tour-missing-thumbnail\originals\tour-42__tour-real-variant-42__p01__pexels-36748260.jpg,42,tour-real-variant-42,20,,2,Tour Khám Phá Tour Ngũ Hành Sơn & Chùa Linh Ứng Sơn Trà,36748260,1,TUAN PHAN,https://www.pexels.com/@tuan-phan-2156993475,504356.02,250985.57,0.00,pexels,https://www.pexels.com/photo/scenic-coastal-view-of-s-n-tra-peninsula-vietnam-36748260/,0.00,0,Tour Khám Phá Tour Ngũ Hành Sơn & Chùa Linh Ứng Sơn Trà Vietnam travel,Tour tâm linh nửa ngày ngắm cảnh biển Đà Nẵng.,tour-real-variant-42,,downloaded,,https://images.pexels.com/photos/36748260/pexels-photo-36748260.jpeg?auto=compress&cs=tinysrgb&h=350,5,42,tour-real-variant-42,2026-05-25 08:44:17,,0
,,open,0,Tour Cố Đô Huế,tour-hue,danangtrip/tours/tour-real-variant-43/tour-43__tour-real-variant-43__p01,2026-05-25 08:44:17,,"Trải nghiệm chuyên sâu hơn của Chuyến đi biển đảo hấp dẫn với các hoạt động tắm biển, lặn ngắm san hô và thưởng thức hải sản tươi ngon.",0,downloaded:353793,1 ngày,,43,https://images.pexels.com/photos/32228483/pexels-photo-32228483.jpeg?auto=compress&cs=tinysrgb&dpr=2&h=650&w=940,,,False,False,,tour-43__tour-real-variant-43__p01__pexels-32228483.jpg,D:\DATN\DATN_Tài liệu\data-center\media-assets\cloudinary-staging\tours\2026-06-04-tour-missing-thumbnail\originals\tour-43__tour-real-variant-43__p01__pexels-32228483.jpg,43,tour-real-variant-43,35,,4,Tour Khám Phá Tour Cù Lao Chàm Lặn Ngắm San Hô,32228483,1,Trieu Kim Tran,https://www.pexels.com/@trieu-kim-tran-489969244,724151.28,460536.48,100000.00,pexels,https://www.pexels.com/photo/scenic-boat-tour-on-tropical-waters-32228483/,0.00,0,Tour Khám Phá Tour Cù Lao Chàm Lặn Ngắm San Hô Vietnam travel,Thiên đường biển đảo Cù Lao Chàm.,tour-real-variant-43,,downloaded,,https://images.pexels.com/photos/32228483/pexels-photo-32228483.jpeg?auto=compress&cs=tinysrgb&h=350,3,43,tour-real-variant-43,2026-05-25 08:44:17,,0
,,open,0,Tour Khám Phá Thiên Nhiên,tour-thien-nhien,danangtrip/tours/tour-real-variant-44/tour-44__tour-real-variant-44__p01,2026-05-25 08:44:17,,"Trải nghiệm chuyên sâu hơn của Vượt đèo Hải Vân đến với cố đô Huế, tham quan Đại Nội, chùa Thiên Mụ và các lăng tẩm uy nghiêm.",0,downloaded:659336,1 ngày,,44,https://images.pexels.com/photos/27418881/pexels-photo-27418881.jpeg?auto=compress&cs=tinysrgb&dpr=2&h=650&w=940,,,False,False,,tour-44__tour-real-variant-44__p01__pexels-27418881.jpg,D:\DATN\DATN_Tài liệu\data-center\media-assets\cloudinary-staging\tours\2026-06-04-tour-missing-thumbnail\originals\tour-44__tour-real-variant-44__p01__pexels-27418881.jpg,44,tour-real-variant-44,40,,2,Tour Khám Phá Tour Cố Đô Huế 1 Ngày từ Đà Nẵng,27418881,1,Vietnam Tri Duong Photographer,https://www.pexels.com/@triduhi-youtuber,1157417.72,798372.38,200000.00,pexels,https://www.pexels.com/photo/kinh-thanh-hu-vi-t-nam-27418881/,0.00,0,Tour Khám Phá Tour Cố Đô Huế 1 Ngày từ Đà Nẵng Vietnam travel,Hành trình di sản cố đô miền Trung.,tour-real-variant-44,,downloaded,,https://images.pexels.com/photos/27418881/pexels-photo-27418881.jpeg?auto=compress&cs=tinysrgb&h=350,5,44,tour-real-variant-44,2026-05-25 08:44:17,,0
,,open,0,Tour Khám Phá Thiên Nhiên,tour-thien-nhien,danangtrip/tours/tour-real-variant-45/tour-45__tour-real-variant-45__p01,2026-05-25 08:44:17,,Trải nghiệm sang trọng hơn của Tìm hiểu về văn hóa Champa cổ đại qua quần thể đền tháp Mỹ Sơn - Di sản văn hóa thế giới.,0,downloaded:587206,5 giờ,,45,https://images.pexels.com/photos/35042236/pexels-photo-35042236.jpeg?auto=compress&cs=tinysrgb&dpr=2&h=650&w=940,,,False,False,,tour-45__tour-real-variant-45__p01__pexels-35042236.jpg,D:\DATN\DATN_Tài liệu\data-center\media-assets\cloudinary-staging\tours\2026-06-04-tour-missing-thumbnail\originals\tour-45__tour-real-variant-45__p01__pexels-35042236.jpg,45,tour-real-variant-45,25,,2,Tour Cao Cấp Tour Thánh Địa Mỹ Sơn nửa ngày,35042236,1,Nguyen Ngoc Tien,https://www.pexels.com/@nguyen-ngoc-tien-1321490019,570506.83,426145.76,100000.00,pexels,https://www.pexels.com/photo/group-enjoying-a-scenic-boat-ride-on-tranquil-lake-35042236/,0.00,0,Tour Cao Cấp Tour Thánh Địa Mỹ Sơn nửa ngày Vietnam travel,Khám phá bí ẩn tháp Chàm.,tour-real-variant-45,,downloaded,,https://images.pexels.com/photos/35042236/pexels-photo-35042236.jpeg?auto=compress&cs=tinysrgb&h=350,5,45,tour-real-variant-45,2026-05-25 08:44:17,,0
,,open,0,Tour Bà Nà Hills,tour-ba-na-hills,danangtrip/tours/tour-real-variant-46/tour-46__tour-real-variant-46__p01,2026-05-25 08:44:17,,"Trải nghiệm chuyên sâu hơn của Hành trình check-in những biểu tượng hiện đại của Đà Nẵng: Cầu Rồng, Cầu Tình Yêu, Bảo tàng Chăm.",0,downloaded:319817,4 giờ,,46,https://images.pexels.com/photos/29941646/pexels-photo-29941646.jpeg?auto=compress&cs=tinysrgb&dpr=2&h=650&w=940,,,False,False,,tour-46__tour-real-variant-46__p01__pexels-29941646.jpg,D:\DATN\DATN_Tài liệu\data-center\media-assets\cloudinary-staging\tours\2026-06-04-tour-missing-thumbnail\originals\tour-46__tour-real-variant-46__p01__pexels-29941646.jpg,46,tour-real-variant-46,15,,2,Tour Tiết Kiệm Tour Đà Nẵng City - Những Cây Cầu,29941646,1,Võ Văn Tiến,https://www.pexels.com/@vo-van-ti-n-2037497312,358141.06,213821.49,0.00,pexels,https://www.pexels.com/photo/family-in-traditional-vietnamese-ao-dai-at-japanese-bridge-29941646/,0.00,0,Tour Tiết Kiệm Tour Đà Nẵng City - Những Cây Cầu Vietnam travel,Tour khám phá thành phố đáng sống.,tour-real-variant-46,,downloaded,,https://images.pexels.com/photos/29941646/pexels-photo-29941646.jpeg?auto=compress&cs=tinysrgb&h=350,1,46,tour-real-variant-46,2026-05-25 08:44:17,,0
,,open,0,Tour Cố Đô Huế,tour-hue,danangtrip/tours/tour-real-variant-47/tour-47__tour-real-variant-47__p01,2026-05-25 08:44:17,,Trải nghiệm chuyên sâu hơn của Trải nghiệm cung đường đèo đẹp nhất Việt Nam và thư giãn tại vịnh biển Lăng Cô thơ mộng.,0,downloaded:353793,1 ngày,,47,https://images.pexels.com/photos/32228483/pexels-photo-32228483.jpeg?auto=compress&cs=tinysrgb&dpr=2&h=650&w=940,,,False,False,,tour-47__tour-real-variant-47__p01__pexels-32228483.jpg,D:\DATN\DATN_Tài liệu\data-center\media-assets\cloudinary-staging\tours\2026-06-04-tour-missing-thumbnail\originals\tour-47__tour-real-variant-47__p01__pexels-32228483.jpg,47,tour-real-variant-47,20,,2,Tour Khám Phá Tour Đèo Hải Vân & Lăng Cô - Ô tô,32228483,1,Trieu Kim Tran,https://www.pexels.com/@trieu-kim-tran-489969244,963610.15,633748.85,150000.00,pexels,https://www.pexels.com/photo/scenic-boat-tour-on-tropical-waters-32228483/,0.00,0,Tour Khám Phá Tour Đèo Hải Vân & Lăng Cô - Ô tô Vietnam travel,"Ngắm nhìn ""Thiên hạ đệ nhất hùng quan"".",tour-real-variant-47,,downloaded,,https://images.pexels.com/photos/32228483/pexels-photo-32228483.jpeg?auto=compress&cs=tinysrgb&h=350,3,47,tour-real-variant-47,2026-05-25 08:44:17,,0
,,open,0,Tour Ẩm Thực,tour-am-thuc,danangtrip/tours/tour-real-variant-48/tour-48__tour-real-variant-48__p01,2026-05-25 08:44:17,,"Trải nghiệm chuyên sâu hơn của Dạo bước phố đèn lồng, thả đèn hoa đăng và thưởng thức các món ăn đặc sản nổi tiếng của Hội An.",0,downloaded:264185,5 giờ,,48,https://images.pexels.com/photos/34949975/pexels-photo-34949975.jpeg?auto=compress&cs=tinysrgb&dpr=2&h=650&w=940,,,False,False,,tour-48__tour-real-variant-48__p01__pexels-34949975.jpg,D:\DATN\DATN_Tài liệu\data-center\media-assets\cloudinary-staging\tours\2026-06-04-tour-missing-thumbnail\originals\tour-48__tour-real-variant-48__p01__pexels-34949975.jpg,48,tour-real-variant-48,25,,2,Tour Khám Phá Tour Đêm Phố Cổ Hội An & Ăn Tối,34949975,1,Võ Văn Tiến,https://www.pexels.com/@vo-van-ti-n-2037497312,713046.91,451914.35,100000.00,pexels,https://www.pexels.com/photo/traditional-vietnamese-attire-in-h-i-an-alleyway-34949975/,0.00,0,Tour Khám Phá Tour Đêm Phố Cổ Hội An & Ăn Tối Vietnam travel,Lãng mạn phố cổ về đêm.,tour-real-variant-48,,downloaded,,https://images.pexels.com/photos/34949975/pexels-photo-34949975.jpeg?auto=compress&cs=tinysrgb&h=350,6,48,tour-real-variant-48,2026-05-25 08:44:17,,0
,,open,0,Tour Bà Nà Hills,tour-ba-na-hills,danangtrip/tours/tour-real-variant-49/tour-49__tour-real-variant-49__p01,2026-05-25 08:44:17,,"Trải nghiệm chuyên sâu hơn của Trải nghiệm Bà Nà Hills lung linh về đêm với Buffet tối, rượu vang và các show diễn đặc sắc.",0,downloaded:390115,1 ngày,,49,https://images.pexels.com/photos/18671478/pexels-photo-18671478.jpeg?auto=compress&cs=tinysrgb&dpr=2&h=650&w=940,,,False,False,,tour-49__tour-real-variant-49__p01__pexels-18671478.jpg,D:\DATN\DATN_Tài liệu\data-center\media-assets\cloudinary-staging\tours\2026-06-04-tour-missing-thumbnail\originals\tour-49__tour-real-variant-49__p01__pexels-18671478.jpg,49,tour-real-variant-49,50,,1,Tour Khám Phá Tour Bà Nà Hills Đêm (Sun World Night),18671478,1,Prakash Achari,https://www.pexels.com/@prakaachu,1034502.13,814373.67,200000.00,pexels,https://www.pexels.com/photo/golden-bridge-ba-na-hills-vietnam-18671478/,0.00,0,Tour Khám Phá Tour Bà Nà Hills Đêm (Sun World Night) Vietnam travel,Bà Nà huyền ảo buổi đêm.,tour-real-variant-49,,downloaded,,https://images.pexels.com/photos/18671478/pexels-photo-18671478.jpeg?auto=compress&cs=tinysrgb&h=350,1,49,tour-real-variant-49,2026-05-25 08:44:17,,0
,,open,0,Tour Bà Nà Hills,tour-ba-na-hills,danangtrip/tours/tour-real-variant-50/tour-50__tour-real-variant-50__p01,2026-05-25 08:44:17,,"Trải nghiệm sang trọng hơn của Vui chơi không giới hạn tại VinWonders Nam Hội An với Safari, Công viên nước và Đảo văn hóa.",0,downloaded:481066,1 ngày,,50,https://images.pexels.com/photos/29521438/pexels-photo-29521438.jpeg?auto=compress&cs=tinysrgb&dpr=2&h=650&w=940,,,False,False,,tour-50__tour-real-variant-50__p01__pexels-29521438.jpg,D:\DATN\DATN_Tài liệu\data-center\media-assets\cloudinary-staging\tours\2026-06-04-tour-missing-thumbnail\originals\tour-50__tour-real-variant-50__p01__pexels-29521438.jpg,50,tour-real-variant-50,50,,1,Tour Cao Cấp Tour VinWonders Nam Hội An Full Day,29521438,1,Võ Văn Tiến,https://www.pexels.com/@vo-van-ti-n-2037497312,1043697.08,717325.97,150000.00,pexels,https://www.pexels.com/photo/traditional-dress-at-h-i-an-historic-pagoda-29521438/,0.00,0,Tour Cao Cấp Tour VinWonders Nam Hội An Full Day Vietnam travel,Thế giới giải trí đa sắc màu.,tour-real-variant-50,,downloaded,,https://images.pexels.com/photos/29521438/pexels-photo-29521438.jpeg?auto=compress&cs=tinysrgb&h=350,1,50,tour-real-variant-50,2026-05-25 08:44:17,,0
,,open,0,Tour Biển & Đảo,tour-bien-dao,danangtrip/tours/tour-real-variant-51/tour-51__tour-real-variant-51__p01,2026-05-25 08:44:17,,"Trải nghiệm chuyên sâu hơn của Thư giãn tuyệt đối với dịch vụ tắm khoáng, tắm bùn và khu vui chơi nước giữa núi rừng.",0,downloaded:587206,1 ngày,,51,https://images.pexels.com/photos/35042236/pexels-photo-35042236.jpeg?auto=compress&cs=tinysrgb&dpr=2&h=650&w=940,,,False,False,,tour-51__tour-real-variant-51__p01__pexels-35042236.jpg,D:\DATN\DATN_Tài liệu\data-center\media-assets\cloudinary-staging\tours\2026-06-04-tour-missing-thumbnail\originals\tour-51__tour-real-variant-51__p01__pexels-35042236.jpg,51,tour-real-variant-51,30,,2,Tour Tiết Kiệm Tour Suối Khoáng Nóng Thần Tài Relax,35042236,1,Nguyen Ngoc Tien,https://www.pexels.com/@nguyen-ngoc-tien-1321490019,980757.13,672992.64,150000.00,pexels,https://www.pexels.com/photo/group-enjoying-a-scenic-boat-ride-on-tranquil-lake-35042236/,0.00,0,Tour Tiết Kiệm Tour Suối Khoáng Nóng Thần Tài Relax Vietnam travel,Nghỉ dưỡng và chăm sóc sức khỏe.,tour-real-variant-51,,downloaded,,https://images.pexels.com/photos/35042236/pexels-photo-35042236.jpeg?auto=compress&cs=tinysrgb&h=350,4,51,tour-real-variant-51,2026-05-25 08:44:17,,0
,,open,0,Tour Mạo Hiểm,tour-mao-hiem,danangtrip/tours/tour-real-variant-52/tour-52__tour-real-variant-52__p01,2026-05-25 08:44:17,,"Trải nghiệm chuyên sâu hơn của Thám hiểm rừng già Sơn Trà, tìm kiếm voọc chà vá chân nâu và chinh phục đỉnh Bàn Cờ.",0,downloaded:302400,6 giờ,,52,https://images.pexels.com/photos/36748260/pexels-photo-36748260.jpeg?auto=compress&cs=tinysrgb&dpr=2&h=650&w=940,,,False,False,,tour-52__tour-real-variant-52__p01__pexels-36748260.jpg,D:\DATN\DATN_Tài liệu\data-center\media-assets\cloudinary-staging\tours\2026-06-04-tour-missing-thumbnail\originals\tour-52__tour-real-variant-52__p01__pexels-36748260.jpg,52,tour-real-variant-52,10,,2,Tour Khám Phá Tour Trekking Bán Đảo Sơn Trà,36748260,1,TUAN PHAN,https://www.pexels.com/@tuan-phan-2156993475,748900.99,716531.75,0.00,pexels,https://www.pexels.com/photo/scenic-coastal-view-of-s-n-tra-peninsula-vietnam-36748260/,0.00,0,Tour Khám Phá Tour Trekking Bán Đảo Sơn Trà Vietnam travel,Thử thách thiên nhiên Sơn Trà.,tour-real-variant-52,,downloaded,,https://images.pexels.com/photos/36748260/pexels-photo-36748260.jpeg?auto=compress&cs=tinysrgb&h=350,7,52,tour-real-variant-52,2026-05-25 08:44:17,,0
,,open,0,Tour Mạo Hiểm,tour-mao-hiem,danangtrip/tours/tour-real-variant-53/tour-53__tour-real-variant-53__p01,2026-05-25 08:44:17,,"Trải nghiệm chuyên sâu hơn của Trekking rừng quốc gia Bạch Mã, ngắm thác Đỗ Quyên và ngắm toàn cảnh vịnh Lăng Cô từ Hải Vọng Đài.",0,downloaded:346744,1 ngày,,53,https://images.pexels.com/photos/31265701/pexels-photo-31265701.jpeg?auto=compress&cs=tinysrgb&dpr=2&h=650&w=940,,,False,False,,tour-53__tour-real-variant-53__p01__pexels-31265701.jpg,D:\DATN\DATN_Tài liệu\data-center\media-assets\cloudinary-staging\tours\2026-06-04-tour-missing-thumbnail\originals\tour-53__tour-real-variant-53__p01__pexels-31265701.jpg,53,tour-real-variant-53,15,,2,Tour Khám Phá Tour Khám Phá Bạch Mã National Park,31265701,1,Vietnam  Hidden Light,https://www.pexels.com/@vietnamhiddenlight,1226604.56,919312.75,200000.00,pexels,https://www.pexels.com/photo/scenic-mountain-road-in-ha-giang-vietnam-31265701/,0.00,0,Tour Khám Phá Tour Khám Phá Bạch Mã National Park Vietnam travel,Hành trình chinh phục đỉnh Bạch Mã.,tour-real-variant-53,,downloaded,,https://images.pexels.com/photos/31265701/pexels-photo-31265701.jpeg?auto=compress&cs=tinysrgb&h=350,7,53,tour-real-variant-53,2026-05-25 08:44:17,,0
,,open,0,Tour Ẩm Thực,tour-am-thuc,danangtrip/tours/tour-real-variant-54/tour-54__tour-real-variant-54__p01,2026-05-25 08:44:17,,Trải nghiệm chuyên sâu hơn của Ngồi sau xe máy cùng HDV địa phương len lỏi vào các ngõ ngách thưởng thức 5-7 món ăn đặc sản.,0,downloaded:306897,4 giờ,,54,https://images.pexels.com/photos/28899311/pexels-photo-28899311.jpeg?auto=compress&cs=tinysrgb&dpr=2&h=650&w=940,,,False,False,,tour-54__tour-real-variant-54__p01__pexels-28899311.jpg,D:\DATN\DATN_Tài liệu\data-center\media-assets\cloudinary-staging\tours\2026-06-04-tour-missing-thumbnail\originals\tour-54__tour-real-variant-54__p01__pexels-28899311.jpg,54,tour-real-variant-54,10,,1,Tour Khám Phá Street Food Tour Đà Nẵng bằng Xe Máy,28899311,1,Tường Chopper,https://www.pexels.com/@tuongchopper,667141.73,685838.06,0.00,pexels,https://www.pexels.com/photo/bustling-street-scene-in-ho-chi-minh-city-vietnam-28899311/,0.00,0,Tour Khám Phá Street Food Tour Đà Nẵng bằng Xe Máy Vietnam travel,Khám phá ẩm thực Đà Nẵng như người bản địa.,tour-real-variant-54,,downloaded,,https://images.pexels.com/photos/28899311/pexels-photo-28899311.jpeg?auto=compress&cs=tinysrgb&h=350,6,54,tour-real-variant-54,2026-05-25 08:44:17,,0
,,open,0,Tour Khám Phá Thiên Nhiên,tour-thien-nhien,danangtrip/tours/tour-real-variant-55/tour-55__tour-real-variant-55__p01,2026-05-25 08:44:17,,"Trải nghiệm sang trọng hơn của Học cách xới đất, trồng rau, tưới nước và tự tay chế biến món ăn từ rau sạch Trà Quế.",0,downloaded:602871,4 giờ,,55,https://images.pexels.com/photos/35518540/pexels-photo-35518540.jpeg?auto=compress&cs=tinysrgb&dpr=2&h=650&w=940,,,False,False,,tour-55__tour-real-variant-55__p01__pexels-35518540.jpg,D:\DATN\DATN_Tài liệu\data-center\media-assets\cloudinary-staging\tours\2026-06-04-tour-missing-thumbnail\originals\tour-55__tour-real-variant-55__p01__pexels-35518540.jpg,55,tour-real-variant-55,12,,1,Tour Cao Cấp Tour Làm Nông Dân Làng Rau Trà Quế,35518540,1,Duy Nguyen,https://www.pexels.com/@duy-nguyen-489946968,531016.94,382384.90,100000.00,pexels,https://www.pexels.com/photo/aerial-view-of-lush-agricultural-fields-in-vietnam-35518540/,0.00,0,Tour Cao Cấp Tour Làm Nông Dân Làng Rau Trà Quế Vietnam travel,Một ngày làm nông dân Hội An.,tour-real-variant-55,,downloaded,,https://images.pexels.com/photos/35518540/pexels-photo-35518540.jpeg?auto=compress&cs=tinysrgb&h=350,5,55,tour-real-variant-55,2026-05-25 08:44:17,,0
,,open,0,Tour Bà Nà Hills,tour-ba-na-hills,danangtrip/tours/tour-real-variant-56/tour-56__tour-real-variant-56__p01,2026-05-25 08:44:17,,"Trải nghiệm chuyên sâu hơn của Ngắm nhìn thành phố ánh sáng từ giữa lòng sông và xem Cầu Rồng phun lửa, phun nước vào tối cuối tuần.",0,downloaded:357075,2 giờ,,56,https://images.pexels.com/photos/19940389/pexels-photo-19940389.jpeg?auto=compress&cs=tinysrgb&dpr=2&h=650&w=940,,,False,False,,tour-56__tour-real-variant-56__p01__pexels-19940389.jpg,D:\DATN\DATN_Tài liệu\data-center\media-assets\cloudinary-staging\tours\2026-06-04-tour-missing-thumbnail\originals\tour-56__tour-real-variant-56__p01__pexels-19940389.jpg,56,tour-real-variant-56,80,,1,Tour Tiết Kiệm Tour Du Thuyền Sông Hàn & Xem Rồng Phun Lửa,19940389,1,Kirandeep Singh Walia,https://www.pexels.com/@kirandeepsingh,214301.78,155106.92,50000.00,pexels,https://www.pexels.com/photo/da-nang-administrative-center-in-vietnam-19940389/,0.00,0,Tour Tiết Kiệm Tour Du Thuyền Sông Hàn & Xem Rồng Phun Lửa Vietnam travel,Buổi tối lãng mạn trên sông Hàn.,tour-real-variant-56,,downloaded,,https://images.pexels.com/photos/19940389/pexels-photo-19940389.jpeg?auto=compress&cs=tinysrgb&h=350,1,56,tour-real-variant-56,2026-05-25 08:44:17,,0
,,open,0,Tour Cố Đô Huế,tour-hue,danangtrip/tours/tour-real-variant-57/tour-57__tour-real-variant-57__p01,2026-05-25 08:44:17,,"Trải nghiệm chuyên sâu hơn của Khám phá hệ sinh thái đầm phá nước lợ, chèo thuyền Kayak và ngắm hoàng hôn tuyệt đẹp.",0,downloaded:456250,6 giờ,,57,https://images.pexels.com/photos/33248828/pexels-photo-33248828.jpeg?auto=compress&cs=tinysrgb&dpr=2&h=650&w=940,,,False,False,,tour-57__tour-real-variant-57__p01__pexels-33248828.jpg,D:\DATN\DATN_Tài liệu\data-center\media-assets\cloudinary-staging\tours\2026-06-04-tour-missing-thumbnail\originals\tour-57__tour-real-variant-57__p01__pexels-33248828.jpg,57,tour-real-variant-57,20,,2,Tour Khám Phá Tour Đầm Phá Tam Giang & Sunset,33248828,1,NGUYỄN THÀNH NHƠN,https://www.pexels.com/@nguy-n-thanh-nh-n-203569019,762884.28,558563.09,150000.00,pexels,https://www.pexels.com/photo/speedboat-moored-by-riverside-in-sunny-weather-33248828/,0.00,0,Tour Khám Phá Tour Đầm Phá Tam Giang & Sunset Vietnam travel,Hoàng hôn rực rỡ trên phá Tam Giang.,tour-real-variant-57,,downloaded,,https://images.pexels.com/photos/33248828/pexels-photo-33248828.jpeg?auto=compress&cs=tinysrgb&h=350,3,57,tour-real-variant-57,2026-05-25 08:44:17,,0
,,open,0,Tour Khám Phá Thiên Nhiên,tour-thien-nhien,danangtrip/tours/tour-real-variant-58/tour-58__tour-real-variant-58__p01,2026-05-25 08:44:17,,Trải nghiệm chuyên sâu hơn của Thưởng thức loại hình nghệ thuật di sản phi vật thể và thả đèn hoa đăng cầu may trên sông Hương.,0,downloaded:216563,2 giờ,,58,https://images.pexels.com/photos/29515987/pexels-photo-29515987.jpeg?auto=compress&cs=tinysrgb&dpr=2&h=650&w=940,,,False,False,,tour-58__tour-real-variant-58__p01__pexels-29515987.jpg,D:\DATN\DATN_Tài liệu\data-center\media-assets\cloudinary-staging\tours\2026-06-04-tour-missing-thumbnail\originals\tour-58__tour-real-variant-58__p01__pexels-29515987.jpg,58,tour-real-variant-58,30,,1,Tour Khám Phá Tour Ca Huế Trên Sông Hương & Ngắm Thành Phố,29515987,1,Võ Văn Tiến,https://www.pexels.com/@vo-van-ti-n-2037497312,175641.54,106402.86,0.00,pexels,https://www.pexels.com/photo/elegant-woman-in-ao-dai-on-trang-ti-n-bridge-29515987/,0.00,0,Tour Khám Phá Tour Ca Huế Trên Sông Hương & Ngắm Thành Phố Vietnam travel,Văn hóa cố đô đặc sắc.,tour-real-variant-58,,downloaded,,https://images.pexels.com/photos/29515987/pexels-photo-29515987.jpeg?auto=compress&cs=tinysrgb&h=350,5,58,tour-real-variant-58,2026-05-25 08:44:17,,0
,,open,0,Tour Mạo Hiểm,tour-mao-hiem,danangtrip/tours/tour-real-variant-59/tour-59__tour-real-variant-59__p01,2026-05-25 08:44:17,,Trải nghiệm chuyên sâu hơn của Đi tàu gỗ ra các hòn đảo nhỏ quanh bán đảo Sơn Trà để lặn ngắm san hô và câu cá.,0,downloaded:481500,6 giờ,,59,https://images.pexels.com/photos/34472517/pexels-photo-34472517.jpeg?auto=compress&cs=tinysrgb&dpr=2&h=650&w=940,,,False,False,,tour-59__tour-real-variant-59__p01__pexels-34472517.jpg,D:\DATN\DATN_Tài liệu\data-center\media-assets\cloudinary-staging\tours\2026-06-04-tour-missing-thumbnail\originals\tour-59__tour-real-variant-59__p01__pexels-34472517.jpg,59,tour-real-variant-59,25,,4,Tour Khám Phá Tour Snorkeling Bán Đảo Sơn Trà,34472517,1,Thư Hugo,https://www.pexels.com/@th-hugo-349378163,690738.79,484523.97,100000.00,pexels,https://www.pexels.com/photo/peaceful-coastal-view-in-da-n-ng-vietnam-34472517/,0.00,0,Tour Khám Phá Tour Snorkeling Bán Đảo Sơn Trà Vietnam travel,Khám phá đại dương Sơn Trà.,tour-real-variant-59,,downloaded,,https://images.pexels.com/photos/34472517/pexels-photo-34472517.jpeg?auto=compress&cs=tinysrgb&h=350,7,59,tour-real-variant-59,2026-05-25 08:44:17,,0
,,open,0,Tour Bà Nà Hills,tour-ba-na-hills,danangtrip/tours/tour-real-variant-60/tour-60__tour-real-variant-60__p01,2026-05-25 08:44:17,,"Trải nghiệm sang trọng hơn của Khám phá chốn bồng lai tiên cảnh với Cầu Vàng, Làng Pháp và hệ thống cáp treo đạt nhiều kỷ lục thế giới.",0,downloaded:390115,1 ngày,,60,https://images.pexels.com/photos/18671478/pexels-photo-18671478.jpeg?auto=compress&cs=tinysrgb&dpr=2&h=650&w=940,,,False,False,,tour-60__tour-real-variant-60__p01__pexels-18671478.jpg,D:\DATN\DATN_Tài liệu\data-center\media-assets\cloudinary-staging\tours\2026-06-04-tour-missing-thumbnail\originals\tour-60__tour-real-variant-60__p01__pexels-18671478.jpg,60,tour-real-variant-60,45,,2,Tour Cao Cấp Tour Bà Nà Hills 1 Ngày (Buffet Trưa),18671478,1,Prakash Achari,https://www.pexels.com/@prakaachu,1463561.08,1042891.06,250000.00,pexels,https://www.pexels.com/photo/golden-bridge-ba-na-hills-vietnam-18671478/,0.00,0,Tour Cao Cấp Tour Bà Nà Hills 1 Ngày (Buffet Trưa) Vietnam travel,Hành trình đưa quý khách đến với đỉnh Núi Chúa - Đà Nẵng.,tour-real-variant-60,,downloaded,,https://images.pexels.com/photos/18671478/pexels-photo-18671478.jpeg?auto=compress&cs=tinysrgb&h=350,1,60,tour-real-variant-60,2026-05-25 08:44:17,,0
,,open,0,Tour Phố Cổ Hội An,tour-hoi-an,danangtrip/tours/tour-real-variant-61/tour-61__tour-real-variant-61__p01,2026-05-25 08:44:17,,Trải nghiệm chuyên sâu hơn của Trải nghiệm chèo thúng tại rừng dừa Bảy Mẫu và khám phá vẻ đẹp hoài cổ của phố cổ Hội An về đêm.,0,downloaded:485810,7 giờ,,61,https://images.pexels.com/photos/32874870/pexels-photo-32874870.jpeg?auto=compress&cs=tinysrgb&dpr=2&h=650&w=940,,,False,False,,tour-61__tour-real-variant-61__p01__pexels-32874870.jpg,D:\DATN\DATN_Tài liệu\data-center\media-assets\cloudinary-staging\tours\2026-06-04-tour-missing-thumbnail\originals\tour-61__tour-real-variant-61__p01__pexels-32874870.jpg,61,tour-real-variant-61,30,,2,Tour Tiết Kiệm Tour Phố Cổ Hội An & Rừng Dừa Bảy Mẫu,32874870,1,Vietnam  Hidden Light,https://www.pexels.com/@vietnamhiddenlight,869455.62,571825.20,150000.00,pexels,https://www.pexels.com/photo/aerial-view-of-basket-boats-in-h-i-an-vietnam-32874870/,0.00,0,Tour Tiết Kiệm Tour Phố Cổ Hội An & Rừng Dừa Bảy Mẫu Vietnam travel,Kết hợp trải nghiệm sông nước và văn hóa phố cổ.,tour-real-variant-61,,downloaded,,https://images.pexels.com/photos/32874870/pexels-photo-32874870.jpeg?auto=compress&cs=tinysrgb&h=350,2,61,tour-real-variant-61,2026-05-25 08:44:17,,0
,,open,0,Tour Khám Phá Thiên Nhiên,tour-thien-nhien,danangtrip/tours/tour-real-variant-62/tour-62__tour-real-variant-62__p01,2026-05-25 08:44:17,,Trải nghiệm chuyên sâu hơn của Hành trình tâm linh khám phá các hang động kỳ bí tại Ngũ Hành Sơn và chiêm bái Phật Bà tại Sơn Trà.,0,downloaded:302400,4 giờ,,62,https://images.pexels.com/photos/36748260/pexels-photo-36748260.jpeg?auto=compress&cs=tinysrgb&dpr=2&h=650&w=940,,,False,False,,tour-62__tour-real-variant-62__p01__pexels-36748260.jpg,D:\DATN\DATN_Tài liệu\data-center\media-assets\cloudinary-staging\tours\2026-06-04-tour-missing-thumbnail\originals\tour-62__tour-real-variant-62__p01__pexels-36748260.jpg,62,tour-real-variant-62,20,,2,Tour Khám Phá Tour Ngũ Hành Sơn & Chùa Linh Ứng Sơn Trà,36748260,1,TUAN PHAN,https://www.pexels.com/@tuan-phan-2156993475,483497.49,267434.97,0.00,pexels,https://www.pexels.com/photo/scenic-coastal-view-of-s-n-tra-peninsula-vietnam-36748260/,0.00,0,Tour Khám Phá Tour Ngũ Hành Sơn & Chùa Linh Ứng Sơn Trà Vietnam travel,Tour tâm linh nửa ngày ngắm cảnh biển Đà Nẵng.,tour-real-variant-62,,downloaded,,https://images.pexels.com/photos/36748260/pexels-photo-36748260.jpeg?auto=compress&cs=tinysrgb&h=350,5,62,tour-real-variant-62,2026-05-25 08:44:17,,0
,,open,0,Tour Cố Đô Huế,tour-hue,danangtrip/tours/tour-real-variant-63/tour-63__tour-real-variant-63__p01,2026-05-25 08:44:17,,"Trải nghiệm chuyên sâu hơn của Chuyến đi biển đảo hấp dẫn với các hoạt động tắm biển, lặn ngắm san hô và thưởng thức hải sản tươi ngon.",0,downloaded:353793,1 ngày,,63,https://images.pexels.com/photos/32228483/pexels-photo-32228483.jpeg?auto=compress&cs=tinysrgb&dpr=2&h=650&w=940,,,False,False,,tour-63__tour-real-variant-63__p01__pexels-32228483.jpg,D:\DATN\DATN_Tài liệu\data-center\media-assets\cloudinary-staging\tours\2026-06-04-tour-missing-thumbnail\originals\tour-63__tour-real-variant-63__p01__pexels-32228483.jpg,63,tour-real-variant-63,35,,4,Tour Khám Phá Tour Cù Lao Chàm Lặn Ngắm San Hô,32228483,1,Trieu Kim Tran,https://www.pexels.com/@trieu-kim-tran-489969244,745310.83,466380.17,100000.00,pexels,https://www.pexels.com/photo/scenic-boat-tour-on-tropical-waters-32228483/,0.00,0,Tour Khám Phá Tour Cù Lao Chàm Lặn Ngắm San Hô Vietnam travel,Thiên đường biển đảo Cù Lao Chàm.,tour-real-variant-63,,downloaded,,https://images.pexels.com/photos/32228483/pexels-photo-32228483.jpeg?auto=compress&cs=tinysrgb&h=350,3,63,tour-real-variant-63,2026-05-25 08:44:17,,0
,,open,0,Tour Khám Phá Thiên Nhiên,tour-thien-nhien,danangtrip/tours/tour-real-variant-64/tour-64__tour-real-variant-64__p01,2026-05-25 08:44:17,,"Trải nghiệm chuyên sâu hơn của Vượt đèo Hải Vân đến với cố đô Huế, tham quan Đại Nội, chùa Thiên Mụ và các lăng tẩm uy nghiêm.",0,downloaded:659336,1 ngày,,64,https://images.pexels.com/photos/27418881/pexels-photo-27418881.jpeg?auto=compress&cs=tinysrgb&dpr=2&h=650&w=940,,,False,False,,tour-64__tour-real-variant-64__p01__pexels-27418881.jpg,D:\DATN\DATN_Tài liệu\data-center\media-assets\cloudinary-staging\tours\2026-06-04-tour-missing-thumbnail\originals\tour-64__tour-real-variant-64__p01__pexels-27418881.jpg,64,tour-real-variant-64,40,,2,Tour Khám Phá Tour Cố Đô Huế 1 Ngày từ Đà Nẵng,27418881,1,Vietnam Tri Duong Photographer,https://www.pexels.com/@triduhi-youtuber,1223351.50,750611.52,200000.00,pexels,https://www.pexels.com/photo/kinh-thanh-hu-vi-t-nam-27418881/,0.00,0,Tour Khám Phá Tour Cố Đô Huế 1 Ngày từ Đà Nẵng Vietnam travel,Hành trình di sản cố đô miền Trung.,tour-real-variant-64,,downloaded,,https://images.pexels.com/photos/27418881/pexels-photo-27418881.jpeg?auto=compress&cs=tinysrgb&h=350,5,64,tour-real-variant-64,2026-05-25 08:44:17,,0
,,open,0,Tour Khám Phá Thiên Nhiên,tour-thien-nhien,danangtrip/tours/tour-real-variant-65/tour-65__tour-real-variant-65__p01,2026-05-25 08:44:17,,Trải nghiệm sang trọng hơn của Tìm hiểu về văn hóa Champa cổ đại qua quần thể đền tháp Mỹ Sơn - Di sản văn hóa thế giới.,0,downloaded:587206,5 giờ,,65,https://images.pexels.com/photos/35042236/pexels-photo-35042236.jpeg?auto=compress&cs=tinysrgb&dpr=2&h=650&w=940,,,False,False,,tour-65__tour-real-variant-65__p01__pexels-35042236.jpg,D:\DATN\DATN_Tài liệu\data-center\media-assets\cloudinary-staging\tours\2026-06-04-tour-missing-thumbnail\originals\tour-65__tour-real-variant-65__p01__pexels-35042236.jpg,65,tour-real-variant-65,25,,2,Tour Cao Cấp Tour Thánh Địa Mỹ Sơn nửa ngày,35042236,1,Nguyen Ngoc Tien,https://www.pexels.com/@nguyen-ngoc-tien-1321490019,643118.44,430071.18,100000.00,pexels,https://www.pexels.com/photo/group-enjoying-a-scenic-boat-ride-on-tranquil-lake-35042236/,0.00,0,Tour Cao Cấp Tour Thánh Địa Mỹ Sơn nửa ngày Vietnam travel,Khám phá bí ẩn tháp Chàm.,tour-real-variant-65,,downloaded,,https://images.pexels.com/photos/35042236/pexels-photo-35042236.jpeg?auto=compress&cs=tinysrgb&h=350,5,65,tour-real-variant-65,2026-05-25 08:44:17,,0
,,open,0,Tour Bà Nà Hills,tour-ba-na-hills,danangtrip/tours/tour-real-variant-66/tour-66__tour-real-variant-66__p01,2026-05-25 08:44:17,,"Trải nghiệm chuyên sâu hơn của Hành trình check-in những biểu tượng hiện đại của Đà Nẵng: Cầu Rồng, Cầu Tình Yêu, Bảo tàng Chăm.",0,downloaded:319817,4 giờ,,66,https://images.pexels.com/photos/29941646/pexels-photo-29941646.jpeg?auto=compress&cs=tinysrgb&dpr=2&h=650&w=940,,,False,False,,tour-66__tour-real-variant-66__p01__pexels-29941646.jpg,D:\DATN\DATN_Tài liệu\data-center\media-assets\cloudinary-staging\tours\2026-06-04-tour-missing-thumbnail\originals\tour-66__tour-real-variant-66__p01__pexels-29941646.jpg,66,tour-real-variant-66,15,,2,Tour Tiết Kiệm Tour Đà Nẵng City - Những Cây Cầu,29941646,1,Võ Văn Tiến,https://www.pexels.com/@vo-van-ti-n-2037497312,377740.71,215200.33,0.00,pexels,https://www.pexels.com/photo/family-in-traditional-vietnamese-ao-dai-at-japanese-bridge-29941646/,0.00,0,Tour Tiết Kiệm Tour Đà Nẵng City - Những Cây Cầu Vietnam travel,Tour khám phá thành phố đáng sống.,tour-real-variant-66,,downloaded,,https://images.pexels.com/photos/29941646/pexels-photo-29941646.jpeg?auto=compress&cs=tinysrgb&h=350,1,66,tour-real-variant-66,2026-05-25 08:44:17,,0
,,open,0,Tour Cố Đô Huế,tour-hue,danangtrip/tours/tour-real-variant-67/tour-67__tour-real-variant-67__p01,2026-05-25 08:44:17,,Trải nghiệm chuyên sâu hơn của Trải nghiệm cung đường đèo đẹp nhất Việt Nam và thư giãn tại vịnh biển Lăng Cô thơ mộng.,0,downloaded:353793,1 ngày,,67,https://images.pexels.com/photos/32228483/pexels-photo-32228483.jpeg?auto=compress&cs=tinysrgb&dpr=2&h=650&w=940,,,False,False,,tour-67__tour-real-variant-67__p01__pexels-32228483.jpg,D:\DATN\DATN_Tài liệu\data-center\media-assets\cloudinary-staging\tours\2026-06-04-tour-missing-thumbnail\originals\tour-67__tour-real-variant-67__p01__pexels-32228483.jpg,67,tour-real-variant-67,20,,2,Tour Khám Phá Tour Đèo Hải Vân & Lăng Cô - Ô tô,32228483,1,Trieu Kim Tran,https://www.pexels.com/@trieu-kim-tran-489969244,881507.99,624260.58,150000.00,pexels,https://www.pexels.com/photo/scenic-boat-tour-on-tropical-waters-32228483/,0.00,0,Tour Khám Phá Tour Đèo Hải Vân & Lăng Cô - Ô tô Vietnam travel,"Ngắm nhìn ""Thiên hạ đệ nhất hùng quan"".",tour-real-variant-67,,downloaded,,https://images.pexels.com/photos/32228483/pexels-photo-32228483.jpeg?auto=compress&cs=tinysrgb&h=350,3,67,tour-real-variant-67,2026-05-25 08:44:17,,0
,,open,0,Tour Ẩm Thực,tour-am-thuc,danangtrip/tours/tour-real-variant-68/tour-68__tour-real-variant-68__p01,2026-05-25 08:44:17,,"Trải nghiệm chuyên sâu hơn của Dạo bước phố đèn lồng, thả đèn hoa đăng và thưởng thức các món ăn đặc sản nổi tiếng của Hội An.",0,downloaded:264185,5 giờ,,68,https://images.pexels.com/photos/34949975/pexels-photo-34949975.jpeg?auto=compress&cs=tinysrgb&dpr=2&h=650&w=940,,,False,False,,tour-68__tour-real-variant-68__p01__pexels-34949975.jpg,D:\DATN\DATN_Tài liệu\data-center\media-assets\cloudinary-staging\tours\2026-06-04-tour-missing-thumbnail\originals\tour-68__tour-real-variant-68__p01__pexels-34949975.jpg,68,tour-real-variant-68,25,,2,Tour Khám Phá Tour Đêm Phố Cổ Hội An & Ăn Tối,34949975,1,Võ Văn Tiến,https://www.pexels.com/@vo-van-ti-n-2037497312,626843.71,480622.02,100000.00,pexels,https://www.pexels.com/photo/traditional-vietnamese-attire-in-h-i-an-alleyway-34949975/,0.00,0,Tour Khám Phá Tour Đêm Phố Cổ Hội An & Ăn Tối Vietnam travel,Lãng mạn phố cổ về đêm.,tour-real-variant-68,,downloaded,,https://images.pexels.com/photos/34949975/pexels-photo-34949975.jpeg?auto=compress&cs=tinysrgb&h=350,6,68,tour-real-variant-68,2026-05-25 08:44:17,,0
,,open,0,Tour Bà Nà Hills,tour-ba-na-hills,danangtrip/tours/tour-real-variant-69/tour-69__tour-real-variant-69__p01,2026-05-25 08:44:17,,"Trải nghiệm chuyên sâu hơn của Trải nghiệm Bà Nà Hills lung linh về đêm với Buffet tối, rượu vang và các show diễn đặc sắc.",0,downloaded:390115,1 ngày,,69,https://images.pexels.com/photos/18671478/pexels-photo-18671478.jpeg?auto=compress&cs=tinysrgb&dpr=2&h=650&w=940,,,False,False,,tour-69__tour-real-variant-69__p01__pexels-18671478.jpg,D:\DATN\DATN_Tài liệu\data-center\media-assets\cloudinary-staging\tours\2026-06-04-tour-missing-thumbnail\originals\tour-69__tour-real-variant-69__p01__pexels-18671478.jpg,69,tour-real-variant-69,50,,1,Tour Khám Phá Tour Bà Nà Hills Đêm (Sun World Night),18671478,1,Prakash Achari,https://www.pexels.com/@prakaachu,1118626.31,764431.06,200000.00,pexels,https://www.pexels.com/photo/golden-bridge-ba-na-hills-vietnam-18671478/,0.00,0,Tour Khám Phá Tour Bà Nà Hills Đêm (Sun World Night) Vietnam travel,Bà Nà huyền ảo buổi đêm.,tour-real-variant-69,,downloaded,,https://images.pexels.com/photos/18671478/pexels-photo-18671478.jpeg?auto=compress&cs=tinysrgb&h=350,1,69,tour-real-variant-69,2026-05-25 08:44:17,,0
,,open,0,Tour Bà Nà Hills,tour-ba-na-hills,danangtrip/tours/tour-real-variant-70/tour-70__tour-real-variant-70__p01,2026-05-25 08:44:17,,"Trải nghiệm sang trọng hơn của Vui chơi không giới hạn tại VinWonders Nam Hội An với Safari, Công viên nước và Đảo văn hóa.",0,downloaded:481066,1 ngày,,70,https://images.pexels.com/photos/29521438/pexels-photo-29521438.jpeg?auto=compress&cs=tinysrgb&dpr=2&h=650&w=940,,,False,False,,tour-70__tour-real-variant-70__p01__pexels-29521438.jpg,D:\DATN\DATN_Tài liệu\data-center\media-assets\cloudinary-staging\tours\2026-06-04-tour-missing-thumbnail\originals\tour-70__tour-real-variant-70__p01__pexels-29521438.jpg,70,tour-real-variant-70,50,,1,Tour Cao Cấp Tour VinWonders Nam Hội An Full Day,29521438,1,Võ Văn Tiến,https://www.pexels.com/@vo-van-ti-n-2037497312,1069768.17,758138.53,150000.00,pexels,https://www.pexels.com/photo/traditional-dress-at-h-i-an-historic-pagoda-29521438/,0.00,0,Tour Cao Cấp Tour VinWonders Nam Hội An Full Day Vietnam travel,Thế giới giải trí đa sắc màu.,tour-real-variant-70,,downloaded,,https://images.pexels.com/photos/29521438/pexels-photo-29521438.jpeg?auto=compress&cs=tinysrgb&h=350,1,70,tour-real-variant-70,2026-05-25 08:44:17,,0
,,open,0,Tour Biển & Đảo,tour-bien-dao,danangtrip/tours/tour-real-variant-71/tour-71__tour-real-variant-71__p01,2026-05-25 08:44:17,,"Trải nghiệm chuyên sâu hơn của Thư giãn tuyệt đối với dịch vụ tắm khoáng, tắm bùn và khu vui chơi nước giữa núi rừng.",0,downloaded:587206,1 ngày,,71,https://images.pexels.com/photos/35042236/pexels-photo-35042236.jpeg?auto=compress&cs=tinysrgb&dpr=2&h=650&w=940,,,False,False,,tour-71__tour-real-variant-71__p01__pexels-35042236.jpg,D:\DATN\DATN_Tài liệu\data-center\media-assets\cloudinary-staging\tours\2026-06-04-tour-missing-thumbnail\originals\tour-71__tour-real-variant-71__p01__pexels-35042236.jpg,71,tour-real-variant-71,30,,2,Tour Tiết Kiệm Tour Suối Khoáng Nóng Thần Tài Relax,35042236,1,Nguyen Ngoc Tien,https://www.pexels.com/@nguyen-ngoc-tien-1321490019,992705.39,685538.77,150000.00,pexels,https://www.pexels.com/photo/group-enjoying-a-scenic-boat-ride-on-tranquil-lake-35042236/,0.00,0,Tour Tiết Kiệm Tour Suối Khoáng Nóng Thần Tài Relax Vietnam travel,Nghỉ dưỡng và chăm sóc sức khỏe.,tour-real-variant-71,,downloaded,,https://images.pexels.com/photos/35042236/pexels-photo-35042236.jpeg?auto=compress&cs=tinysrgb&h=350,4,71,tour-real-variant-71,2026-05-25 08:44:17,,0
,,open,0,Tour Mạo Hiểm,tour-mao-hiem,danangtrip/tours/tour-real-variant-72/tour-72__tour-real-variant-72__p01,2026-05-25 08:44:17,,"Trải nghiệm chuyên sâu hơn của Thám hiểm rừng già Sơn Trà, tìm kiếm voọc chà vá chân nâu và chinh phục đỉnh Bàn Cờ.",0,downloaded:302400,6 giờ,,72,https://images.pexels.com/photos/36748260/pexels-photo-36748260.jpeg?auto=compress&cs=tinysrgb&dpr=2&h=650&w=940,,,False,False,,tour-72__tour-real-variant-72__p01__pexels-36748260.jpg,D:\DATN\DATN_Tài liệu\data-center\media-assets\cloudinary-staging\tours\2026-06-04-tour-missing-thumbnail\originals\tour-72__tour-real-variant-72__p01__pexels-36748260.jpg,72,tour-real-variant-72,10,,2,Tour Khám Phá Tour Trekking Bán Đảo Sơn Trà,36748260,1,TUAN PHAN,https://www.pexels.com/@tuan-phan-2156993475,751429.78,701122.45,0.00,pexels,https://www.pexels.com/photo/scenic-coastal-view-of-s-n-tra-peninsula-vietnam-36748260/,0.00,0,Tour Khám Phá Tour Trekking Bán Đảo Sơn Trà Vietnam travel,Thử thách thiên nhiên Sơn Trà.,tour-real-variant-72,,downloaded,,https://images.pexels.com/photos/36748260/pexels-photo-36748260.jpeg?auto=compress&cs=tinysrgb&h=350,7,72,tour-real-variant-72,2026-05-25 08:44:17,,0
,,open,0,Tour Mạo Hiểm,tour-mao-hiem,danangtrip/tours/tour-real-variant-73/tour-73__tour-real-variant-73__p01,2026-05-25 08:44:17,,"Trải nghiệm chuyên sâu hơn của Trekking rừng quốc gia Bạch Mã, ngắm thác Đỗ Quyên và ngắm toàn cảnh vịnh Lăng Cô từ Hải Vọng Đài.",0,downloaded:346744,1 ngày,,73,https://images.pexels.com/photos/31265701/pexels-photo-31265701.jpeg?auto=compress&cs=tinysrgb&dpr=2&h=650&w=940,,,False,False,,tour-73__tour-real-variant-73__p01__pexels-31265701.jpg,D:\DATN\DATN_Tài liệu\data-center\media-assets\cloudinary-staging\tours\2026-06-04-tour-missing-thumbnail\originals\tour-73__tour-real-variant-73__p01__pexels-31265701.jpg,73,tour-real-variant-73,15,,2,Tour Khám Phá Tour Khám Phá Bạch Mã National Park,31265701,1,Vietnam  Hidden Light,https://www.pexels.com/@vietnamhiddenlight,1251340.98,869322.56,200000.00,pexels,https://www.pexels.com/photo/scenic-mountain-road-in-ha-giang-vietnam-31265701/,0.00,0,Tour Khám Phá Tour Khám Phá Bạch Mã National Park Vietnam travel,Hành trình chinh phục đỉnh Bạch Mã.,tour-real-variant-73,,downloaded,,https://images.pexels.com/photos/31265701/pexels-photo-31265701.jpeg?auto=compress&cs=tinysrgb&h=350,7,73,tour-real-variant-73,2026-05-25 08:44:17,,0
,,open,0,Tour Ẩm Thực,tour-am-thuc,danangtrip/tours/tour-real-variant-74/tour-74__tour-real-variant-74__p01,2026-05-25 08:44:17,,Trải nghiệm chuyên sâu hơn của Ngồi sau xe máy cùng HDV địa phương len lỏi vào các ngõ ngách thưởng thức 5-7 món ăn đặc sản.,0,downloaded:306897,4 giờ,,74,https://images.pexels.com/photos/28899311/pexels-photo-28899311.jpeg?auto=compress&cs=tinysrgb&dpr=2&h=650&w=940,,,False,False,,tour-74__tour-real-variant-74__p01__pexels-28899311.jpg,D:\DATN\DATN_Tài liệu\data-center\media-assets\cloudinary-staging\tours\2026-06-04-tour-missing-thumbnail\originals\tour-74__tour-real-variant-74__p01__pexels-28899311.jpg,74,tour-real-variant-74,10,,1,Tour Khám Phá Street Food Tour Đà Nẵng bằng Xe Máy,28899311,1,Tường Chopper,https://www.pexels.com/@tuongchopper,762437.16,700904.87,0.00,pexels,https://www.pexels.com/photo/bustling-street-scene-in-ho-chi-minh-city-vietnam-28899311/,0.00,0,Tour Khám Phá Street Food Tour Đà Nẵng bằng Xe Máy Vietnam travel,Khám phá ẩm thực Đà Nẵng như người bản địa.,tour-real-variant-74,,downloaded,,https://images.pexels.com/photos/28899311/pexels-photo-28899311.jpeg?auto=compress&cs=tinysrgb&h=350,6,74,tour-real-variant-74,2026-05-25 08:44:17,,0
,,open,0,Tour Khám Phá Thiên Nhiên,tour-thien-nhien,danangtrip/tours/tour-real-variant-75/tour-75__tour-real-variant-75__p01,2026-05-25 08:44:17,,"Trải nghiệm sang trọng hơn của Học cách xới đất, trồng rau, tưới nước và tự tay chế biến món ăn từ rau sạch Trà Quế.",0,downloaded:602871,4 giờ,,75,https://images.pexels.com/photos/35518540/pexels-photo-35518540.jpeg?auto=compress&cs=tinysrgb&dpr=2&h=650&w=940,,,False,False,,tour-75__tour-real-variant-75__p01__pexels-35518540.jpg,D:\DATN\DATN_Tài liệu\data-center\media-assets\cloudinary-staging\tours\2026-06-04-tour-missing-thumbnail\originals\tour-75__tour-real-variant-75__p01__pexels-35518540.jpg,75,tour-real-variant-75,12,,1,Tour Cao Cấp Tour Làm Nông Dân Làng Rau Trà Quế,35518540,1,Duy Nguyen,https://www.pexels.com/@duy-nguyen-489946968,508416.92,381685.26,100000.00,pexels,https://www.pexels.com/photo/aerial-view-of-lush-agricultural-fields-in-vietnam-35518540/,0.00,0,Tour Cao Cấp Tour Làm Nông Dân Làng Rau Trà Quế Vietnam travel,Một ngày làm nông dân Hội An.,tour-real-variant-75,,downloaded,,https://images.pexels.com/photos/35518540/pexels-photo-35518540.jpeg?auto=compress&cs=tinysrgb&h=350,5,75,tour-real-variant-75,2026-05-25 08:44:17,,0
,,open,0,Tour Bà Nà Hills,tour-ba-na-hills,danangtrip/tours/tour-real-variant-76/tour-76__tour-real-variant-76__p01,2026-05-25 08:44:17,,"Trải nghiệm chuyên sâu hơn của Ngắm nhìn thành phố ánh sáng từ giữa lòng sông và xem Cầu Rồng phun lửa, phun nước vào tối cuối tuần.",0,downloaded:357075,2 giờ,,76,https://images.pexels.com/photos/19940389/pexels-photo-19940389.jpeg?auto=compress&cs=tinysrgb&dpr=2&h=650&w=940,,,False,False,,tour-76__tour-real-variant-76__p01__pexels-19940389.jpg,D:\DATN\DATN_Tài liệu\data-center\media-assets\cloudinary-staging\tours\2026-06-04-tour-missing-thumbnail\originals\tour-76__tour-real-variant-76__p01__pexels-19940389.jpg,76,tour-real-variant-76,80,,1,Tour Tiết Kiệm Tour Du Thuyền Sông Hàn & Xem Rồng Phun Lửa,19940389,1,Kirandeep Singh Walia,https://www.pexels.com/@kirandeepsingh,203429.88,162596.95,50000.00,pexels,https://www.pexels.com/photo/da-nang-administrative-center-in-vietnam-19940389/,0.00,0,Tour Tiết Kiệm Tour Du Thuyền Sông Hàn & Xem Rồng Phun Lửa Vietnam travel,Buổi tối lãng mạn trên sông Hàn.,tour-real-variant-76,,downloaded,,https://images.pexels.com/photos/19940389/pexels-photo-19940389.jpeg?auto=compress&cs=tinysrgb&h=350,1,76,tour-real-variant-76,2026-05-25 08:44:17,,0
,,open,0,Tour Cố Đô Huế,tour-hue,danangtrip/tours/tour-real-variant-77/tour-77__tour-real-variant-77__p01,2026-05-25 08:44:17,,"Trải nghiệm chuyên sâu hơn của Khám phá hệ sinh thái đầm phá nước lợ, chèo thuyền Kayak và ngắm hoàng hôn tuyệt đẹp.",0,downloaded:456250,6 giờ,,77,https://images.pexels.com/photos/33248828/pexels-photo-33248828.jpeg?auto=compress&cs=tinysrgb&dpr=2&h=650&w=940,,,False,False,,tour-77__tour-real-variant-77__p01__pexels-33248828.jpg,D:\DATN\DATN_Tài liệu\data-center\media-assets\cloudinary-staging\tours\2026-06-04-tour-missing-thumbnail\originals\tour-77__tour-real-variant-77__p01__pexels-33248828.jpg,77,tour-real-variant-77,20,,2,Tour Khám Phá Tour Đầm Phá Tam Giang & Sunset,33248828,1,NGUYỄN THÀNH NHƠN,https://www.pexels.com/@nguy-n-thanh-nh-n-203569019,864803.78,554025.03,150000.00,pexels,https://www.pexels.com/photo/speedboat-moored-by-riverside-in-sunny-weather-33248828/,0.00,0,Tour Khám Phá Tour Đầm Phá Tam Giang & Sunset Vietnam travel,Hoàng hôn rực rỡ trên phá Tam Giang.,tour-real-variant-77,,downloaded,,https://images.pexels.com/photos/33248828/pexels-photo-33248828.jpeg?auto=compress&cs=tinysrgb&h=350,3,77,tour-real-variant-77,2026-05-25 08:44:17,,0
,,open,0,Tour Khám Phá Thiên Nhiên,tour-thien-nhien,danangtrip/tours/tour-real-variant-78/tour-78__tour-real-variant-78__p01,2026-05-25 08:44:17,,Trải nghiệm chuyên sâu hơn của Thưởng thức loại hình nghệ thuật di sản phi vật thể và thả đèn hoa đăng cầu may trên sông Hương.,0,downloaded:216563,2 giờ,,78,https://images.pexels.com/photos/29515987/pexels-photo-29515987.jpeg?auto=compress&cs=tinysrgb&dpr=2&h=650&w=940,,,False,False,,tour-78__tour-real-variant-78__p01__pexels-29515987.jpg,D:\DATN\DATN_Tài liệu\data-center\media-assets\cloudinary-staging\tours\2026-06-04-tour-missing-thumbnail\originals\tour-78__tour-real-variant-78__p01__pexels-29515987.jpg,78,tour-real-variant-78,30,,1,Tour Khám Phá Tour Ca Huế Trên Sông Hương & Ngắm Thành Phố,29515987,1,Võ Văn Tiến,https://www.pexels.com/@vo-van-ti-n-2037497312,162940.36,101788.25,0.00,pexels,https://www.pexels.com/photo/elegant-woman-in-ao-dai-on-trang-ti-n-bridge-29515987/,0.00,0,Tour Khám Phá Tour Ca Huế Trên Sông Hương & Ngắm Thành Phố Vietnam travel,Văn hóa cố đô đặc sắc.,tour-real-variant-78,,downloaded,,https://images.pexels.com/photos/29515987/pexels-photo-29515987.jpeg?auto=compress&cs=tinysrgb&h=350,5,78,tour-real-variant-78,2026-05-25 08:44:17,,0
,,open,0,Tour Mạo Hiểm,tour-mao-hiem,danangtrip/tours/tour-real-variant-79/tour-79__tour-real-variant-79__p01,2026-05-25 08:44:17,,Trải nghiệm chuyên sâu hơn của Đi tàu gỗ ra các hòn đảo nhỏ quanh bán đảo Sơn Trà để lặn ngắm san hô và câu cá.,0,downloaded:481500,6 giờ,,79,https://images.pexels.com/photos/34472517/pexels-photo-34472517.jpeg?auto=compress&cs=tinysrgb&dpr=2&h=650&w=940,,,False,False,,tour-79__tour-real-variant-79__p01__pexels-34472517.jpg,D:\DATN\DATN_Tài liệu\data-center\media-assets\cloudinary-staging\tours\2026-06-04-tour-missing-thumbnail\originals\tour-79__tour-real-variant-79__p01__pexels-34472517.jpg,79,tour-real-variant-79,25,,4,Tour Khám Phá Tour Snorkeling Bán Đảo Sơn Trà,34472517,1,Thư Hugo,https://www.pexels.com/@th-hugo-349378163,691557.27,494770.18,100000.00,pexels,https://www.pexels.com/photo/peaceful-coastal-view-in-da-n-ng-vietnam-34472517/,0.00,0,Tour Khám Phá Tour Snorkeling Bán Đảo Sơn Trà Vietnam travel,Khám phá đại dương Sơn Trà.,tour-real-variant-79,,downloaded,,https://images.pexels.com/photos/34472517/pexels-photo-34472517.jpeg?auto=compress&cs=tinysrgb&h=350,7,79,tour-real-variant-79,2026-05-25 08:44:17,,0
,,open,0,Tour Bà Nà Hills,tour-ba-na-hills,danangtrip/tours/tour-real-variant-80/tour-80__tour-real-variant-80__p01,2026-05-25 08:44:17,,"Trải nghiệm sang trọng hơn của Khám phá chốn bồng lai tiên cảnh với Cầu Vàng, Làng Pháp và hệ thống cáp treo đạt nhiều kỷ lục thế giới.",0,downloaded:390115,1 ngày,,80,https://images.pexels.com/photos/18671478/pexels-photo-18671478.jpeg?auto=compress&cs=tinysrgb&dpr=2&h=650&w=940,,,False,False,,tour-80__tour-real-variant-80__p01__pexels-18671478.jpg,D:\DATN\DATN_Tài liệu\data-center\media-assets\cloudinary-staging\tours\2026-06-04-tour-missing-thumbnail\originals\tour-80__tour-real-variant-80__p01__pexels-18671478.jpg,80,tour-real-variant-80,45,,2,Tour Cao Cấp Tour Bà Nà Hills 1 Ngày (Buffet Trưa),18671478,1,Prakash Achari,https://www.pexels.com/@prakaachu,1297028.24,1018150.86,250000.00,pexels,https://www.pexels.com/photo/golden-bridge-ba-na-hills-vietnam-18671478/,0.00,0,Tour Cao Cấp Tour Bà Nà Hills 1 Ngày (Buffet Trưa) Vietnam travel,Hành trình đưa quý khách đến với đỉnh Núi Chúa - Đà Nẵng.,tour-real-variant-80,,downloaded,,https://images.pexels.com/photos/18671478/pexels-photo-18671478.jpeg?auto=compress&cs=tinysrgb&h=350,1,80,tour-real-variant-80,2026-05-25 08:44:17,,0
,,open,0,Tour Phố Cổ Hội An,tour-hoi-an,danangtrip/tours/tour-real-variant-81/tour-81__tour-real-variant-81__p01,2026-05-25 08:44:17,,Trải nghiệm chuyên sâu hơn của Trải nghiệm chèo thúng tại rừng dừa Bảy Mẫu và khám phá vẻ đẹp hoài cổ của phố cổ Hội An về đêm.,0,downloaded:485810,7 giờ,,81,https://images.pexels.com/photos/32874870/pexels-photo-32874870.jpeg?auto=compress&cs=tinysrgb&dpr=2&h=650&w=940,,,False,False,,tour-81__tour-real-variant-81__p01__pexels-32874870.jpg,D:\DATN\DATN_Tài liệu\data-center\media-assets\cloudinary-staging\tours\2026-06-04-tour-missing-thumbnail\originals\tour-81__tour-real-variant-81__p01__pexels-32874870.jpg,81,tour-real-variant-81,30,,2,Tour Tiết Kiệm Tour Phố Cổ Hội An & Rừng Dừa Bảy Mẫu,32874870,1,Vietnam  Hidden Light,https://www.pexels.com/@vietnamhiddenlight,787276.91,574631.71,150000.00,pexels,https://www.pexels.com/photo/aerial-view-of-basket-boats-in-h-i-an-vietnam-32874870/,0.00,0,Tour Tiết Kiệm Tour Phố Cổ Hội An & Rừng Dừa Bảy Mẫu Vietnam travel,Kết hợp trải nghiệm sông nước và văn hóa phố cổ.,tour-real-variant-81,,downloaded,,https://images.pexels.com/photos/32874870/pexels-photo-32874870.jpeg?auto=compress&cs=tinysrgb&h=350,2,81,tour-real-variant-81,2026-05-25 08:44:17,,0
,,open,0,Tour Khám Phá Thiên Nhiên,tour-thien-nhien,danangtrip/tours/tour-real-variant-82/tour-82__tour-real-variant-82__p01,2026-05-25 08:44:17,,Trải nghiệm chuyên sâu hơn của Hành trình tâm linh khám phá các hang động kỳ bí tại Ngũ Hành Sơn và chiêm bái Phật Bà tại Sơn Trà.,0,downloaded:302400,4 giờ,,82,https://images.pexels.com/photos/36748260/pexels-photo-36748260.jpeg?auto=compress&cs=tinysrgb&dpr=2&h=650&w=940,,,False,False,,tour-82__tour-real-variant-82__p01__pexels-36748260.jpg,D:\DATN\DATN_Tài liệu\data-center\media-assets\cloudinary-staging\tours\2026-06-04-tour-missing-thumbnail\originals\tour-82__tour-real-variant-82__p01__pexels-36748260.jpg,82,tour-real-variant-82,20,,2,Tour Khám Phá Tour Ngũ Hành Sơn & Chùa Linh Ứng Sơn Trà,36748260,1,TUAN PHAN,https://www.pexels.com/@tuan-phan-2156993475,467019.69,263397.75,0.00,pexels,https://www.pexels.com/photo/scenic-coastal-view-of-s-n-tra-peninsula-vietnam-36748260/,0.00,0,Tour Khám Phá Tour Ngũ Hành Sơn & Chùa Linh Ứng Sơn Trà Vietnam travel,Tour tâm linh nửa ngày ngắm cảnh biển Đà Nẵng.,tour-real-variant-82,,downloaded,,https://images.pexels.com/photos/36748260/pexels-photo-36748260.jpeg?auto=compress&cs=tinysrgb&h=350,5,82,tour-real-variant-82,2026-05-25 08:44:17,,0
,,open,0,Tour Cố Đô Huế,tour-hue,danangtrip/tours/tour-real-variant-83/tour-83__tour-real-variant-83__p01,2026-05-25 08:44:17,,"Trải nghiệm chuyên sâu hơn của Chuyến đi biển đảo hấp dẫn với các hoạt động tắm biển, lặn ngắm san hô và thưởng thức hải sản tươi ngon.",0,downloaded:353793,1 ngày,,83,https://images.pexels.com/photos/32228483/pexels-photo-32228483.jpeg?auto=compress&cs=tinysrgb&dpr=2&h=650&w=940,,,False,False,,tour-83__tour-real-variant-83__p01__pexels-32228483.jpg,D:\DATN\DATN_Tài liệu\data-center\media-assets\cloudinary-staging\tours\2026-06-04-tour-missing-thumbnail\originals\tour-83__tour-real-variant-83__p01__pexels-32228483.jpg,83,tour-real-variant-83,35,,4,Tour Khám Phá Tour Cù Lao Chàm Lặn Ngắm San Hô,32228483,1,Trieu Kim Tran,https://www.pexels.com/@trieu-kim-tran-489969244,695368.40,466125.51,100000.00,pexels,https://www.pexels.com/photo/scenic-boat-tour-on-tropical-waters-32228483/,0.00,0,Tour Khám Phá Tour Cù Lao Chàm Lặn Ngắm San Hô Vietnam travel,Thiên đường biển đảo Cù Lao Chàm.,tour-real-variant-83,,downloaded,,https://images.pexels.com/photos/32228483/pexels-photo-32228483.jpeg?auto=compress&cs=tinysrgb&h=350,3,83,tour-real-variant-83,2026-05-25 08:44:17,,0
,,open,0,Tour Khám Phá Thiên Nhiên,tour-thien-nhien,danangtrip/tours/tour-real-variant-84/tour-84__tour-real-variant-84__p01,2026-05-25 08:44:17,,"Trải nghiệm chuyên sâu hơn của Vượt đèo Hải Vân đến với cố đô Huế, tham quan Đại Nội, chùa Thiên Mụ và các lăng tẩm uy nghiêm.",0,downloaded:659336,1 ngày,,84,https://images.pexels.com/photos/27418881/pexels-photo-27418881.jpeg?auto=compress&cs=tinysrgb&dpr=2&h=650&w=940,,,False,False,,tour-84__tour-real-variant-84__p01__pexels-27418881.jpg,D:\DATN\DATN_Tài liệu\data-center\media-assets\cloudinary-staging\tours\2026-06-04-tour-missing-thumbnail\originals\tour-84__tour-real-variant-84__p01__pexels-27418881.jpg,84,tour-real-variant-84,40,,2,Tour Khám Phá Tour Cố Đô Huế 1 Ngày từ Đà Nẵng,27418881,1,Vietnam Tri Duong Photographer,https://www.pexels.com/@triduhi-youtuber,1051479.07,769865.50,200000.00,pexels,https://www.pexels.com/photo/kinh-thanh-hu-vi-t-nam-27418881/,0.00,0,Tour Khám Phá Tour Cố Đô Huế 1 Ngày từ Đà Nẵng Vietnam travel,Hành trình di sản cố đô miền Trung.,tour-real-variant-84,,downloaded,,https://images.pexels.com/photos/27418881/pexels-photo-27418881.jpeg?auto=compress&cs=tinysrgb&h=350,5,84,tour-real-variant-84,2026-05-25 08:44:17,,0
,,open,0,Tour Khám Phá Thiên Nhiên,tour-thien-nhien,danangtrip/tours/tour-real-variant-85/tour-85__tour-real-variant-85__p01,2026-05-25 08:44:17,,Trải nghiệm sang trọng hơn của Tìm hiểu về văn hóa Champa cổ đại qua quần thể đền tháp Mỹ Sơn - Di sản văn hóa thế giới.,0,downloaded:587206,5 giờ,,85,https://images.pexels.com/photos/35042236/pexels-photo-35042236.jpeg?auto=compress&cs=tinysrgb&dpr=2&h=650&w=940,,,False,False,,tour-85__tour-real-variant-85__p01__pexels-35042236.jpg,D:\DATN\DATN_Tài liệu\data-center\media-assets\cloudinary-staging\tours\2026-06-04-tour-missing-thumbnail\originals\tour-85__tour-real-variant-85__p01__pexels-35042236.jpg,85,tour-real-variant-85,25,,2,Tour Cao Cấp Tour Thánh Địa Mỹ Sơn nửa ngày,35042236,1,Nguyen Ngoc Tien,https://www.pexels.com/@nguyen-ngoc-tien-1321490019,572879.41,430340.45,100000.00,pexels,https://www.pexels.com/photo/group-enjoying-a-scenic-boat-ride-on-tranquil-lake-35042236/,0.00,0,Tour Cao Cấp Tour Thánh Địa Mỹ Sơn nửa ngày Vietnam travel,Khám phá bí ẩn tháp Chàm.,tour-real-variant-85,,downloaded,,https://images.pexels.com/photos/35042236/pexels-photo-35042236.jpeg?auto=compress&cs=tinysrgb&h=350,5,85,tour-real-variant-85,2026-05-25 08:44:17,,0
,,open,0,Tour Bà Nà Hills,tour-ba-na-hills,danangtrip/tours/tour-real-variant-86/tour-86__tour-real-variant-86__p01,2026-05-25 08:44:17,,"Trải nghiệm chuyên sâu hơn của Hành trình check-in những biểu tượng hiện đại của Đà Nẵng: Cầu Rồng, Cầu Tình Yêu, Bảo tàng Chăm.",0,downloaded:319817,4 giờ,,86,https://images.pexels.com/photos/29941646/pexels-photo-29941646.jpeg?auto=compress&cs=tinysrgb&dpr=2&h=650&w=940,,,False,False,,tour-86__tour-real-variant-86__p01__pexels-29941646.jpg,D:\DATN\DATN_Tài liệu\data-center\media-assets\cloudinary-staging\tours\2026-06-04-tour-missing-thumbnail\originals\tour-86__tour-real-variant-86__p01__pexels-29941646.jpg,86,tour-real-variant-86,15,,2,Tour Tiết Kiệm Tour Đà Nẵng City - Những Cây Cầu,29941646,1,Võ Văn Tiến,https://www.pexels.com/@vo-van-ti-n-2037497312,355945.37,205735.79,0.00,pexels,https://www.pexels.com/photo/family-in-traditional-vietnamese-ao-dai-at-japanese-bridge-29941646/,0.00,0,Tour Tiết Kiệm Tour Đà Nẵng City - Những Cây Cầu Vietnam travel,Tour khám phá thành phố đáng sống.,tour-real-variant-86,,downloaded,,https://images.pexels.com/photos/29941646/pexels-photo-29941646.jpeg?auto=compress&cs=tinysrgb&h=350,1,86,tour-real-variant-86,2026-05-25 08:44:17,,0
,,open,0,Tour Cố Đô Huế,tour-hue,danangtrip/tours/tour-real-variant-87/tour-87__tour-real-variant-87__p01,2026-05-25 08:44:17,,Trải nghiệm chuyên sâu hơn của Trải nghiệm cung đường đèo đẹp nhất Việt Nam và thư giãn tại vịnh biển Lăng Cô thơ mộng.,0,downloaded:353793,1 ngày,,87,https://images.pexels.com/photos/32228483/pexels-photo-32228483.jpeg?auto=compress&cs=tinysrgb&dpr=2&h=650&w=940,,,False,False,,tour-87__tour-real-variant-87__p01__pexels-32228483.jpg,D:\DATN\DATN_Tài liệu\data-center\media-assets\cloudinary-staging\tours\2026-06-04-tour-missing-thumbnail\originals\tour-87__tour-real-variant-87__p01__pexels-32228483.jpg,87,tour-real-variant-87,20,,2,Tour Khám Phá Tour Đèo Hải Vân & Lăng Cô - Ô tô,32228483,1,Trieu Kim Tran,https://www.pexels.com/@trieu-kim-tran-489969244,917425.14,621453.47,150000.00,pexels,https://www.pexels.com/photo/scenic-boat-tour-on-tropical-waters-32228483/,0.00,0,Tour Khám Phá Tour Đèo Hải Vân & Lăng Cô - Ô tô Vietnam travel,"Ngắm nhìn ""Thiên hạ đệ nhất hùng quan"".",tour-real-variant-87,,downloaded,,https://images.pexels.com/photos/32228483/pexels-photo-32228483.jpeg?auto=compress&cs=tinysrgb&h=350,3,87,tour-real-variant-87,2026-05-25 08:44:17,,0
,,open,0,Tour Ẩm Thực,tour-am-thuc,danangtrip/tours/tour-real-variant-88/tour-88__tour-real-variant-88__p01,2026-05-25 08:44:17,,"Trải nghiệm chuyên sâu hơn của Dạo bước phố đèn lồng, thả đèn hoa đăng và thưởng thức các món ăn đặc sản nổi tiếng của Hội An.",0,downloaded:264185,5 giờ,,88,https://images.pexels.com/photos/34949975/pexels-photo-34949975.jpeg?auto=compress&cs=tinysrgb&dpr=2&h=650&w=940,,,False,False,,tour-88__tour-real-variant-88__p01__pexels-34949975.jpg,D:\DATN\DATN_Tài liệu\data-center\media-assets\cloudinary-staging\tours\2026-06-04-tour-missing-thumbnail\originals\tour-88__tour-real-variant-88__p01__pexels-34949975.jpg,88,tour-real-variant-88,25,,2,Tour Khám Phá Tour Đêm Phố Cổ Hội An & Ăn Tối,34949975,1,Võ Văn Tiến,https://www.pexels.com/@vo-van-ti-n-2037497312,692557.05,484083.25,100000.00,pexels,https://www.pexels.com/photo/traditional-vietnamese-attire-in-h-i-an-alleyway-34949975/,0.00,0,Tour Khám Phá Tour Đêm Phố Cổ Hội An & Ăn Tối Vietnam travel,Lãng mạn phố cổ về đêm.,tour-real-variant-88,,downloaded,,https://images.pexels.com/photos/34949975/pexels-photo-34949975.jpeg?auto=compress&cs=tinysrgb&h=350,6,88,tour-real-variant-88,2026-05-25 08:44:17,,0
,,open,0,Tour Bà Nà Hills,tour-ba-na-hills,danangtrip/tours/tour-real-variant-89/tour-89__tour-real-variant-89__p01,2026-05-25 08:44:17,,"Trải nghiệm chuyên sâu hơn của Trải nghiệm Bà Nà Hills lung linh về đêm với Buffet tối, rượu vang và các show diễn đặc sắc.",0,downloaded:390115,1 ngày,,89,https://images.pexels.com/photos/18671478/pexels-photo-18671478.jpeg?auto=compress&cs=tinysrgb&dpr=2&h=650&w=940,,,False,False,,tour-89__tour-real-variant-89__p01__pexels-18671478.jpg,D:\DATN\DATN_Tài liệu\data-center\media-assets\cloudinary-staging\tours\2026-06-04-tour-missing-thumbnail\originals\tour-89__tour-real-variant-89__p01__pexels-18671478.jpg,89,tour-real-variant-89,50,,1,Tour Khám Phá Tour Bà Nà Hills Đêm (Sun World Night),18671478,1,Prakash Achari,https://www.pexels.com/@prakaachu,1114565.19,793325.77,200000.00,pexels,https://www.pexels.com/photo/golden-bridge-ba-na-hills-vietnam-18671478/,0.00,0,Tour Khám Phá Tour Bà Nà Hills Đêm (Sun World Night) Vietnam travel,Bà Nà huyền ảo buổi đêm.,tour-real-variant-89,,downloaded,,https://images.pexels.com/photos/18671478/pexels-photo-18671478.jpeg?auto=compress&cs=tinysrgb&h=350,1,89,tour-real-variant-89,2026-05-25 08:44:17,,0
,,open,0,Tour Bà Nà Hills,tour-ba-na-hills,danangtrip/tours/tour-real-variant-90/tour-90__tour-real-variant-90__p01,2026-05-25 08:44:17,,"Trải nghiệm sang trọng hơn của Vui chơi không giới hạn tại VinWonders Nam Hội An với Safari, Công viên nước và Đảo văn hóa.",0,downloaded:481066,1 ngày,,90,https://images.pexels.com/photos/29521438/pexels-photo-29521438.jpeg?auto=compress&cs=tinysrgb&dpr=2&h=650&w=940,,,False,False,,tour-90__tour-real-variant-90__p01__pexels-29521438.jpg,D:\DATN\DATN_Tài liệu\data-center\media-assets\cloudinary-staging\tours\2026-06-04-tour-missing-thumbnail\originals\tour-90__tour-real-variant-90__p01__pexels-29521438.jpg,90,tour-real-variant-90,50,,1,Tour Cao Cấp Tour VinWonders Nam Hội An Full Day,29521438,1,Võ Văn Tiến,https://www.pexels.com/@vo-van-ti-n-2037497312,938059.36,722308.04,150000.00,pexels,https://www.pexels.com/photo/traditional-dress-at-h-i-an-historic-pagoda-29521438/,0.00,0,Tour Cao Cấp Tour VinWonders Nam Hội An Full Day Vietnam travel,Thế giới giải trí đa sắc màu.,tour-real-variant-90,,downloaded,,https://images.pexels.com/photos/29521438/pexels-photo-29521438.jpeg?auto=compress&cs=tinysrgb&h=350,1,90,tour-real-variant-90,2026-05-25 08:44:17,,0
,,open,0,Tour Biển & Đảo,tour-bien-dao,danangtrip/tours/tour-real-variant-91/tour-91__tour-real-variant-91__p01,2026-05-25 08:44:17,,"Trải nghiệm chuyên sâu hơn của Thư giãn tuyệt đối với dịch vụ tắm khoáng, tắm bùn và khu vui chơi nước giữa núi rừng.",0,downloaded:587206,1 ngày,,91,https://images.pexels.com/photos/35042236/pexels-photo-35042236.jpeg?auto=compress&cs=tinysrgb&dpr=2&h=650&w=940,,,False,False,,tour-91__tour-real-variant-91__p01__pexels-35042236.jpg,D:\DATN\DATN_Tài liệu\data-center\media-assets\cloudinary-staging\tours\2026-06-04-tour-missing-thumbnail\originals\tour-91__tour-real-variant-91__p01__pexels-35042236.jpg,91,tour-real-variant-91,30,,2,Tour Tiết Kiệm Tour Suối Khoáng Nóng Thần Tài Relax,35042236,1,Nguyen Ngoc Tien,https://www.pexels.com/@nguyen-ngoc-tien-1321490019,1012872.95,695090.99,150000.00,pexels,https://www.pexels.com/photo/group-enjoying-a-scenic-boat-ride-on-tranquil-lake-35042236/,0.00,0,Tour Tiết Kiệm Tour Suối Khoáng Nóng Thần Tài Relax Vietnam travel,Nghỉ dưỡng và chăm sóc sức khỏe.,tour-real-variant-91,,downloaded,,https://images.pexels.com/photos/35042236/pexels-photo-35042236.jpeg?auto=compress&cs=tinysrgb&h=350,4,91,tour-real-variant-91,2026-05-25 08:44:17,,0
,,open,0,Tour Mạo Hiểm,tour-mao-hiem,danangtrip/tours/tour-real-variant-92/tour-92__tour-real-variant-92__p01,2026-05-25 08:44:17,,"Trải nghiệm chuyên sâu hơn của Thám hiểm rừng già Sơn Trà, tìm kiếm voọc chà vá chân nâu và chinh phục đỉnh Bàn Cờ.",0,downloaded:302400,6 giờ,,92,https://images.pexels.com/photos/36748260/pexels-photo-36748260.jpeg?auto=compress&cs=tinysrgb&dpr=2&h=650&w=940,,,False,False,,tour-92__tour-real-variant-92__p01__pexels-36748260.jpg,D:\DATN\DATN_Tài liệu\data-center\media-assets\cloudinary-staging\tours\2026-06-04-tour-missing-thumbnail\originals\tour-92__tour-real-variant-92__p01__pexels-36748260.jpg,92,tour-real-variant-92,10,,2,Tour Khám Phá Tour Trekking Bán Đảo Sơn Trà,36748260,1,TUAN PHAN,https://www.pexels.com/@tuan-phan-2156993475,727342.23,758024.29,0.00,pexels,https://www.pexels.com/photo/scenic-coastal-view-of-s-n-tra-peninsula-vietnam-36748260/,0.00,0,Tour Khám Phá Tour Trekking Bán Đảo Sơn Trà Vietnam travel,Thử thách thiên nhiên Sơn Trà.,tour-real-variant-92,,downloaded,,https://images.pexels.com/photos/36748260/pexels-photo-36748260.jpeg?auto=compress&cs=tinysrgb&h=350,7,92,tour-real-variant-92,2026-05-25 08:44:17,,0
,,open,0,Tour Mạo Hiểm,tour-mao-hiem,danangtrip/tours/tour-real-variant-93/tour-93__tour-real-variant-93__p01,2026-05-25 08:44:17,,"Trải nghiệm chuyên sâu hơn của Trekking rừng quốc gia Bạch Mã, ngắm thác Đỗ Quyên và ngắm toàn cảnh vịnh Lăng Cô từ Hải Vọng Đài.",0,downloaded:346744,1 ngày,,93,https://images.pexels.com/photos/31265701/pexels-photo-31265701.jpeg?auto=compress&cs=tinysrgb&dpr=2&h=650&w=940,,,False,False,,tour-93__tour-real-variant-93__p01__pexels-31265701.jpg,D:\DATN\DATN_Tài liệu\data-center\media-assets\cloudinary-staging\tours\2026-06-04-tour-missing-thumbnail\originals\tour-93__tour-real-variant-93__p01__pexels-31265701.jpg,93,tour-real-variant-93,15,,2,Tour Khám Phá Tour Khám Phá Bạch Mã National Park,31265701,1,Vietnam  Hidden Light,https://www.pexels.com/@vietnamhiddenlight,1105082.62,880787.95,200000.00,pexels,https://www.pexels.com/photo/scenic-mountain-road-in-ha-giang-vietnam-31265701/,0.00,0,Tour Khám Phá Tour Khám Phá Bạch Mã National Park Vietnam travel,Hành trình chinh phục đỉnh Bạch Mã.,tour-real-variant-93,,downloaded,,https://images.pexels.com/photos/31265701/pexels-photo-31265701.jpeg?auto=compress&cs=tinysrgb&h=350,7,93,tour-real-variant-93,2026-05-25 08:44:17,,0
,,open,0,Tour Ẩm Thực,tour-am-thuc,danangtrip/tours/tour-real-variant-94/tour-94__tour-real-variant-94__p01,2026-05-25 08:44:17,,Trải nghiệm chuyên sâu hơn của Ngồi sau xe máy cùng HDV địa phương len lỏi vào các ngõ ngách thưởng thức 5-7 món ăn đặc sản.,0,downloaded:306897,4 giờ,,94,https://images.pexels.com/photos/28899311/pexels-photo-28899311.jpeg?auto=compress&cs=tinysrgb&dpr=2&h=650&w=940,,,False,False,,tour-94__tour-real-variant-94__p01__pexels-28899311.jpg,D:\DATN\DATN_Tài liệu\data-center\media-assets\cloudinary-staging\tours\2026-06-04-tour-missing-thumbnail\originals\tour-94__tour-real-variant-94__p01__pexels-28899311.jpg,94,tour-real-variant-94,10,,1,Tour Khám Phá Street Food Tour Đà Nẵng bằng Xe Máy,28899311,1,Tường Chopper,https://www.pexels.com/@tuongchopper,737414.62,682634.00,0.00,pexels,https://www.pexels.com/photo/bustling-street-scene-in-ho-chi-minh-city-vietnam-28899311/,0.00,0,Tour Khám Phá Street Food Tour Đà Nẵng bằng Xe Máy Vietnam travel,Khám phá ẩm thực Đà Nẵng như người bản địa.,tour-real-variant-94,,downloaded,,https://images.pexels.com/photos/28899311/pexels-photo-28899311.jpeg?auto=compress&cs=tinysrgb&h=350,6,94,tour-real-variant-94,2026-05-25 08:44:17,,0
,,open,0,Tour Khám Phá Thiên Nhiên,tour-thien-nhien,danangtrip/tours/tour-real-variant-95/tour-95__tour-real-variant-95__p01,2026-05-25 08:44:17,,"Trải nghiệm sang trọng hơn của Học cách xới đất, trồng rau, tưới nước và tự tay chế biến món ăn từ rau sạch Trà Quế.",0,downloaded:602871,4 giờ,,95,https://images.pexels.com/photos/35518540/pexels-photo-35518540.jpeg?auto=compress&cs=tinysrgb&dpr=2&h=650&w=940,,,False,False,,tour-95__tour-real-variant-95__p01__pexels-35518540.jpg,D:\DATN\DATN_Tài liệu\data-center\media-assets\cloudinary-staging\tours\2026-06-04-tour-missing-thumbnail\originals\tour-95__tour-real-variant-95__p01__pexels-35518540.jpg,95,tour-real-variant-95,12,,1,Tour Cao Cấp Tour Làm Nông Dân Làng Rau Trà Quế,35518540,1,Duy Nguyen,https://www.pexels.com/@duy-nguyen-489946968,556516.92,376139.88,100000.00,pexels,https://www.pexels.com/photo/aerial-view-of-lush-agricultural-fields-in-vietnam-35518540/,0.00,0,Tour Cao Cấp Tour Làm Nông Dân Làng Rau Trà Quế Vietnam travel,Một ngày làm nông dân Hội An.,tour-real-variant-95,,downloaded,,https://images.pexels.com/photos/35518540/pexels-photo-35518540.jpeg?auto=compress&cs=tinysrgb&h=350,5,95,tour-real-variant-95,2026-05-25 08:44:17,,0
,,open,0,Tour Bà Nà Hills,tour-ba-na-hills,danangtrip/tours/tour-real-variant-96/tour-96__tour-real-variant-96__p01,2026-05-25 08:44:17,,"Trải nghiệm chuyên sâu hơn của Ngắm nhìn thành phố ánh sáng từ giữa lòng sông và xem Cầu Rồng phun lửa, phun nước vào tối cuối tuần.",0,downloaded:357075,2 giờ,,96,https://images.pexels.com/photos/19940389/pexels-photo-19940389.jpeg?auto=compress&cs=tinysrgb&dpr=2&h=650&w=940,,,False,False,,tour-96__tour-real-variant-96__p01__pexels-19940389.jpg,D:\DATN\DATN_Tài liệu\data-center\media-assets\cloudinary-staging\tours\2026-06-04-tour-missing-thumbnail\originals\tour-96__tour-real-variant-96__p01__pexels-19940389.jpg,96,tour-real-variant-96,80,,1,Tour Tiết Kiệm Tour Du Thuyền Sông Hàn & Xem Rồng Phun Lửa,19940389,1,Kirandeep Singh Walia,https://www.pexels.com/@kirandeepsingh,231843.82,152837.32,50000.00,pexels,https://www.pexels.com/photo/da-nang-administrative-center-in-vietnam-19940389/,0.00,0,Tour Tiết Kiệm Tour Du Thuyền Sông Hàn & Xem Rồng Phun Lửa Vietnam travel,Buổi tối lãng mạn trên sông Hàn.,tour-real-variant-96,,downloaded,,https://images.pexels.com/photos/19940389/pexels-photo-19940389.jpeg?auto=compress&cs=tinysrgb&h=350,1,96,tour-real-variant-96,2026-05-25 08:44:17,,0
,,open,0,Tour Cố Đô Huế,tour-hue,danangtrip/tours/tour-real-variant-97/tour-97__tour-real-variant-97__p01,2026-05-25 08:44:17,,"Trải nghiệm chuyên sâu hơn của Khám phá hệ sinh thái đầm phá nước lợ, chèo thuyền Kayak và ngắm hoàng hôn tuyệt đẹp.",0,downloaded:456250,6 giờ,,97,https://images.pexels.com/photos/33248828/pexels-photo-33248828.jpeg?auto=compress&cs=tinysrgb&dpr=2&h=650&w=940,,,False,False,,tour-97__tour-real-variant-97__p01__pexels-33248828.jpg,D:\DATN\DATN_Tài liệu\data-center\media-assets\cloudinary-staging\tours\2026-06-04-tour-missing-thumbnail\originals\tour-97__tour-real-variant-97__p01__pexels-33248828.jpg,97,tour-real-variant-97,20,,2,Tour Khám Phá Tour Đầm Phá Tam Giang & Sunset,33248828,1,NGUYỄN THÀNH NHƠN,https://www.pexels.com/@nguy-n-thanh-nh-n-203569019,857958.50,561541.17,150000.00,pexels,https://www.pexels.com/photo/speedboat-moored-by-riverside-in-sunny-weather-33248828/,0.00,0,Tour Khám Phá Tour Đầm Phá Tam Giang & Sunset Vietnam travel,Hoàng hôn rực rỡ trên phá Tam Giang.,tour-real-variant-97,,downloaded,,https://images.pexels.com/photos/33248828/pexels-photo-33248828.jpeg?auto=compress&cs=tinysrgb&h=350,3,97,tour-real-variant-97,2026-05-25 08:44:17,,0
,,open,0,Tour Khám Phá Thiên Nhiên,tour-thien-nhien,danangtrip/tours/tour-real-variant-98/tour-98__tour-real-variant-98__p01,2026-05-25 08:44:17,,Trải nghiệm chuyên sâu hơn của Thưởng thức loại hình nghệ thuật di sản phi vật thể và thả đèn hoa đăng cầu may trên sông Hương.,0,downloaded:216563,2 giờ,,98,https://images.pexels.com/photos/29515987/pexels-photo-29515987.jpeg?auto=compress&cs=tinysrgb&dpr=2&h=650&w=940,,,False,False,,tour-98__tour-real-variant-98__p01__pexels-29515987.jpg,D:\DATN\DATN_Tài liệu\data-center\media-assets\cloudinary-staging\tours\2026-06-04-tour-missing-thumbnail\originals\tour-98__tour-real-variant-98__p01__pexels-29515987.jpg,98,tour-real-variant-98,30,,1,Tour Khám Phá Tour Ca Huế Trên Sông Hương & Ngắm Thành Phố,29515987,1,Võ Văn Tiến,https://www.pexels.com/@vo-van-ti-n-2037497312,166686.87,102911.22,0.00,pexels,https://www.pexels.com/photo/elegant-woman-in-ao-dai-on-trang-ti-n-bridge-29515987/,0.00,0,Tour Khám Phá Tour Ca Huế Trên Sông Hương & Ngắm Thành Phố Vietnam travel,Văn hóa cố đô đặc sắc.,tour-real-variant-98,,downloaded,,https://images.pexels.com/photos/29515987/pexels-photo-29515987.jpeg?auto=compress&cs=tinysrgb&h=350,5,98,tour-real-variant-98,2026-05-25 08:44:17,,0
,,open,0,Tour Mạo Hiểm,tour-mao-hiem,danangtrip/tours/tour-real-variant-99/tour-99__tour-real-variant-99__p01,2026-05-25 08:44:17,,Trải nghiệm chuyên sâu hơn của Đi tàu gỗ ra các hòn đảo nhỏ quanh bán đảo Sơn Trà để lặn ngắm san hô và câu cá.,0,downloaded:481500,6 giờ,,99,https://images.pexels.com/photos/34472517/pexels-photo-34472517.jpeg?auto=compress&cs=tinysrgb&dpr=2&h=650&w=940,,,False,False,,tour-99__tour-real-variant-99__p01__pexels-34472517.jpg,D:\DATN\DATN_Tài liệu\data-center\media-assets\cloudinary-staging\tours\2026-06-04-tour-missing-thumbnail\originals\tour-99__tour-real-variant-99__p01__pexels-34472517.jpg,99,tour-real-variant-99,25,,4,Tour Khám Phá Tour Snorkeling Bán Đảo Sơn Trà,34472517,1,Thư Hugo,https://www.pexels.com/@th-hugo-349378163,604808.47,481891.43,100000.00,pexels,https://www.pexels.com/photo/peaceful-coastal-view-in-da-n-ng-vietnam-34472517/,0.00,0,Tour Khám Phá Tour Snorkeling Bán Đảo Sơn Trà Vietnam travel,Khám phá đại dương Sơn Trà.,tour-real-variant-99,,downloaded,,https://images.pexels.com/photos/34472517/pexels-photo-34472517.jpeg?auto=compress&cs=tinysrgb&h=350,7,99,tour-real-variant-99,2026-05-25 08:44:17,,0
,,open,0,Tour Bà Nà Hills,tour-ba-na-hills,danangtrip/tours/tour-real-variant-100/tour-100__tour-real-variant-100__p01,2026-05-25 08:44:17,,"Trải nghiệm sang trọng hơn của Khám phá chốn bồng lai tiên cảnh với Cầu Vàng, Làng Pháp và hệ thống cáp treo đạt nhiều kỷ lục thế giới.",0,downloaded:390115,1 ngày,,100,https://images.pexels.com/photos/18671478/pexels-photo-18671478.jpeg?auto=compress&cs=tinysrgb&dpr=2&h=650&w=940,,,False,False,,tour-100__tour-real-variant-100__p01__pexels-18671478.jpg,D:\DATN\DATN_Tài liệu\data-center\media-assets\cloudinary-staging\tours\2026-06-04-tour-missing-thumbnail\originals\tour-100__tour-real-variant-100__p01__pexels-18671478.jpg,100,tour-real-variant-100,45,,2,Tour Cao Cấp Tour Bà Nà Hills 1 Ngày (Buffet Trưa),18671478,1,Prakash Achari,https://www.pexels.com/@prakaachu,1290822.91,1042517.89,250000.00,pexels,https://www.pexels.com/photo/golden-bridge-ba-na-hills-vietnam-18671478/,0.00,0,Tour Cao Cấp Tour Bà Nà Hills 1 Ngày (Buffet Trưa) Vietnam travel,Hành trình đưa quý khách đến với đỉnh Núi Chúa - Đà Nẵng.,tour-real-variant-100,,downloaded,,https://images.pexels.com/photos/18671478/pexels-photo-18671478.jpeg?auto=compress&cs=tinysrgb&h=350,1,100,tour-real-variant-100,2026-05-25 08:44:17,,0
