asset_id,bytes,cloudinary_public_id,cloudinary_resource_type,content_type,duplicate_of_cloudinary_public_id,error,format,height,image_alt,image_url,is_primary,local_file,local_path,photo_index,photographer,photographer_url,provider,provider_page_url,provider_photo_id,public_id,rights_note,secure_url,sha256,source_url,status,tour_name,tour_slug,upload_error,upload_status,version,width,﻿catalog_index
,433967,danangtrip/tours/recrawl-018-venusvietnamtravel-afternoon-ba-na-hills-golden-bridge-dragon-bridge-by-night-tour-venustravel/tour-001__recrawl-018-venusvietnamtravel-afternoon-ba-na-hills-golden-bridge-dragon-bridge-by-night-tour-venustravel__p01__venus-video-scaled,image,image/jpeg,,,,,,https://venus-cdn.b-cdn.net/wp-content/uploads/2025/08/Video-scaled.jpg,True,tour-001__recrawl-018-venusvietnamtravel-afternoon-ba-na-hills-golden-bridge-dragon-bridge-by-night-tour-venustravel__p01__venus-video-scaled.jpg,D:\DATN\DATN_Tài liệu\data-center\media-assets\cloudinary-staging\tours\2026-06-07-verified-real-tours\originals\tour-001__recrawl-018-venusvietnamtravel-afternoon-ba-na-hills-golden-bridge-dragon-bridge-by-night-tour-venustravel__p01__venus-video-scaled.jpg,1,,,venus,,,,Downloaded from operator source page; verify reuse permission before production publication.,,21106a5a3a1903e641e1144fceeb3c9b54524e88499fef5d965d4bbef4cd0182,https://venusvietnamtravel.com/afternoon-ba-na-hills-golden-bridge-dragon-bridge-by-night-tour/,already_downloaded,AFTERNOON BA NA HILLS – GOLDEN BRIDGE & DRAGON BRIDGE BY NIGHT TOUR,recrawl-018-venusvietnamtravel-afternoon-ba-na-hills-golden-bridge-dragon-bridge-by-night-tour-venustravel,HTTP Error 400: Bad Request,upload_failed,,,1
,318294,danangtrip/tours/recrawl-018-venusvietnamtravel-afternoon-ba-na-hills-golden-bridge-dragon-bridge-by-night-tour-venustravel/tour-001__recrawl-018-venusvietnamtravel-afternoon-ba-na-hills-golden-bridge-dragon-bridge-by-night-tour-venustravel__p02__pexels-28297412,image,image/jpeg,,,,,AFTERNOON BA NA HILLS – GOLDEN BRIDGE & DRAGON BRIDGE BY NIGHT TOUR - Pexels candidate for Ba Na Hills Golden Bridge Da Nang Vietnam,https://images.pexels.com/photos/28297412/pexels-photo-28297412.jpeg?auto=compress&cs=tinysrgb&dpr=2&h=650&w=940,False,tour-001__recrawl-018-venusvietnamtravel-afternoon-ba-na-hills-golden-bridge-dragon-bridge-by-night-tour-venustravel__p02__pexels-28297412.jpg,D:\DATN\DATN_Tài liệu\data-center\media-assets\cloudinary-staging\tours\2026-06-07-verified-real-tours\originals\tour-001__recrawl-018-venusvietnamtravel-afternoon-ba-na-hills-golden-bridge-dragon-bridge-by-night-tour-venustravel__p02__pexels-28297412.jpg,2,Pham Ngoc Anh,https://www.pexels.com/@pham-ngoc-anh-170983008,pexels,https://www.pexels.com/photo/a-bridge-with-giant-hands-on-it-in-the-fog-28297412/,28297412,,Pexels attribution metadata retained; verify final usage terms.,,6dce3cb318737b947a81b1d6fb63a4f50272238632effc95a426a00cdf4500c0,https://venusvietnamtravel.com/afternoon-ba-na-hills-golden-bridge-dragon-bridge-by-night-tour/,already_downloaded,AFTERNOON BA NA HILLS – GOLDEN BRIDGE & DRAGON BRIDGE BY NIGHT TOUR,recrawl-018-venusvietnamtravel-afternoon-ba-na-hills-golden-bridge-dragon-bridge-by-night-tour-venustravel,HTTP Error 400: Bad Request,upload_failed,,,1
,348799,danangtrip/tours/recrawl-018-venusvietnamtravel-afternoon-ba-na-hills-golden-bridge-dragon-bridge-by-night-tour-venustravel/tour-001__recrawl-018-venusvietnamtravel-afternoon-ba-na-hills-golden-bridge-dragon-bridge-by-night-tour-venustravel__p03__pexels-20602155,image,image/jpeg,,,,,AFTERNOON BA NA HILLS – GOLDEN BRIDGE & DRAGON BRIDGE BY NIGHT TOUR - Pexels candidate for Ba Na Hills Golden Bridge Da Nang Vietnam,https://images.pexels.com/photos/20602155/pexels-photo-20602155.jpeg?auto=compress&cs=tinysrgb&dpr=2&h=650&w=940,False,tour-001__recrawl-018-venusvietnamtravel-afternoon-ba-na-hills-golden-bridge-dragon-bridge-by-night-tour-venustravel__p03__pexels-20602155.jpg,D:\DATN\DATN_Tài liệu\data-center\media-assets\cloudinary-staging\tours\2026-06-07-verified-real-tours\originals\tour-001__recrawl-018-venusvietnamtravel-afternoon-ba-na-hills-golden-bridge-dragon-bridge-by-night-tour-venustravel__p03__pexels-20602155.jpg,3,Kirandeep Singh Walia,https://www.pexels.com/@kirandeepsingh,pexels,https://www.pexels.com/photo/golden-hand-bridge-in-da-nang-in-vietnam-20602155/,20602155,,Pexels attribution metadata retained; verify final usage terms.,,53a71733eeba1e98bd6a14d27b3d8b5e482336ede0f233408cf0348b43e69ef7,https://venusvietnamtravel.com/afternoon-ba-na-hills-golden-bridge-dragon-bridge-by-night-tour/,already_downloaded,AFTERNOON BA NA HILLS – GOLDEN BRIDGE & DRAGON BRIDGE BY NIGHT TOUR,recrawl-018-venusvietnamtravel-afternoon-ba-na-hills-golden-bridge-dragon-bridge-by-night-tour-venustravel,HTTP Error 400: Bad Request,upload_failed,,,1
a0f3db2bf991e37bb105969605213bfa,699760,danangtrip/tours/vmtravel-recheck-001-ba-na-hills-and-golden-bridge-tour-from-tien-sa-port/tour-002__vmtravel-recheck-001-ba-na-hills-and-golden-bridge-tour-from-tien-sa-port__p01__vmtravel-bana-hills-cable-car-in-da-nang,image,image/jpeg,,,jpg,650,,https://vmtravel.com/wp-content/uploads/2024/07/Bana-Hills-cable-car-in-Da-Nang.jpg,True,tour-002__vmtravel-recheck-001-ba-na-hills-and-golden-bridge-tour-from-tien-sa-port__p01__vmtravel-bana-hills-cable-car-in-da-nang.jpg,D:\DATN\DATN_Tài liệu\data-center\media-assets\cloudinary-staging\tours\2026-06-07-verified-real-tours\originals\tour-002__vmtravel-recheck-001-ba-na-hills-and-golden-bridge-tour-from-tien-sa-port__p01__vmtravel-bana-hills-cable-car-in-da-nang.jpg,1,,,vmtravel,,,danangtrip/tours/vmtravel-recheck-001-ba-na-hills-and-golden-bridge-tour-from-tien-sa-port/tour-002__vmtravel-recheck-001-ba-na-hills-and-golden-bridge-tour-from-tien-sa-port__p01__vmtravel-bana-hills-cable-car-in-da-nang,Downloaded from operator source page; verify reuse permission before production publication.,https://res.cloudinary.com/dmukxquza/image/upload/v1780804725/danangtrip/tours/vmtravel-recheck-001-ba-na-hills-and-golden-bridge-tour-from-tien-sa-port/tour-002__vmtravel-recheck-001-ba-na-hills-and-golden-bridge-tour-from-tien-sa-port__p01__vmtravel-bana-hills-cable-car-in-da-nang.jpg,7c00fe63ca096fefae48c1844c4573bbdcb512154b3bf9fbccfb745178f3eee2,https://vmtravel.com/tours/ba-na-hills-and-golden-bridge-tour-from-tien-sa/,already_downloaded,Ba Na Hills And Golden Bridge Tour From Tien Sa Port,vmtravel-recheck-001-ba-na-hills-and-golden-bridge-tour-from-tien-sa-port,,uploaded,1780804725,950,2
46552dd7bf9baf219b54435541a602b8,647606,danangtrip/tours/vmtravel-recheck-001-ba-na-hills-and-golden-bridge-tour-from-tien-sa-port/tour-002__vmtravel-recheck-001-ba-na-hills-and-golden-bridge-tour-from-tien-sa-port__p02__vmtravel-bana-hills,image,image/jpeg,,,jpg,650,,https://vmtravel.com/wp-content/uploads/2023/07/bana-hills.jpg,False,tour-002__vmtravel-recheck-001-ba-na-hills-and-golden-bridge-tour-from-tien-sa-port__p02__vmtravel-bana-hills.jpg,D:\DATN\DATN_Tài liệu\data-center\media-assets\cloudinary-staging\tours\2026-06-07-verified-real-tours\originals\tour-002__vmtravel-recheck-001-ba-na-hills-and-golden-bridge-tour-from-tien-sa-port__p02__vmtravel-bana-hills.jpg,2,,,vmtravel,,,danangtrip/tours/vmtravel-recheck-001-ba-na-hills-and-golden-bridge-tour-from-tien-sa-port/tour-002__vmtravel-recheck-001-ba-na-hills-and-golden-bridge-tour-from-tien-sa-port__p02__vmtravel-bana-hills,Downloaded from operator source page; verify reuse permission before production publication.,https://res.cloudinary.com/dmukxquza/image/upload/v1780804728/danangtrip/tours/vmtravel-recheck-001-ba-na-hills-and-golden-bridge-tour-from-tien-sa-port/tour-002__vmtravel-recheck-001-ba-na-hills-and-golden-bridge-tour-from-tien-sa-port__p02__vmtravel-bana-hills.jpg,2f30d9e891eec822e6b3e25440935297eda36f45aeb614de08a7cce792f9e261,https://vmtravel.com/tours/ba-na-hills-and-golden-bridge-tour-from-tien-sa/,already_downloaded,Ba Na Hills And Golden Bridge Tour From Tien Sa Port,vmtravel-recheck-001-ba-na-hills-and-golden-bridge-tour-from-tien-sa-port,,uploaded,1780804728,950,2
0731a8ee064a7c0ac8b8ffca6444f0f2,624635,danangtrip/tours/vmtravel-recheck-001-ba-na-hills-and-golden-bridge-tour-from-tien-sa-port/tour-002__vmtravel-recheck-001-ba-na-hills-and-golden-bridge-tour-from-tien-sa-port__p03__vmtravel-bana-hills-tour-from-chan-may-port,image,image/jpeg,,,jpg,650,,https://vmtravel.com/wp-content/uploads/2023/07/bana-hills-tour-from-chan-may-port.jpg,False,tour-002__vmtravel-recheck-001-ba-na-hills-and-golden-bridge-tour-from-tien-sa-port__p03__vmtravel-bana-hills-tour-from-chan-may-port.jpg,D:\DATN\DATN_Tài liệu\data-center\media-assets\cloudinary-staging\tours\2026-06-07-verified-real-tours\originals\tour-002__vmtravel-recheck-001-ba-na-hills-and-golden-bridge-tour-from-tien-sa-port__p03__vmtravel-bana-hills-tour-from-chan-may-port.jpg,3,,,vmtravel,,,danangtrip/tours/vmtravel-recheck-001-ba-na-hills-and-golden-bridge-tour-from-tien-sa-port/tour-002__vmtravel-recheck-001-ba-na-hills-and-golden-bridge-tour-from-tien-sa-port__p03__vmtravel-bana-hills-tour-from-chan-may-port,Downloaded from operator source page; verify reuse permission before production publication.,https://res.cloudinary.com/dmukxquza/image/upload/v1780804731/danangtrip/tours/vmtravel-recheck-001-ba-na-hills-and-golden-bridge-tour-from-tien-sa-port/tour-002__vmtravel-recheck-001-ba-na-hills-and-golden-bridge-tour-from-tien-sa-port__p03__vmtravel-bana-hills-tour-from-chan-may-port.jpg,c1228d1704e2da2058444831342f28e1f94c285d0e8b1e97b3e7f8d794823ad2,https://vmtravel.com/tours/ba-na-hills-and-golden-bridge-tour-from-tien-sa/,already_downloaded,Ba Na Hills And Golden Bridge Tour From Tien Sa Port,vmtravel-recheck-001-ba-na-hills-and-golden-bridge-tour-from-tien-sa-port,,uploaded,1780804731,950,2
33da6e2806c42b3f97e2353cbe07cd74,795670,danangtrip/tours/vmtravel-central-002-ba-na-hills-night-tour-and-sunset-golden-bridge-tour/tour-003__vmtravel-central-002-ba-na-hills-night-tour-and-sunset-golden-bridge-tour__p01__vmtravel-ba-na-hills-night-tour,image,image/jpeg,,,jpg,650,,https://vmtravel.com/wp-content/uploads/2026/01/Ba-Na-Hills-night-tour.jpg,True,tour-003__vmtravel-central-002-ba-na-hills-night-tour-and-sunset-golden-bridge-tour__p01__vmtravel-ba-na-hills-night-tour.jpg,D:\DATN\DATN_Tài liệu\data-center\media-assets\cloudinary-staging\tours\2026-06-07-verified-real-tours\originals\tour-003__vmtravel-central-002-ba-na-hills-night-tour-and-sunset-golden-bridge-tour__p01__vmtravel-ba-na-hills-night-tour.jpg,1,,,vmtravel,,,danangtrip/tours/vmtravel-central-002-ba-na-hills-night-tour-and-sunset-golden-bridge-tour/tour-003__vmtravel-central-002-ba-na-hills-night-tour-and-sunset-golden-bridge-tour__p01__vmtravel-ba-na-hills-night-tour,Downloaded from operator source page; verify reuse permission before production publication.,https://res.cloudinary.com/dmukxquza/image/upload/v1780804734/danangtrip/tours/vmtravel-central-002-ba-na-hills-night-tour-and-sunset-golden-bridge-tour/tour-003__vmtravel-central-002-ba-na-hills-night-tour-and-sunset-golden-bridge-tour__p01__vmtravel-ba-na-hills-night-tour.jpg,cfd51cf4d4c64457c418bdad81fa65beeb4a6b15e0169fc586bb8b75d84e20ca,https://vmtravel.com/tours/ba-na-hills-night-tour/,already_downloaded,Ba Na Hills Night Tour and Sunset Golden Bridge Tour,vmtravel-central-002-ba-na-hills-night-tour-and-sunset-golden-bridge-tour,,uploaded,1780804734,950,3
06b1b5cd1906939f5dc5524a700460a6,822561,danangtrip/tours/vmtravel-central-002-ba-na-hills-night-tour-and-sunset-golden-bridge-tour/tour-003__vmtravel-central-002-ba-na-hills-night-tour-and-sunset-golden-bridge-tour__p02__vmtravel-event-at-bana-hills-by-night,image,image/jpeg,,,jpg,650,,https://vmtravel.com/wp-content/uploads/2026/01/Event-at-Bana-Hills-by-night.jpg,False,tour-003__vmtravel-central-002-ba-na-hills-night-tour-and-sunset-golden-bridge-tour__p02__vmtravel-event-at-bana-hills-by-night.jpg,D:\DATN\DATN_Tài liệu\data-center\media-assets\cloudinary-staging\tours\2026-06-07-verified-real-tours\originals\tour-003__vmtravel-central-002-ba-na-hills-night-tour-and-sunset-golden-bridge-tour__p02__vmtravel-event-at-bana-hills-by-night.jpg,2,,,vmtravel,,,danangtrip/tours/vmtravel-central-002-ba-na-hills-night-tour-and-sunset-golden-bridge-tour/tour-003__vmtravel-central-002-ba-na-hills-night-tour-and-sunset-golden-bridge-tour__p02__vmtravel-event-at-bana-hills-by-night,Downloaded from operator source page; verify reuse permission before production publication.,https://res.cloudinary.com/dmukxquza/image/upload/v1780804737/danangtrip/tours/vmtravel-central-002-ba-na-hills-night-tour-and-sunset-golden-bridge-tour/tour-003__vmtravel-central-002-ba-na-hills-night-tour-and-sunset-golden-bridge-tour__p02__vmtravel-event-at-bana-hills-by-night.jpg,126878d980cd70cea941e2e469832e963897e1b38674fcca784ae610760ecbb2,https://vmtravel.com/tours/ba-na-hills-night-tour/,already_downloaded,Ba Na Hills Night Tour and Sunset Golden Bridge Tour,vmtravel-central-002-ba-na-hills-night-tour-and-sunset-golden-bridge-tour,,uploaded,1780804737,950,3
aa39f5ae0f00da7a4626bf3e878ac666,749943,danangtrip/tours/vmtravel-central-002-ba-na-hills-night-tour-and-sunset-golden-bridge-tour/tour-003__vmtravel-central-002-ba-na-hills-night-tour-and-sunset-golden-bridge-tour__p03__vmtravel-sunset-bana-hills-da-nang,image,image/jpeg,,,jpg,650,,https://vmtravel.com/wp-content/uploads/2026/01/Sunset-Bana-Hills-Da-Nang.jpg,False,tour-003__vmtravel-central-002-ba-na-hills-night-tour-and-sunset-golden-bridge-tour__p03__vmtravel-sunset-bana-hills-da-nang.jpg,D:\DATN\DATN_Tài liệu\data-center\media-assets\cloudinary-staging\tours\2026-06-07-verified-real-tours\originals\tour-003__vmtravel-central-002-ba-na-hills-night-tour-and-sunset-golden-bridge-tour__p03__vmtravel-sunset-bana-hills-da-nang.jpg,3,,,vmtravel,,,danangtrip/tours/vmtravel-central-002-ba-na-hills-night-tour-and-sunset-golden-bridge-tour/tour-003__vmtravel-central-002-ba-na-hills-night-tour-and-sunset-golden-bridge-tour__p03__vmtravel-sunset-bana-hills-da-nang,Downloaded from operator source page; verify reuse permission before production publication.,https://res.cloudinary.com/dmukxquza/image/upload/v1780804740/danangtrip/tours/vmtravel-central-002-ba-na-hills-night-tour-and-sunset-golden-bridge-tour/tour-003__vmtravel-central-002-ba-na-hills-night-tour-and-sunset-golden-bridge-tour__p03__vmtravel-sunset-bana-hills-da-nang.jpg,81626250048bc0fbe39073bfa8a7e362e3eb411357196af96285f66b06408009,https://vmtravel.com/tours/ba-na-hills-night-tour/,already_downloaded,Ba Na Hills Night Tour and Sunset Golden Bridge Tour,vmtravel-central-002-ba-na-hills-night-tour-and-sunset-golden-bridge-tour,,uploaded,1780804740,950,3
cc3ac879b2c2876baaf9358a6913ef1a,899431,danangtrip/tours/vmtravel-central-003-ba-na-hills-tour-from-da-nang-1-day-tour-deluxe-group-tour/tour-004__vmtravel-central-003-ba-na-hills-tour-from-da-nang-1-day-tour-deluxe-group-tour__p01__vmtravel-bana-hills-big-group-tour,image,image/jpeg,,,jpg,650,,https://vmtravel.com/wp-content/uploads/2023/09/Bana-Hills-big-group-tour.jpg,True,tour-004__vmtravel-central-003-ba-na-hills-tour-from-da-nang-1-day-tour-deluxe-group-tour__p01__vmtravel-bana-hills-big-group-tour.jpg,D:\DATN\DATN_Tài liệu\data-center\media-assets\cloudinary-staging\tours\2026-06-07-verified-real-tours\originals\tour-004__vmtravel-central-003-ba-na-hills-tour-from-da-nang-1-day-tour-deluxe-group-tour__p01__vmtravel-bana-hills-big-group-tour.jpg,1,,,vmtravel,,,danangtrip/tours/vmtravel-central-003-ba-na-hills-tour-from-da-nang-1-day-tour-deluxe-group-tour/tour-004__vmtravel-central-003-ba-na-hills-tour-from-da-nang-1-day-tour-deluxe-group-tour__p01__vmtravel-bana-hills-big-group-tour,Downloaded from operator source page; verify reuse permission before production publication.,https://res.cloudinary.com/dmukxquza/image/upload/v1780804744/danangtrip/tours/vmtravel-central-003-ba-na-hills-tour-from-da-nang-1-day-tour-deluxe-group-tour/tour-004__vmtravel-central-003-ba-na-hills-tour-from-da-nang-1-day-tour-deluxe-group-tour__p01__vmtravel-bana-hills-big-group-tour.jpg,37366374ed30f904f8bb9e899c66045a439636b6231b3f9870017594aed23607,https://vmtravel.com/tours/ba-na-hills-tour-from-da-nang/,already_downloaded,Ba Na Hills Tour From Da Nang 1 Day Tour: Deluxe Group Tour,vmtravel-central-003-ba-na-hills-tour-from-da-nang-1-day-tour-deluxe-group-tour,,uploaded,1780804744,950,4
449e192c8a6648b7ac9f2b38aa9b2e78,707911,danangtrip/tours/vmtravel-central-003-ba-na-hills-tour-from-da-nang-1-day-tour-deluxe-group-tour/tour-004__vmtravel-central-003-ba-na-hills-tour-from-da-nang-1-day-tour-deluxe-group-tour__p02__vmtravel-bana-hills-in-december,image,image/jpeg,,,jpg,650,,https://vmtravel.com/wp-content/uploads/2023/09/Bana-Hills-in-December.jpg,False,tour-004__vmtravel-central-003-ba-na-hills-tour-from-da-nang-1-day-tour-deluxe-group-tour__p02__vmtravel-bana-hills-in-december.jpg,D:\DATN\DATN_Tài liệu\data-center\media-assets\cloudinary-staging\tours\2026-06-07-verified-real-tours\originals\tour-004__vmtravel-central-003-ba-na-hills-tour-from-da-nang-1-day-tour-deluxe-group-tour__p02__vmtravel-bana-hills-in-december.jpg,2,,,vmtravel,,,danangtrip/tours/vmtravel-central-003-ba-na-hills-tour-from-da-nang-1-day-tour-deluxe-group-tour/tour-004__vmtravel-central-003-ba-na-hills-tour-from-da-nang-1-day-tour-deluxe-group-tour__p02__vmtravel-bana-hills-in-december,Downloaded from operator source page; verify reuse permission before production publication.,https://res.cloudinary.com/dmukxquza/image/upload/v1780804747/danangtrip/tours/vmtravel-central-003-ba-na-hills-tour-from-da-nang-1-day-tour-deluxe-group-tour/tour-004__vmtravel-central-003-ba-na-hills-tour-from-da-nang-1-day-tour-deluxe-group-tour__p02__vmtravel-bana-hills-in-december.jpg,d4b8a51e5e477059af623e211d975ec0b0aca2d2418fb07a6bc3a5efeeb713bd,https://vmtravel.com/tours/ba-na-hills-tour-from-da-nang/,already_downloaded,Ba Na Hills Tour From Da Nang 1 Day Tour: Deluxe Group Tour,vmtravel-central-003-ba-na-hills-tour-from-da-nang-1-day-tour-deluxe-group-tour,,uploaded,1780804747,950,4
eba1445f7b47509034e5739d6aa0f4d7,793146,danangtrip/tours/vmtravel-central-003-ba-na-hills-tour-from-da-nang-1-day-tour-deluxe-group-tour/tour-004__vmtravel-central-003-ba-na-hills-tour-from-da-nang-1-day-tour-deluxe-group-tour__p03__vmtravel-bana-hill-tour-from-hoi-an,image,image/jpeg,,,jpg,650,,https://vmtravel.com/wp-content/uploads/2023/07/bana-hill-tour-from-hoi-an.jpg,False,tour-004__vmtravel-central-003-ba-na-hills-tour-from-da-nang-1-day-tour-deluxe-group-tour__p03__vmtravel-bana-hill-tour-from-hoi-an.jpg,D:\DATN\DATN_Tài liệu\data-center\media-assets\cloudinary-staging\tours\2026-06-07-verified-real-tours\originals\tour-004__vmtravel-central-003-ba-na-hills-tour-from-da-nang-1-day-tour-deluxe-group-tour__p03__vmtravel-bana-hill-tour-from-hoi-an.jpg,3,,,vmtravel,,,danangtrip/tours/vmtravel-central-003-ba-na-hills-tour-from-da-nang-1-day-tour-deluxe-group-tour/tour-004__vmtravel-central-003-ba-na-hills-tour-from-da-nang-1-day-tour-deluxe-group-tour__p03__vmtravel-bana-hill-tour-from-hoi-an,Downloaded from operator source page; verify reuse permission before production publication.,https://res.cloudinary.com/dmukxquza/image/upload/v1780804750/danangtrip/tours/vmtravel-central-003-ba-na-hills-tour-from-da-nang-1-day-tour-deluxe-group-tour/tour-004__vmtravel-central-003-ba-na-hills-tour-from-da-nang-1-day-tour-deluxe-group-tour__p03__vmtravel-bana-hill-tour-from-hoi-an.jpg,9bfc98f2fe7170a383b8952c8f9cfcb37681bd1f2afb957e40f200d4ed93e2a4,https://vmtravel.com/tours/ba-na-hills-tour-from-da-nang/,already_downloaded,Ba Na Hills Tour From Da Nang 1 Day Tour: Deluxe Group Tour,vmtravel-central-003-ba-na-hills-tour-from-da-nang-1-day-tour-deluxe-group-tour,,uploaded,1780804750,950,4
513b606ee09ca7ea906649f8d2a5c872,610470,danangtrip/tours/vmtravel-central-004-ba-na-hills-tour-from-hoi-an-exquisite-delight-1-day-tour/tour-005__vmtravel-central-004-ba-na-hills-tour-from-hoi-an-exquisite-delight-1-day-tour__p02__vmtravel-bana-hills-danang,image,image/jpeg,,,jpg,650,,https://vmtravel.com/wp-content/uploads/2023/07/bana-hills-danang.jpg,False,tour-005__vmtravel-central-004-ba-na-hills-tour-from-hoi-an-exquisite-delight-1-day-tour__p02__vmtravel-bana-hills-danang.jpg,D:\DATN\DATN_Tài liệu\data-center\media-assets\cloudinary-staging\tours\2026-06-07-verified-real-tours\originals\tour-005__vmtravel-central-004-ba-na-hills-tour-from-hoi-an-exquisite-delight-1-day-tour__p02__vmtravel-bana-hills-danang.jpg,2,,,vmtravel,,,danangtrip/tours/vmtravel-central-004-ba-na-hills-tour-from-hoi-an-exquisite-delight-1-day-tour/tour-005__vmtravel-central-004-ba-na-hills-tour-from-hoi-an-exquisite-delight-1-day-tour__p02__vmtravel-bana-hills-danang,Downloaded from operator source page; verify reuse permission before production publication.,https://res.cloudinary.com/dmukxquza/image/upload/v1780804753/danangtrip/tours/vmtravel-central-004-ba-na-hills-tour-from-hoi-an-exquisite-delight-1-day-tour/tour-005__vmtravel-central-004-ba-na-hills-tour-from-hoi-an-exquisite-delight-1-day-tour__p02__vmtravel-bana-hills-danang.jpg,f63f7659479a18ee2b0fe6b2aa91f96ac7cbbce478de9fd0471d6af671de4d8d,https://vmtravel.com/tours/ba-na-hills-tour-from-hoi-an/,already_downloaded,Ba Na Hills Tour From Hoi An - Exquisite Delight 1 Day Tour,vmtravel-central-004-ba-na-hills-tour-from-hoi-an-exquisite-delight-1-day-tour,,uploaded,1780804753,950,5
c3ea0b6fb5d50ddcb52a1ade0f833432,737854,danangtrip/tours/vmtravel-central-004-ba-na-hills-tour-from-hoi-an-exquisite-delight-1-day-tour/tour-005__vmtravel-central-004-ba-na-hills-tour-from-hoi-an-exquisite-delight-1-day-tour__p03__vmtravel-french-village,image,image/jpeg,,,jpg,650,,https://vmtravel.com/wp-content/uploads/2023/07/French-Village.jpg,False,tour-005__vmtravel-central-004-ba-na-hills-tour-from-hoi-an-exquisite-delight-1-day-tour__p03__vmtravel-french-village.jpg,D:\DATN\DATN_Tài liệu\data-center\media-assets\cloudinary-staging\tours\2026-06-07-verified-real-tours\originals\tour-005__vmtravel-central-004-ba-na-hills-tour-from-hoi-an-exquisite-delight-1-day-tour__p03__vmtravel-french-village.jpg,3,,,vmtravel,,,danangtrip/tours/vmtravel-central-004-ba-na-hills-tour-from-hoi-an-exquisite-delight-1-day-tour/tour-005__vmtravel-central-004-ba-na-hills-tour-from-hoi-an-exquisite-delight-1-day-tour__p03__vmtravel-french-village,Downloaded from operator source page; verify reuse permission before production publication.,https://res.cloudinary.com/dmukxquza/image/upload/v1780804756/danangtrip/tours/vmtravel-central-004-ba-na-hills-tour-from-hoi-an-exquisite-delight-1-day-tour/tour-005__vmtravel-central-004-ba-na-hills-tour-from-hoi-an-exquisite-delight-1-day-tour__p03__vmtravel-french-village.jpg,2d689882104c30acb109c3d91d8f3d685177745e109653c0fe57b2c8a86ab0c4,https://vmtravel.com/tours/ba-na-hills-tour-from-hoi-an/,already_downloaded,Ba Na Hills Tour From Hoi An - Exquisite Delight 1 Day Tour,vmtravel-central-004-ba-na-hills-tour-from-hoi-an-exquisite-delight-1-day-tour,,uploaded,1780804756,950,5
af77ac523f699b0c2c928e3676cb466f,759957,danangtrip/tours/vmtravel-central-005-bana-hills-day-tour-book-1-day-tour-in-da-nang-best-trip/tour-006__vmtravel-central-005-bana-hills-day-tour-book-1-day-tour-in-da-nang-best-trip__p01__vmtravel-explore-golden-bridge,image,image/jpeg,,,jpg,650,,https://vmtravel.com/wp-content/uploads/2023/07/explore-Golden-Bridge.jpg,True,tour-006__vmtravel-central-005-bana-hills-day-tour-book-1-day-tour-in-da-nang-best-trip__p01__vmtravel-explore-golden-bridge.jpg,D:\DATN\DATN_Tài liệu\data-center\media-assets\cloudinary-staging\tours\2026-06-07-verified-real-tours\originals\tour-006__vmtravel-central-005-bana-hills-day-tour-book-1-day-tour-in-da-nang-best-trip__p01__vmtravel-explore-golden-bridge.jpg,1,,,vmtravel,,,danangtrip/tours/vmtravel-central-005-bana-hills-day-tour-book-1-day-tour-in-da-nang-best-trip/tour-006__vmtravel-central-005-bana-hills-day-tour-book-1-day-tour-in-da-nang-best-trip__p01__vmtravel-explore-golden-bridge,Downloaded from operator source page; verify reuse permission before production publication.,https://res.cloudinary.com/dmukxquza/image/upload/v1780804759/danangtrip/tours/vmtravel-central-005-bana-hills-day-tour-book-1-day-tour-in-da-nang-best-trip/tour-006__vmtravel-central-005-bana-hills-day-tour-book-1-day-tour-in-da-nang-best-trip__p01__vmtravel-explore-golden-bridge.jpg,012c04d5b7d3950adde803653c4900fab9d4d8c71405d78760f59df529de4036,https://vmtravel.com/tours/bana-hills-day-tour-private-tours/,already_downloaded,Bana Hills Day Tour - Book 1 Day Tour in Da Nang - Best Trip,vmtravel-central-005-bana-hills-day-tour-book-1-day-tour-in-da-nang-best-trip,,uploaded,1780804759,950,6
c0d82496d16b59b8f482ad6263944639,117031,danangtrip/tours/recrawl-022-venusvietnamtravel-cham-island-sightseeing-snorkeling-tour-venustravel/tour-007__recrawl-022-venusvietnamtravel-cham-island-sightseeing-snorkeling-tour-venustravel__p01__venus-cu-lao-cham-2-e1700123421497,image,image/jpeg,,,jpg,486,,https://venus-cdn.b-cdn.net/wp-content/uploads/2022/06/cu-lao-cham-2-e1700123421497.jpg,True,tour-007__recrawl-022-venusvietnamtravel-cham-island-sightseeing-snorkeling-tour-venustravel__p01__venus-cu-lao-cham-2-e1700123421497.jpg,D:\DATN\DATN_Tài liệu\data-center\media-assets\cloudinary-staging\tours\2026-06-07-verified-real-tours\originals\tour-007__recrawl-022-venusvietnamtravel-cham-island-sightseeing-snorkeling-tour-venustravel__p01__venus-cu-lao-cham-2-e1700123421497.jpg,1,,,venus,,,danangtrip/tours/recrawl-022-venusvietnamtravel-cham-island-sightseeing-snorkeling-tour-venustravel/tour-007__recrawl-022-venusvietnamtravel-cham-island-sightseeing-snorkeling-tour-venustravel__p01__venus-cu-lao-cham-2-e1700123421497,Downloaded from operator source page; verify reuse permission before production publication.,https://res.cloudinary.com/dmukxquza/image/upload/v1780804761/danangtrip/tours/recrawl-022-venusvietnamtravel-cham-island-sightseeing-snorkeling-tour-venustravel/tour-007__recrawl-022-venusvietnamtravel-cham-island-sightseeing-snorkeling-tour-venustravel__p01__venus-cu-lao-cham-2-e1700123421497.jpg,9f39db89ad571b499fbbbe1661ac0659c4618190514c0475f713da166eade9c4,https://venusvietnamtravel.com/cham-island-sightseeing-and-snorkeling-tour/,already_downloaded,Cham Island Sightseeing & Snorkeling Tour,recrawl-022-venusvietnamtravel-cham-island-sightseeing-snorkeling-tour-venustravel,,uploaded,1780804761,850,7
c06bb750e517aba8933d25e0821ba38c,469161,danangtrip/tours/recrawl-022-venusvietnamtravel-cham-island-sightseeing-snorkeling-tour-venustravel/tour-007__recrawl-022-venusvietnamtravel-cham-island-sightseeing-snorkeling-tour-venustravel__p02__pexels-5116361,image,image/jpeg,,,jpg,1254,Cham Island Sightseeing & Snorkeling Tour - Pexels candidate for Cham Island Vietnam snorkeling,https://images.pexels.com/photos/5116361/pexels-photo-5116361.jpeg?auto=compress&cs=tinysrgb&dpr=2&h=650&w=940,False,tour-007__recrawl-022-venusvietnamtravel-cham-island-sightseeing-snorkeling-tour-venustravel__p02__pexels-5116361.jpg,D:\DATN\DATN_Tài liệu\data-center\media-assets\cloudinary-staging\tours\2026-06-07-verified-real-tours\originals\tour-007__recrawl-022-venusvietnamtravel-cham-island-sightseeing-snorkeling-tour-venustravel__p02__pexels-5116361.jpg,2,Quang Nguyen Vinh,https://www.pexels.com/@quang-nguyen-vinh-222549,pexels,https://www.pexels.com/photo/linckia-laevigata-starfish-on-acropora-corals-growing-undersea-5116361/,5116361,danangtrip/tours/recrawl-022-venusvietnamtravel-cham-island-sightseeing-snorkeling-tour-venustravel/tour-007__recrawl-022-venusvietnamtravel-cham-island-sightseeing-snorkeling-tour-venustravel__p02__pexels-5116361,Pexels attribution metadata retained; verify final usage terms.,https://res.cloudinary.com/dmukxquza/image/upload/v1780804764/danangtrip/tours/recrawl-022-venusvietnamtravel-cham-island-sightseeing-snorkeling-tour-venustravel/tour-007__recrawl-022-venusvietnamtravel-cham-island-sightseeing-snorkeling-tour-venustravel__p02__pexels-5116361.jpg,e2f2ada956611c3b530b5b87037360eedc7ae484a63a7ea6c8e8f0d78fb399a9,https://venusvietnamtravel.com/cham-island-sightseeing-and-snorkeling-tour/,already_downloaded,Cham Island Sightseeing & Snorkeling Tour,recrawl-022-venusvietnamtravel-cham-island-sightseeing-snorkeling-tour-venustravel,,uploaded,1780804764,1880,7
466bf17f0eee47c9372c73136bb87a21,448648,danangtrip/tours/recrawl-022-venusvietnamtravel-cham-island-sightseeing-snorkeling-tour-venustravel/tour-007__recrawl-022-venusvietnamtravel-cham-island-sightseeing-snorkeling-tour-venustravel__p03__pexels-27506369,image,image/jpeg,,,jpg,1253,Cham Island Sightseeing & Snorkeling Tour - Pexels candidate for Cham Island Vietnam snorkeling,https://images.pexels.com/photos/27506369/pexels-photo-27506369.jpeg?auto=compress&cs=tinysrgb&dpr=2&h=650&w=940,False,tour-007__recrawl-022-venusvietnamtravel-cham-island-sightseeing-snorkeling-tour-venustravel__p03__pexels-27506369.jpg,D:\DATN\DATN_Tài liệu\data-center\media-assets\cloudinary-staging\tours\2026-06-07-verified-real-tours\originals\tour-007__recrawl-022-venusvietnamtravel-cham-island-sightseeing-snorkeling-tour-venustravel__p03__pexels-27506369.jpg,3,Woki Nguyn,https://www.pexels.com/@woki-nguyn-736232093,pexels,https://www.pexels.com/photo/swimming-27506369/,27506369,danangtrip/tours/recrawl-022-venusvietnamtravel-cham-island-sightseeing-snorkeling-tour-venustravel/tour-007__recrawl-022-venusvietnamtravel-cham-island-sightseeing-snorkeling-tour-venustravel__p03__pexels-27506369,Pexels attribution metadata retained; verify final usage terms.,https://res.cloudinary.com/dmukxquza/image/upload/v1780804767/danangtrip/tours/recrawl-022-venusvietnamtravel-cham-island-sightseeing-snorkeling-tour-venustravel/tour-007__recrawl-022-venusvietnamtravel-cham-island-sightseeing-snorkeling-tour-venustravel__p03__pexels-27506369.jpg,a44295265884be3efbb284ef354e666ce8991d92bd69ea58e773f8c14c47a011,https://venusvietnamtravel.com/cham-island-sightseeing-and-snorkeling-tour/,already_downloaded,Cham Island Sightseeing & Snorkeling Tour,recrawl-022-venusvietnamtravel-cham-island-sightseeing-snorkeling-tour-venustravel,,uploaded,1780804767,1880,7
6d06f39b760fcf2525e0a4a2d327a5cb,861037,danangtrip/tours/vmtravel-central-006-cham-island-snorkeling-tour-from-hoi-an-or-da-nang/tour-008__vmtravel-central-006-cham-island-snorkeling-tour-from-hoi-an-or-da-nang__p01__vmtravel-snockerling-in-cham-island,image,image/jpeg,,,jpg,650,,https://vmtravel.com/wp-content/uploads/2024/01/snockerling-in-cham-island.jpg,True,tour-008__vmtravel-central-006-cham-island-snorkeling-tour-from-hoi-an-or-da-nang__p01__vmtravel-snockerling-in-cham-island.jpg,D:\DATN\DATN_Tài liệu\data-center\media-assets\cloudinary-staging\tours\2026-06-07-verified-real-tours\originals\tour-008__vmtravel-central-006-cham-island-snorkeling-tour-from-hoi-an-or-da-nang__p01__vmtravel-snockerling-in-cham-island.jpg,1,,,vmtravel,,,danangtrip/tours/vmtravel-central-006-cham-island-snorkeling-tour-from-hoi-an-or-da-nang/tour-008__vmtravel-central-006-cham-island-snorkeling-tour-from-hoi-an-or-da-nang__p01__vmtravel-snockerling-in-cham-island,Downloaded from operator source page; verify reuse permission before production publication.,https://res.cloudinary.com/dmukxquza/image/upload/v1780804770/danangtrip/tours/vmtravel-central-006-cham-island-snorkeling-tour-from-hoi-an-or-da-nang/tour-008__vmtravel-central-006-cham-island-snorkeling-tour-from-hoi-an-or-da-nang__p01__vmtravel-snockerling-in-cham-island.jpg,6d98fda55784393e0ae51801782c37ac334d54ed18ae55bfe9349f372d4aa414,https://vmtravel.com/tours/cham-island-snorkeling-tour/,already_downloaded,Cham Island Snorkeling Tour from Hoi An or Da Nang,vmtravel-central-006-cham-island-snorkeling-tour-from-hoi-an-or-da-nang,,uploaded,1780804770,950,8
b0b73567e49f8c5504a4459a04d86480,508908,danangtrip/tours/vmtravel-central-006-cham-island-snorkeling-tour-from-hoi-an-or-da-nang/tour-008__vmtravel-central-006-cham-island-snorkeling-tour-from-hoi-an-or-da-nang__p02__vmtravel-cham-island-tour-from-da-nang,image,image/jpeg,,,jpg,650,,https://vmtravel.com/wp-content/uploads/2025/05/cham-island-tour-from-da-nang.jpg,False,tour-008__vmtravel-central-006-cham-island-snorkeling-tour-from-hoi-an-or-da-nang__p02__vmtravel-cham-island-tour-from-da-nang.jpg,D:\DATN\DATN_Tài liệu\data-center\media-assets\cloudinary-staging\tours\2026-06-07-verified-real-tours\originals\tour-008__vmtravel-central-006-cham-island-snorkeling-tour-from-hoi-an-or-da-nang__p02__vmtravel-cham-island-tour-from-da-nang.jpg,2,,,vmtravel,,,danangtrip/tours/vmtravel-central-006-cham-island-snorkeling-tour-from-hoi-an-or-da-nang/tour-008__vmtravel-central-006-cham-island-snorkeling-tour-from-hoi-an-or-da-nang__p02__vmtravel-cham-island-tour-from-da-nang,Downloaded from operator source page; verify reuse permission before production publication.,https://res.cloudinary.com/dmukxquza/image/upload/v1780804773/danangtrip/tours/vmtravel-central-006-cham-island-snorkeling-tour-from-hoi-an-or-da-nang/tour-008__vmtravel-central-006-cham-island-snorkeling-tour-from-hoi-an-or-da-nang__p02__vmtravel-cham-island-tour-from-da-nang.jpg,b29d84e090b147c22cc92f87bb7057d5103a2448f600520fa4f02fb221581d1f,https://vmtravel.com/tours/cham-island-snorkeling-tour/,already_downloaded,Cham Island Snorkeling Tour from Hoi An or Da Nang,vmtravel-central-006-cham-island-snorkeling-tour-from-hoi-an-or-da-nang,,uploaded,1780804773,950,8
8ff638c0bc3edabf11bfc4ab70316db0,1091250,danangtrip/tours/vmtravel-central-006-cham-island-snorkeling-tour-from-hoi-an-or-da-nang/tour-008__vmtravel-central-006-cham-island-snorkeling-tour-from-hoi-an-or-da-nang__p03__vmtravel-cu-lao-cham,image,image/jpeg,,,jpg,650,,https://vmtravel.com/wp-content/uploads/2024/01/cu-lao-cham.jpg,False,tour-008__vmtravel-central-006-cham-island-snorkeling-tour-from-hoi-an-or-da-nang__p03__vmtravel-cu-lao-cham.jpg,D:\DATN\DATN_Tài liệu\data-center\media-assets\cloudinary-staging\tours\2026-06-07-verified-real-tours\originals\tour-008__vmtravel-central-006-cham-island-snorkeling-tour-from-hoi-an-or-da-nang__p03__vmtravel-cu-lao-cham.jpg,3,,,vmtravel,,,danangtrip/tours/vmtravel-central-006-cham-island-snorkeling-tour-from-hoi-an-or-da-nang/tour-008__vmtravel-central-006-cham-island-snorkeling-tour-from-hoi-an-or-da-nang__p03__vmtravel-cu-lao-cham,Downloaded from operator source page; verify reuse permission before production publication.,https://res.cloudinary.com/dmukxquza/image/upload/v1780804777/danangtrip/tours/vmtravel-central-006-cham-island-snorkeling-tour-from-hoi-an-or-da-nang/tour-008__vmtravel-central-006-cham-island-snorkeling-tour-from-hoi-an-or-da-nang__p03__vmtravel-cu-lao-cham.jpg,8dd9fe65a77c5e882a97048b5892f60158e170c6abde39eb27914750ce9d8091,https://vmtravel.com/tours/cham-island-snorkeling-tour/,already_downloaded,Cham Island Snorkeling Tour from Hoi An or Da Nang,vmtravel-central-006-cham-island-snorkeling-tour-from-hoi-an-or-da-nang,,uploaded,1780804777,950,8
e61721c03280f06e120b9562be8e263a,707028,danangtrip/tours/vmtravel-central-007-da-nang-city-tour-deluxe-group-tour-vm-travel/tour-009__vmtravel-central-007-da-nang-city-tour-deluxe-group-tour-vm-travel__p01__vmtravel-danang-tour,image,image/jpeg,,,jpg,650,,https://vmtravel.com/wp-content/uploads/2023/09/danang-tour.jpg,True,tour-009__vmtravel-central-007-da-nang-city-tour-deluxe-group-tour-vm-travel__p01__vmtravel-danang-tour.jpg,D:\DATN\DATN_Tài liệu\data-center\media-assets\cloudinary-staging\tours\2026-06-07-verified-real-tours\originals\tour-009__vmtravel-central-007-da-nang-city-tour-deluxe-group-tour-vm-travel__p01__vmtravel-danang-tour.jpg,1,,,vmtravel,,,danangtrip/tours/vmtravel-central-007-da-nang-city-tour-deluxe-group-tour-vm-travel/tour-009__vmtravel-central-007-da-nang-city-tour-deluxe-group-tour-vm-travel__p01__vmtravel-danang-tour,Downloaded from operator source page; verify reuse permission before production publication.,https://res.cloudinary.com/dmukxquza/image/upload/v1780804780/danangtrip/tours/vmtravel-central-007-da-nang-city-tour-deluxe-group-tour-vm-travel/tour-009__vmtravel-central-007-da-nang-city-tour-deluxe-group-tour-vm-travel__p01__vmtravel-danang-tour.jpg,84c687c2b8bdaca2b472ac6780da1d4c1bf004446c51cdb2cf01bbdcfeec8845,https://vmtravel.com/tours/da-nang-city-tour-deluxe-group/,already_downloaded,Da Nang City Tour - Deluxe Group Tour,vmtravel-central-007-da-nang-city-tour-deluxe-group-tour-vm-travel,,uploaded,1780804780,950,9
c5225d009daa8f6193d627dd30985365,906643,danangtrip/tours/vmtravel-central-007-da-nang-city-tour-deluxe-group-tour-vm-travel/tour-009__vmtravel-central-007-da-nang-city-tour-deluxe-group-tour-vm-travel__p02__vmtravel-marble-mountains,image,image/jpeg,,,jpg,650,,https://vmtravel.com/wp-content/uploads/2023/07/Marble-Mountains.jpg,False,tour-009__vmtravel-central-007-da-nang-city-tour-deluxe-group-tour-vm-travel__p02__vmtravel-marble-mountains.jpg,D:\DATN\DATN_Tài liệu\data-center\media-assets\cloudinary-staging\tours\2026-06-07-verified-real-tours\originals\tour-009__vmtravel-central-007-da-nang-city-tour-deluxe-group-tour-vm-travel__p02__vmtravel-marble-mountains.jpg,2,,,vmtravel,,,danangtrip/tours/vmtravel-central-007-da-nang-city-tour-deluxe-group-tour-vm-travel/tour-009__vmtravel-central-007-da-nang-city-tour-deluxe-group-tour-vm-travel__p02__vmtravel-marble-mountains,Downloaded from operator source page; verify reuse permission before production publication.,https://res.cloudinary.com/dmukxquza/image/upload/v1780804783/danangtrip/tours/vmtravel-central-007-da-nang-city-tour-deluxe-group-tour-vm-travel/tour-009__vmtravel-central-007-da-nang-city-tour-deluxe-group-tour-vm-travel__p02__vmtravel-marble-mountains.jpg,2b9713b916f2e176bc71b16a567b9e22ec5d047def7629639d31e0e7c49e8d09,https://vmtravel.com/tours/da-nang-city-tour-deluxe-group/,already_downloaded,Da Nang City Tour - Deluxe Group Tour,vmtravel-central-007-da-nang-city-tour-deluxe-group-tour-vm-travel,,uploaded,1780804783,950,9
e8da9e105e5a19d65bacc234e4f0981e,685735,danangtrip/tours/vmtravel-central-007-da-nang-city-tour-deluxe-group-tour-vm-travel/tour-009__vmtravel-central-007-da-nang-city-tour-deluxe-group-tour-vm-travel__p03__vmtravel-my-khe-beach,image,image/jpeg,,,jpg,650,,https://vmtravel.com/wp-content/uploads/2023/07/My-Khe-Beach.jpg,False,tour-009__vmtravel-central-007-da-nang-city-tour-deluxe-group-tour-vm-travel__p03__vmtravel-my-khe-beach.jpg,D:\DATN\DATN_Tài liệu\data-center\media-assets\cloudinary-staging\tours\2026-06-07-verified-real-tours\originals\tour-009__vmtravel-central-007-da-nang-city-tour-deluxe-group-tour-vm-travel__p03__vmtravel-my-khe-beach.jpg,3,,,vmtravel,,,danangtrip/tours/vmtravel-central-007-da-nang-city-tour-deluxe-group-tour-vm-travel/tour-009__vmtravel-central-007-da-nang-city-tour-deluxe-group-tour-vm-travel__p03__vmtravel-my-khe-beach,Downloaded from operator source page; verify reuse permission before production publication.,https://res.cloudinary.com/dmukxquza/image/upload/v1780804786/danangtrip/tours/vmtravel-central-007-da-nang-city-tour-deluxe-group-tour-vm-travel/tour-009__vmtravel-central-007-da-nang-city-tour-deluxe-group-tour-vm-travel__p03__vmtravel-my-khe-beach.jpg,180424384b124c61dd825e5d94e15c2912e7083d23ab4afe81464c9c1e5fb277,https://vmtravel.com/tours/da-nang-city-tour-deluxe-group/,already_downloaded,Da Nang City Tour - Deluxe Group Tour,vmtravel-central-007-da-nang-city-tour-deluxe-group-tour-vm-travel,,uploaded,1780804786,950,9
9b4aa908213892d04b59e56d91402aa0,545526,danangtrip/tours/vmtravel-recheck-002-da-nang-city-tour-from-tien-sa-port-explore-and-shopping/tour-010__vmtravel-recheck-002-da-nang-city-tour-from-tien-sa-port-explore-and-shopping__p01__vmtravel-da-nang-city-tour-1,image,image/jpeg,,,jpg,650,,https://vmtravel.com/wp-content/uploads/2023/07/da-nang-city-tour-1.jpg,True,tour-010__vmtravel-recheck-002-da-nang-city-tour-from-tien-sa-port-explore-and-shopping__p01__vmtravel-da-nang-city-tour-1.jpg,D:\DATN\DATN_Tài liệu\data-center\media-assets\cloudinary-staging\tours\2026-06-07-verified-real-tours\originals\tour-010__vmtravel-recheck-002-da-nang-city-tour-from-tien-sa-port-explore-and-shopping__p01__vmtravel-da-nang-city-tour-1.jpg,1,,,vmtravel,,,danangtrip/tours/vmtravel-recheck-002-da-nang-city-tour-from-tien-sa-port-explore-and-shopping/tour-010__vmtravel-recheck-002-da-nang-city-tour-from-tien-sa-port-explore-and-shopping__p01__vmtravel-da-nang-city-tour-1,Downloaded from operator source page; verify reuse permission before production publication.,https://res.cloudinary.com/dmukxquza/image/upload/v1780804789/danangtrip/tours/vmtravel-recheck-002-da-nang-city-tour-from-tien-sa-port-explore-and-shopping/tour-010__vmtravel-recheck-002-da-nang-city-tour-from-tien-sa-port-explore-and-shopping__p01__vmtravel-da-nang-city-tour-1.jpg,6c08cc5e407bda58e17f26a60e8980ddfbe010c62fc8737234708bdd59f10991,https://vmtravel.com/tours/da-nang-city-tour-from-tien-sa-port/,already_downloaded,Da Nang City Tour From Tien Sa Port - Explore and Shopping,vmtravel-recheck-002-da-nang-city-tour-from-tien-sa-port-explore-and-shopping,,uploaded,1780804789,950,10
d6872bbfc55ceba52d2dbccc47e57dde,845361,danangtrip/tours/vmtravel-recheck-002-da-nang-city-tour-from-tien-sa-port-explore-and-shopping/tour-010__vmtravel-recheck-002-da-nang-city-tour-from-tien-sa-port-explore-and-shopping__p02__vmtravel-da-nang-full-day-trip,image,image/jpeg,,,jpg,650,,https://vmtravel.com/wp-content/uploads/2023/07/da-nang-full-day-trip.jpg,False,tour-010__vmtravel-recheck-002-da-nang-city-tour-from-tien-sa-port-explore-and-shopping__p02__vmtravel-da-nang-full-day-trip.jpg,D:\DATN\DATN_Tài liệu\data-center\media-assets\cloudinary-staging\tours\2026-06-07-verified-real-tours\originals\tour-010__vmtravel-recheck-002-da-nang-city-tour-from-tien-sa-port-explore-and-shopping__p02__vmtravel-da-nang-full-day-trip.jpg,2,,,vmtravel,,,danangtrip/tours/vmtravel-recheck-002-da-nang-city-tour-from-tien-sa-port-explore-and-shopping/tour-010__vmtravel-recheck-002-da-nang-city-tour-from-tien-sa-port-explore-and-shopping__p02__vmtravel-da-nang-full-day-trip,Downloaded from operator source page; verify reuse permission before production publication.,https://res.cloudinary.com/dmukxquza/image/upload/v1780804792/danangtrip/tours/vmtravel-recheck-002-da-nang-city-tour-from-tien-sa-port-explore-and-shopping/tour-010__vmtravel-recheck-002-da-nang-city-tour-from-tien-sa-port-explore-and-shopping__p02__vmtravel-da-nang-full-day-trip.jpg,36648bd90921e8031eb1c1f539a2122dba9b829dca7869a0b44b4eeaefbafcc4,https://vmtravel.com/tours/da-nang-city-tour-from-tien-sa-port/,already_downloaded,Da Nang City Tour From Tien Sa Port - Explore and Shopping,vmtravel-recheck-002-da-nang-city-tour-from-tien-sa-port-explore-and-shopping,,uploaded,1780804792,950,10
81e06cbc4d2e67f7444f992131307201,456428,danangtrip/tours/vmtravel-recheck-002-da-nang-city-tour-from-tien-sa-port-explore-and-shopping/tour-010__vmtravel-recheck-002-da-nang-city-tour-from-tien-sa-port-explore-and-shopping__p03__vmtravel-cham-mesurm,image,image/jpeg,,,jpg,650,,https://vmtravel.com/wp-content/uploads/2023/07/cham-mesurm.jpg,False,tour-010__vmtravel-recheck-002-da-nang-city-tour-from-tien-sa-port-explore-and-shopping__p03__vmtravel-cham-mesurm.jpg,D:\DATN\DATN_Tài liệu\data-center\media-assets\cloudinary-staging\tours\2026-06-07-verified-real-tours\originals\tour-010__vmtravel-recheck-002-da-nang-city-tour-from-tien-sa-port-explore-and-shopping__p03__vmtravel-cham-mesurm.jpg,3,,,vmtravel,,,danangtrip/tours/vmtravel-recheck-002-da-nang-city-tour-from-tien-sa-port-explore-and-shopping/tour-010__vmtravel-recheck-002-da-nang-city-tour-from-tien-sa-port-explore-and-shopping__p03__vmtravel-cham-mesurm,Downloaded from operator source page; verify reuse permission before production publication.,https://res.cloudinary.com/dmukxquza/image/upload/v1780804795/danangtrip/tours/vmtravel-recheck-002-da-nang-city-tour-from-tien-sa-port-explore-and-shopping/tour-010__vmtravel-recheck-002-da-nang-city-tour-from-tien-sa-port-explore-and-shopping__p03__vmtravel-cham-mesurm.jpg,f9809023e7bdda3f6702f58749515644b6000c585768f2d831ccc548843d638c,https://vmtravel.com/tours/da-nang-city-tour-from-tien-sa-port/,already_downloaded,Da Nang City Tour From Tien Sa Port - Explore and Shopping,vmtravel-recheck-002-da-nang-city-tour-from-tien-sa-port-explore-and-shopping,,uploaded,1780804795,950,10
4f36e8ae67402d973b39a237a88f4fa2,796538,danangtrip/tours/vmtravel-central-008-da-nang-day-tour-private-tour-highlight-full-day-tour/tour-011__vmtravel-central-008-da-nang-day-tour-private-tour-highlight-full-day-tour__p01__vmtravel-da-nang-city-tour,image,image/jpeg,,,jpg,650,,https://vmtravel.com/wp-content/uploads/2023/11/da-nang-city-tour.jpg,True,tour-011__vmtravel-central-008-da-nang-day-tour-private-tour-highlight-full-day-tour__p01__vmtravel-da-nang-city-tour.jpg,D:\DATN\DATN_Tài liệu\data-center\media-assets\cloudinary-staging\tours\2026-06-07-verified-real-tours\originals\tour-011__vmtravel-central-008-da-nang-day-tour-private-tour-highlight-full-day-tour__p01__vmtravel-da-nang-city-tour.jpg,1,,,vmtravel,,,danangtrip/tours/vmtravel-central-008-da-nang-day-tour-private-tour-highlight-full-day-tour/tour-011__vmtravel-central-008-da-nang-day-tour-private-tour-highlight-full-day-tour__p01__vmtravel-da-nang-city-tour,Downloaded from operator source page; verify reuse permission before production publication.,https://res.cloudinary.com/dmukxquza/image/upload/v1780804798/danangtrip/tours/vmtravel-central-008-da-nang-day-tour-private-tour-highlight-full-day-tour/tour-011__vmtravel-central-008-da-nang-day-tour-private-tour-highlight-full-day-tour__p01__vmtravel-da-nang-city-tour.jpg,9e2118f465b92add5d7c8051a3288e2c0999fd595401f605e29fecf22d002627,https://vmtravel.com/tours/da-nang-day-tour-private-tour/,already_downloaded,Da Nang Day Tour - Private Tour | Highlight Full Day Tour,vmtravel-central-008-da-nang-day-tour-private-tour-highlight-full-day-tour,,uploaded,1780804798,950,11
77b4e62367683357e8695785dc4dce7a,393795,danangtrip/tours/vmtravel-central-008-da-nang-day-tour-private-tour-highlight-full-day-tour/tour-011__vmtravel-central-008-da-nang-day-tour-private-tour-highlight-full-day-tour__p03__vmtravel-linh-ung-pagoda-1,image,image/jpeg,,,jpg,650,,https://vmtravel.com/wp-content/uploads/2023/07/linh-ung-pagoda-1.jpg,False,tour-011__vmtravel-central-008-da-nang-day-tour-private-tour-highlight-full-day-tour__p03__vmtravel-linh-ung-pagoda-1.jpg,D:\DATN\DATN_Tài liệu\data-center\media-assets\cloudinary-staging\tours\2026-06-07-verified-real-tours\originals\tour-011__vmtravel-central-008-da-nang-day-tour-private-tour-highlight-full-day-tour__p03__vmtravel-linh-ung-pagoda-1.jpg,3,,,vmtravel,,,danangtrip/tours/vmtravel-central-008-da-nang-day-tour-private-tour-highlight-full-day-tour/tour-011__vmtravel-central-008-da-nang-day-tour-private-tour-highlight-full-day-tour__p03__vmtravel-linh-ung-pagoda-1,Downloaded from operator source page; verify reuse permission before production publication.,https://res.cloudinary.com/dmukxquza/image/upload/v1780804801/danangtrip/tours/vmtravel-central-008-da-nang-day-tour-private-tour-highlight-full-day-tour/tour-011__vmtravel-central-008-da-nang-day-tour-private-tour-highlight-full-day-tour__p03__vmtravel-linh-ung-pagoda-1.jpg,86a1c01daa33df2210f3c573b645be848c73797a3161b8e1ad95bcd9fd95aebc,https://vmtravel.com/tours/da-nang-day-tour-private-tour/,already_downloaded,Da Nang Day Tour - Private Tour | Highlight Full Day Tour,vmtravel-central-008-da-nang-day-tour-private-tour-highlight-full-day-tour,,uploaded,1780804801,950,11
8a24f152dea28d05e8f2fe09365c21ae,737046,danangtrip/tours/vmtravel-central-010-da-nang-hoi-an-full-day-tour-see-the-best-of-both-cities/tour-012__vmtravel-central-010-da-nang-hoi-an-full-day-tour-see-the-best-of-both-cities__p01__vmtravel-da-nang-and-hoi-an-city-tour,image,image/jpeg,,,jpg,650,,https://vmtravel.com/wp-content/uploads/2023/07/da-nang-and-hoi-an-city-tour.jpg,True,tour-012__vmtravel-central-010-da-nang-hoi-an-full-day-tour-see-the-best-of-both-cities__p01__vmtravel-da-nang-and-hoi-an-city-tour.jpg,D:\DATN\DATN_Tài liệu\data-center\media-assets\cloudinary-staging\tours\2026-06-07-verified-real-tours\originals\tour-012__vmtravel-central-010-da-nang-hoi-an-full-day-tour-see-the-best-of-both-cities__p01__vmtravel-da-nang-and-hoi-an-city-tour.jpg,1,,,vmtravel,,,danangtrip/tours/vmtravel-central-010-da-nang-hoi-an-full-day-tour-see-the-best-of-both-cities/tour-012__vmtravel-central-010-da-nang-hoi-an-full-day-tour-see-the-best-of-both-cities__p01__vmtravel-da-nang-and-hoi-an-city-tour,Downloaded from operator source page; verify reuse permission before production publication.,https://res.cloudinary.com/dmukxquza/image/upload/v1780804804/danangtrip/tours/vmtravel-central-010-da-nang-hoi-an-full-day-tour-see-the-best-of-both-cities/tour-012__vmtravel-central-010-da-nang-hoi-an-full-day-tour-see-the-best-of-both-cities__p01__vmtravel-da-nang-and-hoi-an-city-tour.jpg,984931557a9f991f17760de150ef0bab58d13bbc8fb84a9f147b5db941e59279,https://vmtravel.com/tours/da-nang-hoi-an-full-day-tour/,already_downloaded,Da Nang Hoi An Full Day Tour - See the Best of Both Cities,vmtravel-central-010-da-nang-hoi-an-full-day-tour-see-the-best-of-both-cities,,uploaded,1780804804,950,12
a71b8de2a1292b6dee897d40c436a481,982790,danangtrip/tours/vmtravel-central-010-da-nang-hoi-an-full-day-tour-see-the-best-of-both-cities/tour-012__vmtravel-central-010-da-nang-hoi-an-full-day-tour-see-the-best-of-both-cities__p02__vmtravel-da-nang-city-tour-1,image,image/jpeg,,,jpg,650,,https://vmtravel.com/wp-content/uploads/2023/09/da-nang-city-tour-1.jpg,False,tour-012__vmtravel-central-010-da-nang-hoi-an-full-day-tour-see-the-best-of-both-cities__p02__vmtravel-da-nang-city-tour-1.jpg,D:\DATN\DATN_Tài liệu\data-center\media-assets\cloudinary-staging\tours\2026-06-07-verified-real-tours\originals\tour-012__vmtravel-central-010-da-nang-hoi-an-full-day-tour-see-the-best-of-both-cities__p02__vmtravel-da-nang-city-tour-1.jpg,2,,,vmtravel,,,danangtrip/tours/vmtravel-central-010-da-nang-hoi-an-full-day-tour-see-the-best-of-both-cities/tour-012__vmtravel-central-010-da-nang-hoi-an-full-day-tour-see-the-best-of-both-cities__p02__vmtravel-da-nang-city-tour-1,Downloaded from operator source page; verify reuse permission before production publication.,https://res.cloudinary.com/dmukxquza/image/upload/v1780804808/danangtrip/tours/vmtravel-central-010-da-nang-hoi-an-full-day-tour-see-the-best-of-both-cities/tour-012__vmtravel-central-010-da-nang-hoi-an-full-day-tour-see-the-best-of-both-cities__p02__vmtravel-da-nang-city-tour-1.jpg,45cbbb13266f2af971cdd53d6ca9ffd48eb8030710f330e604d3f849e37b6120,https://vmtravel.com/tours/da-nang-hoi-an-full-day-tour/,already_downloaded,Da Nang Hoi An Full Day Tour - See the Best of Both Cities,vmtravel-central-010-da-nang-hoi-an-full-day-tour-see-the-best-of-both-cities,,uploaded,1780804808,950,12
1b01a4221d1cb196e353f5bb498c8332,1144477,danangtrip/tours/vmtravel-central-010-da-nang-hoi-an-full-day-tour-see-the-best-of-both-cities/tour-012__vmtravel-central-010-da-nang-hoi-an-full-day-tour-see-the-best-of-both-cities__p03__vmtravel-hoian-lantern-festival,image,image/jpeg,,,jpg,650,,https://vmtravel.com/wp-content/uploads/2024/10/hoian-lantern-festival.jpg,False,tour-012__vmtravel-central-010-da-nang-hoi-an-full-day-tour-see-the-best-of-both-cities__p03__vmtravel-hoian-lantern-festival.jpg,D:\DATN\DATN_Tài liệu\data-center\media-assets\cloudinary-staging\tours\2026-06-07-verified-real-tours\originals\tour-012__vmtravel-central-010-da-nang-hoi-an-full-day-tour-see-the-best-of-both-cities__p03__vmtravel-hoian-lantern-festival.jpg,3,,,vmtravel,,,danangtrip/tours/vmtravel-central-010-da-nang-hoi-an-full-day-tour-see-the-best-of-both-cities/tour-012__vmtravel-central-010-da-nang-hoi-an-full-day-tour-see-the-best-of-both-cities__p03__vmtravel-hoian-lantern-festival,Downloaded from operator source page; verify reuse permission before production publication.,https://res.cloudinary.com/dmukxquza/image/upload/v1780804811/danangtrip/tours/vmtravel-central-010-da-nang-hoi-an-full-day-tour-see-the-best-of-both-cities/tour-012__vmtravel-central-010-da-nang-hoi-an-full-day-tour-see-the-best-of-both-cities__p03__vmtravel-hoian-lantern-festival.jpg,88c036fe8c287e31db8772dd33fd9d042cb36ef5901427224b7317b837486077,https://vmtravel.com/tours/da-nang-hoi-an-full-day-tour/,already_downloaded,Da Nang Hoi An Full Day Tour - See the Best of Both Cities,vmtravel-central-010-da-nang-hoi-an-full-day-tour-see-the-best-of-both-cities,,uploaded,1780804811,950,12
7c477139b9836b7303398ad9c2a87d2e,754254,danangtrip/tours/vmtravel-central-011-da-nang-to-hue-day-trip-by-heritage-train-via-hai-van-pass/tour-013__vmtravel-central-011-da-nang-to-hue-day-trip-by-heritage-train-via-hai-van-pass__p02__vmtravel-hue-day-trip-from-chan-may-port,image,,,,webp,650,,https://vmtravel.com/wp-content/uploads/2025/12/Hue-day-trip-from-Chan-May-Port.webp,False,tour-013__vmtravel-central-011-da-nang-to-hue-day-trip-by-heritage-train-via-hai-van-pass__p02__vmtravel-hue-day-trip-from-chan-may-port.webp,D:\DATN\DATN_Tài liệu\data-center\media-assets\cloudinary-staging\tours\2026-06-07-verified-real-tours\originals\tour-013__vmtravel-central-011-da-nang-to-hue-day-trip-by-heritage-train-via-hai-van-pass__p02__vmtravel-hue-day-trip-from-chan-may-port.webp,2,,,vmtravel,,,danangtrip/tours/vmtravel-central-011-da-nang-to-hue-day-trip-by-heritage-train-via-hai-van-pass/tour-013__vmtravel-central-011-da-nang-to-hue-day-trip-by-heritage-train-via-hai-van-pass__p02__vmtravel-hue-day-trip-from-chan-may-port,Downloaded from operator source page; verify reuse permission before production publication.,https://res.cloudinary.com/dmukxquza/image/upload/v1780804814/danangtrip/tours/vmtravel-central-011-da-nang-to-hue-day-trip-by-heritage-train-via-hai-van-pass/tour-013__vmtravel-central-011-da-nang-to-hue-day-trip-by-heritage-train-via-hai-van-pass__p02__vmtravel-hue-day-trip-from-chan-may-port.webp,e9698fab1b5ea7e0c6264361884bced7d4cf755a05c35f8c4ff1c93a2ed4b1a7,https://vmtravel.com/tours/da-nang-to-hue-day-trip-by-heritage-train/,already_downloaded,Da Nang to Hue Day Trip by Heritage Train via Hai Van Pass,vmtravel-central-011-da-nang-to-hue-day-trip-by-heritage-train-via-hai-van-pass,,uploaded,1780804814,950,13
c52d3110d7a75154275fa45f59cca3ad,936574,danangtrip/tours/vmtravel-central-011-da-nang-to-hue-day-trip-by-heritage-train-via-hai-van-pass/tour-013__vmtravel-central-011-da-nang-to-hue-day-trip-by-heritage-train-via-hai-van-pass__p03__vmtravel-train-in-vietnam,image,image/jpeg,,,jpg,650,,https://vmtravel.com/wp-content/uploads/2024/01/train-in-vietnam.jpg,False,tour-013__vmtravel-central-011-da-nang-to-hue-day-trip-by-heritage-train-via-hai-van-pass__p03__vmtravel-train-in-vietnam.jpg,D:\DATN\DATN_Tài liệu\data-center\media-assets\cloudinary-staging\tours\2026-06-07-verified-real-tours\originals\tour-013__vmtravel-central-011-da-nang-to-hue-day-trip-by-heritage-train-via-hai-van-pass__p03__vmtravel-train-in-vietnam.jpg,3,,,vmtravel,,,danangtrip/tours/vmtravel-central-011-da-nang-to-hue-day-trip-by-heritage-train-via-hai-van-pass/tour-013__vmtravel-central-011-da-nang-to-hue-day-trip-by-heritage-train-via-hai-van-pass__p03__vmtravel-train-in-vietnam,Downloaded from operator source page; verify reuse permission before production publication.,https://res.cloudinary.com/dmukxquza/image/upload/v1780804817/danangtrip/tours/vmtravel-central-011-da-nang-to-hue-day-trip-by-heritage-train-via-hai-van-pass/tour-013__vmtravel-central-011-da-nang-to-hue-day-trip-by-heritage-train-via-hai-van-pass__p03__vmtravel-train-in-vietnam.jpg,5d67234e161bd1b96cfe0a84d7b63e11a1338d00e75b3d12efdba7ff5b1e558d,https://vmtravel.com/tours/da-nang-to-hue-day-trip-by-heritage-train/,already_downloaded,Da Nang to Hue Day Trip by Heritage Train via Hai Van Pass,vmtravel-central-011-da-nang-to-hue-day-trip-by-heritage-train-via-hai-van-pass,,uploaded,1780804817,950,13
1967d57f7411703e4fde07f8cc5c9981,765882,danangtrip/tours/vmtravel-central-012-day-trip-from-da-nang-to-hoi-an-deluxe-group-tour/tour-014__vmtravel-central-012-day-trip-from-da-nang-to-hoi-an-deluxe-group-tour__p01__vmtravel-tour-coconut,image,image/jpeg,,,jpg,650,,https://vmtravel.com/wp-content/uploads/2023/07/tour-coconut.jpg,True,tour-014__vmtravel-central-012-day-trip-from-da-nang-to-hoi-an-deluxe-group-tour__p01__vmtravel-tour-coconut.jpg,D:\DATN\DATN_Tài liệu\data-center\media-assets\cloudinary-staging\tours\2026-06-07-verified-real-tours\originals\tour-014__vmtravel-central-012-day-trip-from-da-nang-to-hoi-an-deluxe-group-tour__p01__vmtravel-tour-coconut.jpg,1,,,vmtravel,,,danangtrip/tours/vmtravel-central-012-day-trip-from-da-nang-to-hoi-an-deluxe-group-tour/tour-014__vmtravel-central-012-day-trip-from-da-nang-to-hoi-an-deluxe-group-tour__p01__vmtravel-tour-coconut,Downloaded from operator source page; verify reuse permission before production publication.,https://res.cloudinary.com/dmukxquza/image/upload/v1780804820/danangtrip/tours/vmtravel-central-012-day-trip-from-da-nang-to-hoi-an-deluxe-group-tour/tour-014__vmtravel-central-012-day-trip-from-da-nang-to-hoi-an-deluxe-group-tour__p01__vmtravel-tour-coconut.jpg,afdf3168394daf7c0586d3044e08e0c936d08c5219eeef2c677c0ec054c1a327,https://vmtravel.com/tours/day-trip-from-da-nang-to-hoi-an/,already_downloaded,Day Trip From Da Nang To Hoi An - Deluxe Group Tour,vmtravel-central-012-day-trip-from-da-nang-to-hoi-an-deluxe-group-tour,,uploaded,1780804820,950,14
692f565738c7a19282f254112fc061c8,596118,danangtrip/tours/vmtravel-central-012-day-trip-from-da-nang-to-hoi-an-deluxe-group-tour/tour-014__vmtravel-central-012-day-trip-from-da-nang-to-hoi-an-deluxe-group-tour__p02__vmtravel-hoian-in-vietnam,image,image/jpeg,,,jpg,650,,https://vmtravel.com/wp-content/uploads/2023/07/hoian-in-vietnam.jpg,False,tour-014__vmtravel-central-012-day-trip-from-da-nang-to-hoi-an-deluxe-group-tour__p02__vmtravel-hoian-in-vietnam.jpg,D:\DATN\DATN_Tài liệu\data-center\media-assets\cloudinary-staging\tours\2026-06-07-verified-real-tours\originals\tour-014__vmtravel-central-012-day-trip-from-da-nang-to-hoi-an-deluxe-group-tour__p02__vmtravel-hoian-in-vietnam.jpg,2,,,vmtravel,,,danangtrip/tours/vmtravel-central-012-day-trip-from-da-nang-to-hoi-an-deluxe-group-tour/tour-014__vmtravel-central-012-day-trip-from-da-nang-to-hoi-an-deluxe-group-tour__p02__vmtravel-hoian-in-vietnam,Downloaded from operator source page; verify reuse permission before production publication.,https://res.cloudinary.com/dmukxquza/image/upload/v1780804823/danangtrip/tours/vmtravel-central-012-day-trip-from-da-nang-to-hoi-an-deluxe-group-tour/tour-014__vmtravel-central-012-day-trip-from-da-nang-to-hoi-an-deluxe-group-tour__p02__vmtravel-hoian-in-vietnam.jpg,4646c0d6953120d835a5e5c275f64a9b95e3585c3df560317b3a159664494eda,https://vmtravel.com/tours/day-trip-from-da-nang-to-hoi-an/,already_downloaded,Day Trip From Da Nang To Hoi An - Deluxe Group Tour,vmtravel-central-012-day-trip-from-da-nang-to-hoi-an-deluxe-group-tour,,uploaded,1780804823,950,14
99abd0f447bd0cb8c8d53982bce72093,847085,danangtrip/tours/vmtravel-central-012-day-trip-from-da-nang-to-hoi-an-deluxe-group-tour/tour-014__vmtravel-central-012-day-trip-from-da-nang-to-hoi-an-deluxe-group-tour__p03__vmtravel-cam-thanh-coconut-village,image,image/jpeg,,,jpg,650,,https://vmtravel.com/wp-content/uploads/2023/07/cam-thanh-coconut-village.jpg,False,tour-014__vmtravel-central-012-day-trip-from-da-nang-to-hoi-an-deluxe-group-tour__p03__vmtravel-cam-thanh-coconut-village.jpg,D:\DATN\DATN_Tài liệu\data-center\media-assets\cloudinary-staging\tours\2026-06-07-verified-real-tours\originals\tour-014__vmtravel-central-012-day-trip-from-da-nang-to-hoi-an-deluxe-group-tour__p03__vmtravel-cam-thanh-coconut-village.jpg,3,,,vmtravel,,,danangtrip/tours/vmtravel-central-012-day-trip-from-da-nang-to-hoi-an-deluxe-group-tour/tour-014__vmtravel-central-012-day-trip-from-da-nang-to-hoi-an-deluxe-group-tour__p03__vmtravel-cam-thanh-coconut-village,Downloaded from operator source page; verify reuse permission before production publication.,https://res.cloudinary.com/dmukxquza/image/upload/v1780804826/danangtrip/tours/vmtravel-central-012-day-trip-from-da-nang-to-hoi-an-deluxe-group-tour/tour-014__vmtravel-central-012-day-trip-from-da-nang-to-hoi-an-deluxe-group-tour__p03__vmtravel-cam-thanh-coconut-village.jpg,a3db43bf6e3286a2759f8d81371e547de59185a84ca0016fa30e207efa1bc660,https://vmtravel.com/tours/day-trip-from-da-nang-to-hoi-an/,already_downloaded,Day Trip From Da Nang To Hoi An - Deluxe Group Tour,vmtravel-central-012-day-trip-from-da-nang-to-hoi-an-deluxe-group-tour,,uploaded,1780804826,950,14
5c9fca85ffb331c4086e4ae3a2d6a1ed,545366,danangtrip/tours/vmtravel-central-013-day-trip-to-hoi-an-from-da-nang-private-tour-vm-travel/tour-015__vmtravel-central-013-day-trip-to-hoi-an-from-da-nang-private-tour-vm-travel__p01__vmtravel-visit-hoian,image,image/jpeg,,,jpg,650,,https://vmtravel.com/wp-content/uploads/2023/10/visit-hoian.jpg,True,tour-015__vmtravel-central-013-day-trip-to-hoi-an-from-da-nang-private-tour-vm-travel__p01__vmtravel-visit-hoian.jpg,D:\DATN\DATN_Tài liệu\data-center\media-assets\cloudinary-staging\tours\2026-06-07-verified-real-tours\originals\tour-015__vmtravel-central-013-day-trip-to-hoi-an-from-da-nang-private-tour-vm-travel__p01__vmtravel-visit-hoian.jpg,1,,,vmtravel,,,danangtrip/tours/vmtravel-central-013-day-trip-to-hoi-an-from-da-nang-private-tour-vm-travel/tour-015__vmtravel-central-013-day-trip-to-hoi-an-from-da-nang-private-tour-vm-travel__p01__vmtravel-visit-hoian,Downloaded from operator source page; verify reuse permission before production publication.,https://res.cloudinary.com/dmukxquza/image/upload/v1780804829/danangtrip/tours/vmtravel-central-013-day-trip-to-hoi-an-from-da-nang-private-tour-vm-travel/tour-015__vmtravel-central-013-day-trip-to-hoi-an-from-da-nang-private-tour-vm-travel__p01__vmtravel-visit-hoian.jpg,65201b1fb4398ae6e326daeb658eae5a6bc5e78f24cd6b2cbc3034d48537abda,https://vmtravel.com/tours/day-trip-to-hoi-an-from-da-nang/,already_downloaded,Day Trip To Hoi An From Da Nang - Private Tour,vmtravel-central-013-day-trip-to-hoi-an-from-da-nang-private-tour-vm-travel,,uploaded,1780804829,950,15
6ce7e97ec38e11c83d40d435459ada7b,541274,danangtrip/tours/vmtravel-central-013-day-trip-to-hoi-an-from-da-nang-private-tour-vm-travel/tour-015__vmtravel-central-013-day-trip-to-hoi-an-from-da-nang-private-tour-vm-travel__p03__vmtravel-coffee-hoian,image,image/jpeg,,,jpg,650,,https://vmtravel.com/wp-content/uploads/2023/11/coffee-hoian.jpg,False,tour-015__vmtravel-central-013-day-trip-to-hoi-an-from-da-nang-private-tour-vm-travel__p03__vmtravel-coffee-hoian.jpg,D:\DATN\DATN_Tài liệu\data-center\media-assets\cloudinary-staging\tours\2026-06-07-verified-real-tours\originals\tour-015__vmtravel-central-013-day-trip-to-hoi-an-from-da-nang-private-tour-vm-travel__p03__vmtravel-coffee-hoian.jpg,3,,,vmtravel,,,danangtrip/tours/vmtravel-central-013-day-trip-to-hoi-an-from-da-nang-private-tour-vm-travel/tour-015__vmtravel-central-013-day-trip-to-hoi-an-from-da-nang-private-tour-vm-travel__p03__vmtravel-coffee-hoian,Downloaded from operator source page; verify reuse permission before production publication.,https://res.cloudinary.com/dmukxquza/image/upload/v1780804832/danangtrip/tours/vmtravel-central-013-day-trip-to-hoi-an-from-da-nang-private-tour-vm-travel/tour-015__vmtravel-central-013-day-trip-to-hoi-an-from-da-nang-private-tour-vm-travel__p03__vmtravel-coffee-hoian.jpg,3014fc24df2899d01e9d3cd288e59c85a3c0f549a9932117b2f114bd389a7543,https://vmtravel.com/tours/day-trip-to-hoi-an-from-da-nang/,already_downloaded,Day Trip To Hoi An From Da Nang - Private Tour,vmtravel-central-013-day-trip-to-hoi-an-from-da-nang-private-tour-vm-travel,,uploaded,1780804832,950,15
db605c69c44fc2a62ff898f100f9333a,389095,danangtrip/tours/vmtravel-central-001-highlight-the-4-days-deluxe-golf-tour-in-da-nang/tour-016__vmtravel-central-001-highlight-the-4-days-deluxe-golf-tour-in-da-nang__p01__vmtravel-da-nang-golf-courses,image,image/jpeg,,,jpg,650,,https://vmtravel.com/wp-content/uploads/2024/07/Da-Nang-Golf-Courses.jpg,True,tour-016__vmtravel-central-001-highlight-the-4-days-deluxe-golf-tour-in-da-nang__p01__vmtravel-da-nang-golf-courses.jpg,D:\DATN\DATN_Tài liệu\data-center\media-assets\cloudinary-staging\tours\2026-06-07-verified-real-tours\originals\tour-016__vmtravel-central-001-highlight-the-4-days-deluxe-golf-tour-in-da-nang__p01__vmtravel-da-nang-golf-courses.jpg,1,,,vmtravel,,,danangtrip/tours/vmtravel-central-001-highlight-the-4-days-deluxe-golf-tour-in-da-nang/tour-016__vmtravel-central-001-highlight-the-4-days-deluxe-golf-tour-in-da-nang__p01__vmtravel-da-nang-golf-courses,Downloaded from operator source page; verify reuse permission before production publication.,https://res.cloudinary.com/dmukxquza/image/upload/v1780804835/danangtrip/tours/vmtravel-central-001-highlight-the-4-days-deluxe-golf-tour-in-da-nang/tour-016__vmtravel-central-001-highlight-the-4-days-deluxe-golf-tour-in-da-nang__p01__vmtravel-da-nang-golf-courses.jpg,12fd77a434e3b0df10cf55555158ebd38e7dd1a83fe3d0ba02df592ece45baf4,https://vmtravel.com/tours/4-days-deluxe-golf-tour-in-da-nang/,already_downloaded,Highlight The 4 Days Deluxe Golf Tour In Da Nang,vmtravel-central-001-highlight-the-4-days-deluxe-golf-tour-in-da-nang,,uploaded,1780804835,950,16
d02717723df90620cca0484851ea00a8,792294,danangtrip/tours/vmtravel-central-001-highlight-the-4-days-deluxe-golf-tour-in-da-nang/tour-016__vmtravel-central-001-highlight-the-4-days-deluxe-golf-tour-in-da-nang__p02__vmtravel-brg-danang-golf-course,image,image/jpeg,,,jpg,650,,https://vmtravel.com/wp-content/uploads/2024/08/BRG-Danang-golf-course.jpg,False,tour-016__vmtravel-central-001-highlight-the-4-days-deluxe-golf-tour-in-da-nang__p02__vmtravel-brg-danang-golf-course.jpg,D:\DATN\DATN_Tài liệu\data-center\media-assets\cloudinary-staging\tours\2026-06-07-verified-real-tours\originals\tour-016__vmtravel-central-001-highlight-the-4-days-deluxe-golf-tour-in-da-nang__p02__vmtravel-brg-danang-golf-course.jpg,2,,,vmtravel,,,danangtrip/tours/vmtravel-central-001-highlight-the-4-days-deluxe-golf-tour-in-da-nang/tour-016__vmtravel-central-001-highlight-the-4-days-deluxe-golf-tour-in-da-nang__p02__vmtravel-brg-danang-golf-course,Downloaded from operator source page; verify reuse permission before production publication.,https://res.cloudinary.com/dmukxquza/image/upload/v1780804838/danangtrip/tours/vmtravel-central-001-highlight-the-4-days-deluxe-golf-tour-in-da-nang/tour-016__vmtravel-central-001-highlight-the-4-days-deluxe-golf-tour-in-da-nang__p02__vmtravel-brg-danang-golf-course.jpg,f8cb54aa01448c30f630eb374ce1e1fa7ce3a35463874bde035a1123c437dbb9,https://vmtravel.com/tours/4-days-deluxe-golf-tour-in-da-nang/,already_downloaded,Highlight The 4 Days Deluxe Golf Tour In Da Nang,vmtravel-central-001-highlight-the-4-days-deluxe-golf-tour-in-da-nang,,uploaded,1780804838,950,16
a841b73ab0fc3c850a15cba49d8a5e1a,713431,danangtrip/tours/vmtravel-central-001-highlight-the-4-days-deluxe-golf-tour-in-da-nang/tour-016__vmtravel-central-001-highlight-the-4-days-deluxe-golf-tour-in-da-nang__p03__vmtravel-vietnam-golf-tour,image,image/jpeg,,,jpg,650,,https://vmtravel.com/wp-content/uploads/2023/07/Vietnam-Golf-Tour.jpg,False,tour-016__vmtravel-central-001-highlight-the-4-days-deluxe-golf-tour-in-da-nang__p03__vmtravel-vietnam-golf-tour.jpg,D:\DATN\DATN_Tài liệu\data-center\media-assets\cloudinary-staging\tours\2026-06-07-verified-real-tours\originals\tour-016__vmtravel-central-001-highlight-the-4-days-deluxe-golf-tour-in-da-nang__p03__vmtravel-vietnam-golf-tour.jpg,3,,,vmtravel,,,danangtrip/tours/vmtravel-central-001-highlight-the-4-days-deluxe-golf-tour-in-da-nang/tour-016__vmtravel-central-001-highlight-the-4-days-deluxe-golf-tour-in-da-nang__p03__vmtravel-vietnam-golf-tour,Downloaded from operator source page; verify reuse permission before production publication.,https://res.cloudinary.com/dmukxquza/image/upload/v1780804842/danangtrip/tours/vmtravel-central-001-highlight-the-4-days-deluxe-golf-tour-in-da-nang/tour-016__vmtravel-central-001-highlight-the-4-days-deluxe-golf-tour-in-da-nang__p03__vmtravel-vietnam-golf-tour.jpg,07e175369460368e37b97ff4eb49ca2e1ef9056f3989ed94cbc99f25a7bc8f08,https://vmtravel.com/tours/4-days-deluxe-golf-tour-in-da-nang/,already_downloaded,Highlight The 4 Days Deluxe Golf Tour In Da Nang,vmtravel-central-001-highlight-the-4-days-deluxe-golf-tour-in-da-nang,,uploaded,1780804842,950,16
0aa8f8d9b12d6f1377702f9035d3f4be,643696,danangtrip/tours/vmtravel-recheck-003-hoi-an-day-tour-from-tien-sa-port-hoi-an-shore-excursions/tour-017__vmtravel-recheck-003-hoi-an-day-tour-from-tien-sa-port-hoi-an-shore-excursions__p01__vmtravel-hoi-an-full-day-tour,image,image/jpeg,,,jpg,650,,https://vmtravel.com/wp-content/uploads/2023/07/hoi-an-full-day-tour.jpg,True,tour-017__vmtravel-recheck-003-hoi-an-day-tour-from-tien-sa-port-hoi-an-shore-excursions__p01__vmtravel-hoi-an-full-day-tour.jpg,D:\DATN\DATN_Tài liệu\data-center\media-assets\cloudinary-staging\tours\2026-06-07-verified-real-tours\originals\tour-017__vmtravel-recheck-003-hoi-an-day-tour-from-tien-sa-port-hoi-an-shore-excursions__p01__vmtravel-hoi-an-full-day-tour.jpg,1,,,vmtravel,,,danangtrip/tours/vmtravel-recheck-003-hoi-an-day-tour-from-tien-sa-port-hoi-an-shore-excursions/tour-017__vmtravel-recheck-003-hoi-an-day-tour-from-tien-sa-port-hoi-an-shore-excursions__p01__vmtravel-hoi-an-full-day-tour,Downloaded from operator source page; verify reuse permission before production publication.,https://res.cloudinary.com/dmukxquza/image/upload/v1780804845/danangtrip/tours/vmtravel-recheck-003-hoi-an-day-tour-from-tien-sa-port-hoi-an-shore-excursions/tour-017__vmtravel-recheck-003-hoi-an-day-tour-from-tien-sa-port-hoi-an-shore-excursions__p01__vmtravel-hoi-an-full-day-tour.jpg,ff2f6391e36f171a337021e8b8d6c04e66ca86cf323ac147828b3d4b5badd440,https://vmtravel.com/tours/hoi-an-day-tour-from-tien-sa-port/,already_downloaded,Hoi An Day Tour from Tien Sa Port - Hoi An Shore Excursions,vmtravel-recheck-003-hoi-an-day-tour-from-tien-sa-port-hoi-an-shore-excursions,,uploaded,1780804845,950,17
980bc7e2c77bcafab19171ed4607442d,947249,danangtrip/tours/vmtravel-recheck-003-hoi-an-day-tour-from-tien-sa-port-hoi-an-shore-excursions/tour-017__vmtravel-recheck-003-hoi-an-day-tour-from-tien-sa-port-hoi-an-shore-excursions__p03__vmtravel-best-time-visit-hoian-coconut,image,image/jpeg,,,jpg,650,,https://vmtravel.com/wp-content/uploads/2023/12/best-time-visit-hoian-coconut.jpg,False,tour-017__vmtravel-recheck-003-hoi-an-day-tour-from-tien-sa-port-hoi-an-shore-excursions__p03__vmtravel-best-time-visit-hoian-coconut.jpg,D:\DATN\DATN_Tài liệu\data-center\media-assets\cloudinary-staging\tours\2026-06-07-verified-real-tours\originals\tour-017__vmtravel-recheck-003-hoi-an-day-tour-from-tien-sa-port-hoi-an-shore-excursions__p03__vmtravel-best-time-visit-hoian-coconut.jpg,3,,,vmtravel,,,danangtrip/tours/vmtravel-recheck-003-hoi-an-day-tour-from-tien-sa-port-hoi-an-shore-excursions/tour-017__vmtravel-recheck-003-hoi-an-day-tour-from-tien-sa-port-hoi-an-shore-excursions__p03__vmtravel-best-time-visit-hoian-coconut,Downloaded from operator source page; verify reuse permission before production publication.,https://res.cloudinary.com/dmukxquza/image/upload/v1780804848/danangtrip/tours/vmtravel-recheck-003-hoi-an-day-tour-from-tien-sa-port-hoi-an-shore-excursions/tour-017__vmtravel-recheck-003-hoi-an-day-tour-from-tien-sa-port-hoi-an-shore-excursions__p03__vmtravel-best-time-visit-hoian-coconut.jpg,fdbda82d341b5087aa9e98dda4a1d0d3315ec601189215680693491499ba4ac4,https://vmtravel.com/tours/hoi-an-day-tour-from-tien-sa-port/,already_downloaded,Hoi An Day Tour from Tien Sa Port - Hoi An Shore Excursions,vmtravel-recheck-003-hoi-an-day-tour-from-tien-sa-port-hoi-an-shore-excursions,,uploaded,1780804848,950,17
60b32b66a14c83951e1847195ab685db,808351,danangtrip/tours/vmtravel-central-014-hue-bicycle-tour-organic-farm-visit-local-cooking-class/tour-018__vmtravel-central-014-hue-bicycle-tour-organic-farm-visit-local-cooking-class__p01__vmtravel-hue-cycling-tour,image,image/jpeg,,,jpg,650,,https://vmtravel.com/wp-content/uploads/2026/03/Hue-cycling-tour.jpg,True,tour-018__vmtravel-central-014-hue-bicycle-tour-organic-farm-visit-local-cooking-class__p01__vmtravel-hue-cycling-tour.jpg,D:\DATN\DATN_Tài liệu\data-center\media-assets\cloudinary-staging\tours\2026-06-07-verified-real-tours\originals\tour-018__vmtravel-central-014-hue-bicycle-tour-organic-farm-visit-local-cooking-class__p01__vmtravel-hue-cycling-tour.jpg,1,,,vmtravel,,,danangtrip/tours/vmtravel-central-014-hue-bicycle-tour-organic-farm-visit-local-cooking-class/tour-018__vmtravel-central-014-hue-bicycle-tour-organic-farm-visit-local-cooking-class__p01__vmtravel-hue-cycling-tour,Downloaded from operator source page; verify reuse permission before production publication.,https://res.cloudinary.com/dmukxquza/image/upload/v1780804851/danangtrip/tours/vmtravel-central-014-hue-bicycle-tour-organic-farm-visit-local-cooking-class/tour-018__vmtravel-central-014-hue-bicycle-tour-organic-farm-visit-local-cooking-class__p01__vmtravel-hue-cycling-tour.jpg,955876a8bccfe8d49f925717e4d8e8c542b547b331fa513eb5939a9e55c298bd,https://vmtravel.com/tours/hue-bicycle-tour/,already_downloaded,Hue Bicycle Tour: Organic Farm Visit & Local Cooking Class,vmtravel-central-014-hue-bicycle-tour-organic-farm-visit-local-cooking-class,,uploaded,1780804851,950,18
1fc3c39343570a1764efb0452038bf5b,738512,danangtrip/tours/vmtravel-central-014-hue-bicycle-tour-organic-farm-visit-local-cooking-class/tour-018__vmtravel-central-014-hue-bicycle-tour-organic-farm-visit-local-cooking-class__p02__vmtravel-hue-eco-tour-farm,image,,,,webp,650,,https://vmtravel.com/wp-content/uploads/2026/03/Hue-eco-tour-farm.webp,False,tour-018__vmtravel-central-014-hue-bicycle-tour-organic-farm-visit-local-cooking-class__p02__vmtravel-hue-eco-tour-farm.webp,D:\DATN\DATN_Tài liệu\data-center\media-assets\cloudinary-staging\tours\2026-06-07-verified-real-tours\originals\tour-018__vmtravel-central-014-hue-bicycle-tour-organic-farm-visit-local-cooking-class__p02__vmtravel-hue-eco-tour-farm.webp,2,,,vmtravel,,,danangtrip/tours/vmtravel-central-014-hue-bicycle-tour-organic-farm-visit-local-cooking-class/tour-018__vmtravel-central-014-hue-bicycle-tour-organic-farm-visit-local-cooking-class__p02__vmtravel-hue-eco-tour-farm,Downloaded from operator source page; verify reuse permission before production publication.,https://res.cloudinary.com/dmukxquza/image/upload/v1780804854/danangtrip/tours/vmtravel-central-014-hue-bicycle-tour-organic-farm-visit-local-cooking-class/tour-018__vmtravel-central-014-hue-bicycle-tour-organic-farm-visit-local-cooking-class__p02__vmtravel-hue-eco-tour-farm.webp,3ad45be25091bbd1138ccab2ba8c8ebab4087aa8a568acc1929fac3d70fd9c8b,https://vmtravel.com/tours/hue-bicycle-tour/,already_downloaded,Hue Bicycle Tour: Organic Farm Visit & Local Cooking Class,vmtravel-central-014-hue-bicycle-tour-organic-farm-visit-local-cooking-class,,uploaded,1780804854,950,18
c96ed75b0e6526862d46ea47e098d570,743988,danangtrip/tours/vmtravel-central-014-hue-bicycle-tour-organic-farm-visit-local-cooking-class/tour-018__vmtravel-central-014-hue-bicycle-tour-organic-farm-visit-local-cooking-class__p03__vmtravel-hue-bicycle-tour,image,,,,webp,650,,https://vmtravel.com/wp-content/uploads/2026/03/Hue-bicycle-tour.webp,False,tour-018__vmtravel-central-014-hue-bicycle-tour-organic-farm-visit-local-cooking-class__p03__vmtravel-hue-bicycle-tour.webp,D:\DATN\DATN_Tài liệu\data-center\media-assets\cloudinary-staging\tours\2026-06-07-verified-real-tours\originals\tour-018__vmtravel-central-014-hue-bicycle-tour-organic-farm-visit-local-cooking-class__p03__vmtravel-hue-bicycle-tour.webp,3,,,vmtravel,,,danangtrip/tours/vmtravel-central-014-hue-bicycle-tour-organic-farm-visit-local-cooking-class/tour-018__vmtravel-central-014-hue-bicycle-tour-organic-farm-visit-local-cooking-class__p03__vmtravel-hue-bicycle-tour,Downloaded from operator source page; verify reuse permission before production publication.,https://res.cloudinary.com/dmukxquza/image/upload/v1780804857/danangtrip/tours/vmtravel-central-014-hue-bicycle-tour-organic-farm-visit-local-cooking-class/tour-018__vmtravel-central-014-hue-bicycle-tour-organic-farm-visit-local-cooking-class__p03__vmtravel-hue-bicycle-tour.webp,077b2afa053930bb3b3a84b7cbf562b9834c3674b991b74113560bc57b664444,https://vmtravel.com/tours/hue-bicycle-tour/,already_downloaded,Hue Bicycle Tour: Organic Farm Visit & Local Cooking Class,vmtravel-central-014-hue-bicycle-tour-organic-farm-visit-local-cooking-class,,uploaded,1780804857,950,18
b6971eed2b629d2e3554143232fe7adf,696485,danangtrip/tours/vmtravel-central-016-hue-cooking-class-tour-from-market-to-table/tour-019__vmtravel-central-016-hue-cooking-class-tour-from-market-to-table__p01__vmtravel-hue-cooking-class,image,image/jpeg,,,jpg,650,,https://vmtravel.com/wp-content/uploads/2024/08/hue-cooking-class.jpg,True,tour-019__vmtravel-central-016-hue-cooking-class-tour-from-market-to-table__p01__vmtravel-hue-cooking-class.jpg,D:\DATN\DATN_Tài liệu\data-center\media-assets\cloudinary-staging\tours\2026-06-07-verified-real-tours\originals\tour-019__vmtravel-central-016-hue-cooking-class-tour-from-market-to-table__p01__vmtravel-hue-cooking-class.jpg,1,,,vmtravel,,,danangtrip/tours/vmtravel-central-016-hue-cooking-class-tour-from-market-to-table/tour-019__vmtravel-central-016-hue-cooking-class-tour-from-market-to-table__p01__vmtravel-hue-cooking-class,Downloaded from operator source page; verify reuse permission before production publication.,https://res.cloudinary.com/dmukxquza/image/upload/v1780804860/danangtrip/tours/vmtravel-central-016-hue-cooking-class-tour-from-market-to-table/tour-019__vmtravel-central-016-hue-cooking-class-tour-from-market-to-table__p01__vmtravel-hue-cooking-class.jpg,7c09e44d024765a7ebb967802dc281103159b483d525522d86512de9d642f7d8,https://vmtravel.com/tours/hue-cooking-class-tour/,already_downloaded,Hue Cooking Class Tour - From Market to Table,vmtravel-central-016-hue-cooking-class-tour-from-market-to-table,,uploaded,1780804860,950,19
9bf4c65cf76e6aa3ca29a5bfdfc4fe84,678098,danangtrip/tours/vmtravel-central-016-hue-cooking-class-tour-from-market-to-table/tour-019__vmtravel-central-016-hue-cooking-class-tour-from-market-to-table__p02__vmtravel-cooking-class-at-madam-thu,image,image/jpeg,,,jpg,650,,https://vmtravel.com/wp-content/uploads/2024/08/cooking-class-at-madam-thu.jpg,False,tour-019__vmtravel-central-016-hue-cooking-class-tour-from-market-to-table__p02__vmtravel-cooking-class-at-madam-thu.jpg,D:\DATN\DATN_Tài liệu\data-center\media-assets\cloudinary-staging\tours\2026-06-07-verified-real-tours\originals\tour-019__vmtravel-central-016-hue-cooking-class-tour-from-market-to-table__p02__vmtravel-cooking-class-at-madam-thu.jpg,2,,,vmtravel,,,danangtrip/tours/vmtravel-central-016-hue-cooking-class-tour-from-market-to-table/tour-019__vmtravel-central-016-hue-cooking-class-tour-from-market-to-table__p02__vmtravel-cooking-class-at-madam-thu,Downloaded from operator source page; verify reuse permission before production publication.,https://res.cloudinary.com/dmukxquza/image/upload/v1780804863/danangtrip/tours/vmtravel-central-016-hue-cooking-class-tour-from-market-to-table/tour-019__vmtravel-central-016-hue-cooking-class-tour-from-market-to-table__p02__vmtravel-cooking-class-at-madam-thu.jpg,53105235d839a5b9abcd46a5154272768802097a934b1691e4c8394c47daa7e0,https://vmtravel.com/tours/hue-cooking-class-tour/,already_downloaded,Hue Cooking Class Tour - From Market to Table,vmtravel-central-016-hue-cooking-class-tour-from-market-to-table,,uploaded,1780804863,950,19
3587a82ec332b327d3d0198bde156522,835165,danangtrip/tours/vmtravel-central-016-hue-cooking-class-tour-from-market-to-table/tour-019__vmtravel-central-016-hue-cooking-class-tour-from-market-to-table__p03__vmtravel-cyclo-in-hue,image,image/jpeg,,,jpg,650,,https://vmtravel.com/wp-content/uploads/2024/08/cyclo-in-hue.jpg,False,tour-019__vmtravel-central-016-hue-cooking-class-tour-from-market-to-table__p03__vmtravel-cyclo-in-hue.jpg,D:\DATN\DATN_Tài liệu\data-center\media-assets\cloudinary-staging\tours\2026-06-07-verified-real-tours\originals\tour-019__vmtravel-central-016-hue-cooking-class-tour-from-market-to-table__p03__vmtravel-cyclo-in-hue.jpg,3,,,vmtravel,,,danangtrip/tours/vmtravel-central-016-hue-cooking-class-tour-from-market-to-table/tour-019__vmtravel-central-016-hue-cooking-class-tour-from-market-to-table__p03__vmtravel-cyclo-in-hue,Downloaded from operator source page; verify reuse permission before production publication.,https://res.cloudinary.com/dmukxquza/image/upload/v1780804866/danangtrip/tours/vmtravel-central-016-hue-cooking-class-tour-from-market-to-table/tour-019__vmtravel-central-016-hue-cooking-class-tour-from-market-to-table__p03__vmtravel-cyclo-in-hue.jpg,e5d4e1e41828049414c0fb100d6d4f4916657ea17df6bc49a9c66b5dd56018b6,https://vmtravel.com/tours/hue-cooking-class-tour/,already_downloaded,Hue Cooking Class Tour - From Market to Table,vmtravel-central-016-hue-cooking-class-tour-from-market-to-table,,uploaded,1780804866,950,19
ad2ab0e98447f8879bd6c880654bdc9f,1201617,danangtrip/tours/vmtravel-central-020-hue-dmz-tour-unveiling-history-on-captivating-tour/tour-020__vmtravel-central-020-hue-dmz-tour-unveiling-history-on-captivating-tour__p01__vmtravel-hue-dmz-tour-3,image,image/png,,,png,650,,https://vmtravel.com/wp-content/uploads/2023/08/Hue-DMZ-Tour-3.png,True,tour-020__vmtravel-central-020-hue-dmz-tour-unveiling-history-on-captivating-tour__p01__vmtravel-hue-dmz-tour-3.png,D:\DATN\DATN_Tài liệu\data-center\media-assets\cloudinary-staging\tours\2026-06-07-verified-real-tours\originals\tour-020__vmtravel-central-020-hue-dmz-tour-unveiling-history-on-captivating-tour__p01__vmtravel-hue-dmz-tour-3.png,1,,,vmtravel,,,danangtrip/tours/vmtravel-central-020-hue-dmz-tour-unveiling-history-on-captivating-tour/tour-020__vmtravel-central-020-hue-dmz-tour-unveiling-history-on-captivating-tour__p01__vmtravel-hue-dmz-tour-3,Downloaded from operator source page; verify reuse permission before production publication.,https://res.cloudinary.com/dmukxquza/image/upload/v1780804870/danangtrip/tours/vmtravel-central-020-hue-dmz-tour-unveiling-history-on-captivating-tour/tour-020__vmtravel-central-020-hue-dmz-tour-unveiling-history-on-captivating-tour__p01__vmtravel-hue-dmz-tour-3.png,0086b8e65f3a995b3a28900dc030f3c8c00cdf3ae11591afd37ac163a299a04a,https://vmtravel.com/tours/hue-dmz-tour-deluxe-group-tour/,already_downloaded,Hue DMZ Tour - Unveiling History on Captivating Tour,vmtravel-central-020-hue-dmz-tour-unveiling-history-on-captivating-tour,,uploaded,1780804870,950,20
aa5cafaa6edef569aab394be9e7c42bf,1148854,danangtrip/tours/vmtravel-central-020-hue-dmz-tour-unveiling-history-on-captivating-tour/tour-020__vmtravel-central-020-hue-dmz-tour-unveiling-history-on-captivating-tour__p02__vmtravel-hue-dmz-tour,image,image/png,,,png,650,,https://vmtravel.com/wp-content/uploads/2023/08/Hue-DMZ-Tour-.png,False,tour-020__vmtravel-central-020-hue-dmz-tour-unveiling-history-on-captivating-tour__p02__vmtravel-hue-dmz-tour.png,D:\DATN\DATN_Tài liệu\data-center\media-assets\cloudinary-staging\tours\2026-06-07-verified-real-tours\originals\tour-020__vmtravel-central-020-hue-dmz-tour-unveiling-history-on-captivating-tour__p02__vmtravel-hue-dmz-tour.png,2,,,vmtravel,,,danangtrip/tours/vmtravel-central-020-hue-dmz-tour-unveiling-history-on-captivating-tour/tour-020__vmtravel-central-020-hue-dmz-tour-unveiling-history-on-captivating-tour__p02__vmtravel-hue-dmz-tour,Downloaded from operator source page; verify reuse permission before production publication.,https://res.cloudinary.com/dmukxquza/image/upload/v1780804873/danangtrip/tours/vmtravel-central-020-hue-dmz-tour-unveiling-history-on-captivating-tour/tour-020__vmtravel-central-020-hue-dmz-tour-unveiling-history-on-captivating-tour__p02__vmtravel-hue-dmz-tour.png,187feea300c8ab235a690f1226da68fbf242f38be07d63754d0d0b5aa0604030,https://vmtravel.com/tours/hue-dmz-tour-deluxe-group-tour/,already_downloaded,Hue DMZ Tour - Unveiling History on Captivating Tour,vmtravel-central-020-hue-dmz-tour-unveiling-history-on-captivating-tour,,uploaded,1780804873,950,20
7d942441d2dde92ae106ea68dda3f6db,1440611,danangtrip/tours/vmtravel-central-020-hue-dmz-tour-unveiling-history-on-captivating-tour/tour-020__vmtravel-central-020-hue-dmz-tour-unveiling-history-on-captivating-tour__p03__vmtravel-hue-dmz-tour-1,image,image/png,,,png,650,,https://vmtravel.com/wp-content/uploads/2023/08/Hue-DMZ-Tour-1-.png,False,tour-020__vmtravel-central-020-hue-dmz-tour-unveiling-history-on-captivating-tour__p03__vmtravel-hue-dmz-tour-1.png,D:\DATN\DATN_Tài liệu\data-center\media-assets\cloudinary-staging\tours\2026-06-07-verified-real-tours\originals\tour-020__vmtravel-central-020-hue-dmz-tour-unveiling-history-on-captivating-tour__p03__vmtravel-hue-dmz-tour-1.png,3,,,vmtravel,,,danangtrip/tours/vmtravel-central-020-hue-dmz-tour-unveiling-history-on-captivating-tour/tour-020__vmtravel-central-020-hue-dmz-tour-unveiling-history-on-captivating-tour__p03__vmtravel-hue-dmz-tour-1,Downloaded from operator source page; verify reuse permission before production publication.,https://res.cloudinary.com/dmukxquza/image/upload/v1780804877/danangtrip/tours/vmtravel-central-020-hue-dmz-tour-unveiling-history-on-captivating-tour/tour-020__vmtravel-central-020-hue-dmz-tour-unveiling-history-on-captivating-tour__p03__vmtravel-hue-dmz-tour-1.png,10899249ff9e3ff4ab07d0ae66eb4da60d22b14cfa3e4d3685c9aebbd974d649,https://vmtravel.com/tours/hue-dmz-tour-deluxe-group-tour/,already_downloaded,Hue DMZ Tour - Unveiling History on Captivating Tour,vmtravel-central-020-hue-dmz-tour-unveiling-history-on-captivating-tour,,uploaded,1780804877,950,20
be212a0efa261f64ac3dc21da3db2a8c,821162,danangtrip/tours/vmtravel-central-018-hue-day-trip-from-da-nang-deluxe-small-group-tour/tour-021__vmtravel-central-018-hue-day-trip-from-da-nang-deluxe-small-group-tour__p01__vmtravel-hue-city-tour-from-hoian,image,image/jpeg,,,jpg,650,,https://vmtravel.com/wp-content/uploads/2023/07/hue-city-tour-from-hoian.jpg,True,tour-021__vmtravel-central-018-hue-day-trip-from-da-nang-deluxe-small-group-tour__p01__vmtravel-hue-city-tour-from-hoian.jpg,D:\DATN\DATN_Tài liệu\data-center\media-assets\cloudinary-staging\tours\2026-06-07-verified-real-tours\originals\tour-021__vmtravel-central-018-hue-day-trip-from-da-nang-deluxe-small-group-tour__p01__vmtravel-hue-city-tour-from-hoian.jpg,1,,,vmtravel,,,danangtrip/tours/vmtravel-central-018-hue-day-trip-from-da-nang-deluxe-small-group-tour/tour-021__vmtravel-central-018-hue-day-trip-from-da-nang-deluxe-small-group-tour__p01__vmtravel-hue-city-tour-from-hoian,Downloaded from operator source page; verify reuse permission before production publication.,https://res.cloudinary.com/dmukxquza/image/upload/v1780804880/danangtrip/tours/vmtravel-central-018-hue-day-trip-from-da-nang-deluxe-small-group-tour/tour-021__vmtravel-central-018-hue-day-trip-from-da-nang-deluxe-small-group-tour__p01__vmtravel-hue-city-tour-from-hoian.jpg,453fe2b88866bd124b314486d9b33660c427f9cdfd357812e5272018d132bf27,https://vmtravel.com/tours/hue-day-trip-from-da-nang/,already_downloaded,Hue Day Trip From Da Nang - Deluxe Small Group Tour,vmtravel-central-018-hue-day-trip-from-da-nang-deluxe-small-group-tour,,uploaded,1780804880,950,21
cc322c1ca84927f501a8e286ae52f029,616675,danangtrip/tours/vmtravel-central-018-hue-day-trip-from-da-nang-deluxe-small-group-tour/tour-021__vmtravel-central-018-hue-day-trip-from-da-nang-deluxe-small-group-tour__p02__vmtravel-khai-dinh-tomb-tour,image,image/jpeg,,,jpg,650,,https://vmtravel.com/wp-content/uploads/2023/09/khai-dinh-tomb-tour.jpg,False,tour-021__vmtravel-central-018-hue-day-trip-from-da-nang-deluxe-small-group-tour__p02__vmtravel-khai-dinh-tomb-tour.jpg,D:\DATN\DATN_Tài liệu\data-center\media-assets\cloudinary-staging\tours\2026-06-07-verified-real-tours\originals\tour-021__vmtravel-central-018-hue-day-trip-from-da-nang-deluxe-small-group-tour__p02__vmtravel-khai-dinh-tomb-tour.jpg,2,,,vmtravel,,,danangtrip/tours/vmtravel-central-018-hue-day-trip-from-da-nang-deluxe-small-group-tour/tour-021__vmtravel-central-018-hue-day-trip-from-da-nang-deluxe-small-group-tour__p02__vmtravel-khai-dinh-tomb-tour,Downloaded from operator source page; verify reuse permission before production publication.,https://res.cloudinary.com/dmukxquza/image/upload/v1780804883/danangtrip/tours/vmtravel-central-018-hue-day-trip-from-da-nang-deluxe-small-group-tour/tour-021__vmtravel-central-018-hue-day-trip-from-da-nang-deluxe-small-group-tour__p02__vmtravel-khai-dinh-tomb-tour.jpg,f5208334003968490b94e3fa86488f800b3accc9c2a76ffc8dc3cbfd4b496430,https://vmtravel.com/tours/hue-day-trip-from-da-nang/,already_downloaded,Hue Day Trip From Da Nang - Deluxe Small Group Tour,vmtravel-central-018-hue-day-trip-from-da-nang-deluxe-small-group-tour,,uploaded,1780804883,950,21
db4ccf230c5a6fc1db7c123ca758e4d0,1590285,danangtrip/tours/vmtravel-central-018-hue-day-trip-from-da-nang-deluxe-small-group-tour/tour-021__vmtravel-central-018-hue-day-trip-from-da-nang-deluxe-small-group-tour__p03__vmtravel-hue-city-tour-1,image,image/png,,,png,650,,https://vmtravel.com/wp-content/uploads/2023/08/Hue-City-Tour-1.png,False,tour-021__vmtravel-central-018-hue-day-trip-from-da-nang-deluxe-small-group-tour__p03__vmtravel-hue-city-tour-1.png,D:\DATN\DATN_Tài liệu\data-center\media-assets\cloudinary-staging\tours\2026-06-07-verified-real-tours\originals\tour-021__vmtravel-central-018-hue-day-trip-from-da-nang-deluxe-small-group-tour__p03__vmtravel-hue-city-tour-1.png,3,,,vmtravel,,,danangtrip/tours/vmtravel-central-018-hue-day-trip-from-da-nang-deluxe-small-group-tour/tour-021__vmtravel-central-018-hue-day-trip-from-da-nang-deluxe-small-group-tour__p03__vmtravel-hue-city-tour-1,Downloaded from operator source page; verify reuse permission before production publication.,https://res.cloudinary.com/dmukxquza/image/upload/v1780804887/danangtrip/tours/vmtravel-central-018-hue-day-trip-from-da-nang-deluxe-small-group-tour/tour-021__vmtravel-central-018-hue-day-trip-from-da-nang-deluxe-small-group-tour__p03__vmtravel-hue-city-tour-1.png,88f66cdf207c92a7606fb3ebebeb05a9b5fb916863841f878ef94ecc73245580,https://vmtravel.com/tours/hue-day-trip-from-da-nang/,already_downloaded,Hue Day Trip From Da Nang - Deluxe Small Group Tour,vmtravel-central-018-hue-day-trip-from-da-nang-deluxe-small-group-tour,,uploaded,1780804887,950,21
ccbe688b14061e8dfb3f5ba8e900ae2c,637772,danangtrip/tours/vmtravel-central-017-hue-day-trip-from-da-nang-private-tour/tour-022__vmtravel-central-017-hue-day-trip-from-da-nang-private-tour__p01__vmtravel-hue-day-trip,image,image/jpeg,,,jpg,650,,https://vmtravel.com/wp-content/uploads/2023/07/hue-day-trip.jpg,True,tour-022__vmtravel-central-017-hue-day-trip-from-da-nang-private-tour__p01__vmtravel-hue-day-trip.jpg,D:\DATN\DATN_Tài liệu\data-center\media-assets\cloudinary-staging\tours\2026-06-07-verified-real-tours\originals\tour-022__vmtravel-central-017-hue-day-trip-from-da-nang-private-tour__p01__vmtravel-hue-day-trip.jpg,1,,,vmtravel,,,danangtrip/tours/vmtravel-central-017-hue-day-trip-from-da-nang-private-tour/tour-022__vmtravel-central-017-hue-day-trip-from-da-nang-private-tour__p01__vmtravel-hue-day-trip,Downloaded from operator source page; verify reuse permission before production publication.,https://res.cloudinary.com/dmukxquza/image/upload/v1780804890/danangtrip/tours/vmtravel-central-017-hue-day-trip-from-da-nang-private-tour/tour-022__vmtravel-central-017-hue-day-trip-from-da-nang-private-tour__p01__vmtravel-hue-day-trip.jpg,a907d29846bdf7b9876ae557fa463ee37e107b0238fe8196c200d98a8584fbe4,https://vmtravel.com/tours/hue-day-trip-from-da-nang-private-tour/,already_downloaded,Hue Day Trip From Da Nang - Private Tour,vmtravel-central-017-hue-day-trip-from-da-nang-private-tour,,uploaded,1780804890,950,22
9cd44fd0b9956748501f2deb8526246f,812170,danangtrip/tours/vmtravel-central-017-hue-day-trip-from-da-nang-private-tour/tour-022__vmtravel-central-017-hue-day-trip-from-da-nang-private-tour__p02__vmtravel-hue-imperial-city-1,image,image/jpeg,,,jpg,650,,https://vmtravel.com/wp-content/uploads/2023/09/hue-imperial-city-1.jpg,False,tour-022__vmtravel-central-017-hue-day-trip-from-da-nang-private-tour__p02__vmtravel-hue-imperial-city-1.jpg,D:\DATN\DATN_Tài liệu\data-center\media-assets\cloudinary-staging\tours\2026-06-07-verified-real-tours\originals\tour-022__vmtravel-central-017-hue-day-trip-from-da-nang-private-tour__p02__vmtravel-hue-imperial-city-1.jpg,2,,,vmtravel,,,danangtrip/tours/vmtravel-central-017-hue-day-trip-from-da-nang-private-tour/tour-022__vmtravel-central-017-hue-day-trip-from-da-nang-private-tour__p02__vmtravel-hue-imperial-city-1,Downloaded from operator source page; verify reuse permission before production publication.,https://res.cloudinary.com/dmukxquza/image/upload/v1780804893/danangtrip/tours/vmtravel-central-017-hue-day-trip-from-da-nang-private-tour/tour-022__vmtravel-central-017-hue-day-trip-from-da-nang-private-tour__p02__vmtravel-hue-imperial-city-1.jpg,3d8e096d3906e2cebb8479cea5b7055bd7a483555a5fde0c72acb825635e8e81,https://vmtravel.com/tours/hue-day-trip-from-da-nang-private-tour/,already_downloaded,Hue Day Trip From Da Nang - Private Tour,vmtravel-central-017-hue-day-trip-from-da-nang-private-tour,,uploaded,1780804893,950,22
cf9a25e8b80b6fbed707dd20be3abce8,1252082,danangtrip/tours/vmtravel-central-017-hue-day-trip-from-da-nang-private-tour/tour-022__vmtravel-central-017-hue-day-trip-from-da-nang-private-tour__p03__vmtravel-hue-city-tour-6,image,image/png,,,png,650,,https://vmtravel.com/wp-content/uploads/2023/08/Hue-City-Tour-6.png,False,tour-022__vmtravel-central-017-hue-day-trip-from-da-nang-private-tour__p03__vmtravel-hue-city-tour-6.png,D:\DATN\DATN_Tài liệu\data-center\media-assets\cloudinary-staging\tours\2026-06-07-verified-real-tours\originals\tour-022__vmtravel-central-017-hue-day-trip-from-da-nang-private-tour__p03__vmtravel-hue-city-tour-6.png,3,,,vmtravel,,,danangtrip/tours/vmtravel-central-017-hue-day-trip-from-da-nang-private-tour/tour-022__vmtravel-central-017-hue-day-trip-from-da-nang-private-tour__p03__vmtravel-hue-city-tour-6,Downloaded from operator source page; verify reuse permission before production publication.,https://res.cloudinary.com/dmukxquza/image/upload/v1780804897/danangtrip/tours/vmtravel-central-017-hue-day-trip-from-da-nang-private-tour/tour-022__vmtravel-central-017-hue-day-trip-from-da-nang-private-tour__p03__vmtravel-hue-city-tour-6.png,b3409d515d352dbcf2a58c4566476164c2f8779e5ac284860c870f6324d3d559,https://vmtravel.com/tours/hue-day-trip-from-da-nang-private-tour/,already_downloaded,Hue Day Trip From Da Nang - Private Tour,vmtravel-central-017-hue-day-trip-from-da-nang-private-tour,,uploaded,1780804897,950,22
6f3dc0439d76450e2eb8676fe21dbf38,1367345,danangtrip/tours/vmtravel-central-019-hue-day-trip-from-hoi-an-da-nang-book-best-1-day-group-tour/tour-023__vmtravel-central-019-hue-day-trip-from-hoi-an-da-nang-book-best-1-day-group-tour__p03__vmtravel-hue-city-tour-7,image,image/png,,,png,650,,https://vmtravel.com/wp-content/uploads/2023/08/Hue-city-Tour-7.png,False,tour-023__vmtravel-central-019-hue-day-trip-from-hoi-an-da-nang-book-best-1-day-group-tour__p03__vmtravel-hue-city-tour-7.png,D:\DATN\DATN_Tài liệu\data-center\media-assets\cloudinary-staging\tours\2026-06-07-verified-real-tours\originals\tour-023__vmtravel-central-019-hue-day-trip-from-hoi-an-da-nang-book-best-1-day-group-tour__p03__vmtravel-hue-city-tour-7.png,3,,,vmtravel,,,danangtrip/tours/vmtravel-central-019-hue-day-trip-from-hoi-an-da-nang-book-best-1-day-group-tour/tour-023__vmtravel-central-019-hue-day-trip-from-hoi-an-da-nang-book-best-1-day-group-tour__p03__vmtravel-hue-city-tour-7,Downloaded from operator source page; verify reuse permission before production publication.,https://res.cloudinary.com/dmukxquza/image/upload/v1780804900/danangtrip/tours/vmtravel-central-019-hue-day-trip-from-hoi-an-da-nang-book-best-1-day-group-tour/tour-023__vmtravel-central-019-hue-day-trip-from-hoi-an-da-nang-book-best-1-day-group-tour__p03__vmtravel-hue-city-tour-7.png,c164a38992fa504c571bd668c1da4a9581578ba11f4a36225a7ff53661b5ed27,https://vmtravel.com/tours/hue-day-trip-from-hoi-an/,already_downloaded,Hue Day Trip From Hoi An Da Nang-Book Best 1 Day Group Tour,vmtravel-central-019-hue-day-trip-from-hoi-an-da-nang-book-best-1-day-group-tour,,uploaded,1780804900,950,23
7262e165459c17ddbd7c8f21420f2d7d,804100,danangtrip/tours/vmtravel-recheck-005-hue-imperial-tour-from-chan-may-port-best-shore-excursions/tour-024__vmtravel-recheck-005-hue-imperial-tour-from-chan-may-port-best-shore-excursions__p02__vmtravel-hue-imperial,image,image/jpeg,,,jpg,650,,https://vmtravel.com/wp-content/uploads/2023/07/hue-imperial.jpg,False,tour-024__vmtravel-recheck-005-hue-imperial-tour-from-chan-may-port-best-shore-excursions__p02__vmtravel-hue-imperial.jpg,D:\DATN\DATN_Tài liệu\data-center\media-assets\cloudinary-staging\tours\2026-06-07-verified-real-tours\originals\tour-024__vmtravel-recheck-005-hue-imperial-tour-from-chan-may-port-best-shore-excursions__p02__vmtravel-hue-imperial.jpg,2,,,vmtravel,,,danangtrip/tours/vmtravel-recheck-005-hue-imperial-tour-from-chan-may-port-best-shore-excursions/tour-024__vmtravel-recheck-005-hue-imperial-tour-from-chan-may-port-best-shore-excursions__p02__vmtravel-hue-imperial,Downloaded from operator source page; verify reuse permission before production publication.,https://res.cloudinary.com/dmukxquza/image/upload/v1780804904/danangtrip/tours/vmtravel-recheck-005-hue-imperial-tour-from-chan-may-port-best-shore-excursions/tour-024__vmtravel-recheck-005-hue-imperial-tour-from-chan-may-port-best-shore-excursions__p02__vmtravel-hue-imperial.jpg,cd3e2649f6962ed53d11662d0b95ed23b8a02f40d580d7111014b79aef16e2c4,https://vmtravel.com/tours/hue-imperial-tour-from-chan-may-port/,already_downloaded,Hue Imperial Tour from Chan May Port: Best Shore Excursions,vmtravel-recheck-005-hue-imperial-tour-from-chan-may-port-best-shore-excursions,,uploaded,1780804904,950,24
dd87731dc86e4c0e22ecb5473566c1ed,649039,danangtrip/tours/vmtravel-recheck-005-hue-imperial-tour-from-chan-may-port-best-shore-excursions/tour-024__vmtravel-recheck-005-hue-imperial-tour-from-chan-may-port-best-shore-excursions__p03__vmtravel-car-rental-from-port,image,image/jpeg,,,jpg,650,,https://vmtravel.com/wp-content/uploads/2023/07/car-rental-from-port.jpg,False,tour-024__vmtravel-recheck-005-hue-imperial-tour-from-chan-may-port-best-shore-excursions__p03__vmtravel-car-rental-from-port.jpg,D:\DATN\DATN_Tài liệu\data-center\media-assets\cloudinary-staging\tours\2026-06-07-verified-real-tours\originals\tour-024__vmtravel-recheck-005-hue-imperial-tour-from-chan-may-port-best-shore-excursions__p03__vmtravel-car-rental-from-port.jpg,3,,,vmtravel,,,danangtrip/tours/vmtravel-recheck-005-hue-imperial-tour-from-chan-may-port-best-shore-excursions/tour-024__vmtravel-recheck-005-hue-imperial-tour-from-chan-may-port-best-shore-excursions__p03__vmtravel-car-rental-from-port,Downloaded from operator source page; verify reuse permission before production publication.,https://res.cloudinary.com/dmukxquza/image/upload/v1780804908/danangtrip/tours/vmtravel-recheck-005-hue-imperial-tour-from-chan-may-port-best-shore-excursions/tour-024__vmtravel-recheck-005-hue-imperial-tour-from-chan-may-port-best-shore-excursions__p03__vmtravel-car-rental-from-port.jpg,96b98891436989d002e716c28b185c832b72b997560a35bec1355046904cfa8c,https://vmtravel.com/tours/hue-imperial-tour-from-chan-may-port/,already_downloaded,Hue Imperial Tour from Chan May Port: Best Shore Excursions,vmtravel-recheck-005-hue-imperial-tour-from-chan-may-port-best-shore-excursions,,uploaded,1780804908,950,24
664e7cfcf491cdc8b7d8649d79faa451,748384,danangtrip/tours/vmtravel-central-021-hue-street-food-tour-explore-local-flavours-for-just-45/tour-025__vmtravel-central-021-hue-street-food-tour-explore-local-flavours-for-just-45__p01__vmtravel-hue-strees-food-tour,image,image/jpeg,,,jpg,650,,https://vmtravel.com/wp-content/uploads/2024/08/hue-strees-food-tour.jpg,True,tour-025__vmtravel-central-021-hue-street-food-tour-explore-local-flavours-for-just-45__p01__vmtravel-hue-strees-food-tour.jpg,D:\DATN\DATN_Tài liệu\data-center\media-assets\cloudinary-staging\tours\2026-06-07-verified-real-tours\originals\tour-025__vmtravel-central-021-hue-street-food-tour-explore-local-flavours-for-just-45__p01__vmtravel-hue-strees-food-tour.jpg,1,,,vmtravel,,,danangtrip/tours/vmtravel-central-021-hue-street-food-tour-explore-local-flavours-for-just-45/tour-025__vmtravel-central-021-hue-street-food-tour-explore-local-flavours-for-just-45__p01__vmtravel-hue-strees-food-tour,Downloaded from operator source page; verify reuse permission before production publication.,https://res.cloudinary.com/dmukxquza/image/upload/v1780804911/danangtrip/tours/vmtravel-central-021-hue-street-food-tour-explore-local-flavours-for-just-45/tour-025__vmtravel-central-021-hue-street-food-tour-explore-local-flavours-for-just-45__p01__vmtravel-hue-strees-food-tour.jpg,f4098583178d96f4d83d3718cd6af4dcbb0543409ad6b2db2e23fec6b21eeb27,https://vmtravel.com/tours/hue-street-food-tour/,already_downloaded,Hue Street Food Tour - Explore Local Flavours for Just $45,vmtravel-central-021-hue-street-food-tour-explore-local-flavours-for-just-45,,uploaded,1780804911,950,25
5afc938333e1c0e044bd9207d9ad0d4e,634615,danangtrip/tours/vmtravel-central-021-hue-street-food-tour-explore-local-flavours-for-just-45/tour-025__vmtravel-central-021-hue-street-food-tour-explore-local-flavours-for-just-45__p02__vmtravel-hu-food-tour-from-danang,image,image/jpeg,,,jpg,650,,https://vmtravel.com/wp-content/uploads/2023/07/Hu-food-tour-from-danang.jpg,False,tour-025__vmtravel-central-021-hue-street-food-tour-explore-local-flavours-for-just-45__p02__vmtravel-hu-food-tour-from-danang.jpg,D:\DATN\DATN_Tài liệu\data-center\media-assets\cloudinary-staging\tours\2026-06-07-verified-real-tours\originals\tour-025__vmtravel-central-021-hue-street-food-tour-explore-local-flavours-for-just-45__p02__vmtravel-hu-food-tour-from-danang.jpg,2,,,vmtravel,,,danangtrip/tours/vmtravel-central-021-hue-street-food-tour-explore-local-flavours-for-just-45/tour-025__vmtravel-central-021-hue-street-food-tour-explore-local-flavours-for-just-45__p02__vmtravel-hu-food-tour-from-danang,Downloaded from operator source page; verify reuse permission before production publication.,https://res.cloudinary.com/dmukxquza/image/upload/v1780804914/danangtrip/tours/vmtravel-central-021-hue-street-food-tour-explore-local-flavours-for-just-45/tour-025__vmtravel-central-021-hue-street-food-tour-explore-local-flavours-for-just-45__p02__vmtravel-hu-food-tour-from-danang.jpg,8d8ace98f61477c4079f1692cca5c91d9d5a948426401f17af9a838394298306,https://vmtravel.com/tours/hue-street-food-tour/,already_downloaded,Hue Street Food Tour - Explore Local Flavours for Just $45,vmtravel-central-021-hue-street-food-tour-explore-local-flavours-for-just-45,,uploaded,1780804914,950,25
9eb664ed96709cb76d4b9dc0ba30b73b,913315,danangtrip/tours/vmtravel-central-023-linh-ung-pagoda-marble-mountain-tour-from-hoi-an/tour-026__vmtravel-central-023-linh-ung-pagoda-marble-mountain-tour-from-hoi-an__p01__vmtravel-marble-mountain-tour-from-da-nang,image,image/jpeg,,,jpg,650,,https://vmtravel.com/wp-content/uploads/2025/05/Marble-Mountain-tour-from-Da-Nang.jpg,True,tour-026__vmtravel-central-023-linh-ung-pagoda-marble-mountain-tour-from-hoi-an__p01__vmtravel-marble-mountain-tour-from-da-nang.jpg,D:\DATN\DATN_Tài liệu\data-center\media-assets\cloudinary-staging\tours\2026-06-07-verified-real-tours\originals\tour-026__vmtravel-central-023-linh-ung-pagoda-marble-mountain-tour-from-hoi-an__p01__vmtravel-marble-mountain-tour-from-da-nang.jpg,1,,,vmtravel,,,danangtrip/tours/vmtravel-central-023-linh-ung-pagoda-marble-mountain-tour-from-hoi-an/tour-026__vmtravel-central-023-linh-ung-pagoda-marble-mountain-tour-from-hoi-an__p01__vmtravel-marble-mountain-tour-from-da-nang,Downloaded from operator source page; verify reuse permission before production publication.,https://res.cloudinary.com/dmukxquza/image/upload/v1780804917/danangtrip/tours/vmtravel-central-023-linh-ung-pagoda-marble-mountain-tour-from-hoi-an/tour-026__vmtravel-central-023-linh-ung-pagoda-marble-mountain-tour-from-hoi-an__p01__vmtravel-marble-mountain-tour-from-da-nang.jpg,54b366dd9ec7e17f435fcefff41af809acca5053c3bf3003f9c950f7ed1e2b52,https://vmtravel.com/tours/marble-mountain-tour-from-hoi-an/,already_downloaded,Linh Ung Pagoda & Marble Mountain tour from Hoi An,vmtravel-central-023-linh-ung-pagoda-marble-mountain-tour-from-hoi-an,,uploaded,1780804917,950,26
0adaed14096df83640de8fb035beba1c,563076,danangtrip/tours/vmtravel-central-023-linh-ung-pagoda-marble-mountain-tour-from-hoi-an/tour-026__vmtravel-central-023-linh-ung-pagoda-marble-mountain-tour-from-hoi-an__p02__vmtravel-linh-ung-pagoda-danang-vietnam,image,image/jpeg,,,jpg,650,,https://vmtravel.com/wp-content/uploads/2025/05/Linh-Ung-Pagoda-Danang-Vietnam.jpg,False,tour-026__vmtravel-central-023-linh-ung-pagoda-marble-mountain-tour-from-hoi-an__p02__vmtravel-linh-ung-pagoda-danang-vietnam.jpg,D:\DATN\DATN_Tài liệu\data-center\media-assets\cloudinary-staging\tours\2026-06-07-verified-real-tours\originals\tour-026__vmtravel-central-023-linh-ung-pagoda-marble-mountain-tour-from-hoi-an__p02__vmtravel-linh-ung-pagoda-danang-vietnam.jpg,2,,,vmtravel,,,danangtrip/tours/vmtravel-central-023-linh-ung-pagoda-marble-mountain-tour-from-hoi-an/tour-026__vmtravel-central-023-linh-ung-pagoda-marble-mountain-tour-from-hoi-an__p02__vmtravel-linh-ung-pagoda-danang-vietnam,Downloaded from operator source page; verify reuse permission before production publication.,https://res.cloudinary.com/dmukxquza/image/upload/v1780804920/danangtrip/tours/vmtravel-central-023-linh-ung-pagoda-marble-mountain-tour-from-hoi-an/tour-026__vmtravel-central-023-linh-ung-pagoda-marble-mountain-tour-from-hoi-an__p02__vmtravel-linh-ung-pagoda-danang-vietnam.jpg,5dd2aaad8f5be84efb83a430e793d94ac4778e27367199528f6518877d89b897,https://vmtravel.com/tours/marble-mountain-tour-from-hoi-an/,already_downloaded,Linh Ung Pagoda & Marble Mountain tour from Hoi An,vmtravel-central-023-linh-ung-pagoda-marble-mountain-tour-from-hoi-an,,uploaded,1780804920,950,26
8ead09ea464bb2eeb13a2942cd645a85,690131,danangtrip/tours/vmtravel-central-023-linh-ung-pagoda-marble-mountain-tour-from-hoi-an/tour-026__vmtravel-central-023-linh-ung-pagoda-marble-mountain-tour-from-hoi-an__p03__vmtravel-best-time-to-visit-linh-ung-pagoda-da-nang,image,image/jpeg,,,jpg,650,,https://vmtravel.com/wp-content/uploads/2025/05/Best-Time-to-Visit-Linh-Ung-Pagoda-Da-Nang.jpg,False,tour-026__vmtravel-central-023-linh-ung-pagoda-marble-mountain-tour-from-hoi-an__p03__vmtravel-best-time-to-visit-linh-ung-pagoda-da-nang.jpg,D:\DATN\DATN_Tài liệu\data-center\media-assets\cloudinary-staging\tours\2026-06-07-verified-real-tours\originals\tour-026__vmtravel-central-023-linh-ung-pagoda-marble-mountain-tour-from-hoi-an__p03__vmtravel-best-time-to-visit-linh-ung-pagoda-da-nang.jpg,3,,,vmtravel,,,danangtrip/tours/vmtravel-central-023-linh-ung-pagoda-marble-mountain-tour-from-hoi-an/tour-026__vmtravel-central-023-linh-ung-pagoda-marble-mountain-tour-from-hoi-an__p03__vmtravel-best-time-to-visit-linh-ung-pagoda-da-nang,Downloaded from operator source page; verify reuse permission before production publication.,https://res.cloudinary.com/dmukxquza/image/upload/v1780804923/danangtrip/tours/vmtravel-central-023-linh-ung-pagoda-marble-mountain-tour-from-hoi-an/tour-026__vmtravel-central-023-linh-ung-pagoda-marble-mountain-tour-from-hoi-an__p03__vmtravel-best-time-to-visit-linh-ung-pagoda-da-nang.jpg,ba2a353389e2c174ce6db8fedab65ca47d75125d2e2f59f5005a74e7d2721031,https://vmtravel.com/tours/marble-mountain-tour-from-hoi-an/,already_downloaded,Linh Ung Pagoda & Marble Mountain tour from Hoi An,vmtravel-central-023-linh-ung-pagoda-marble-mountain-tour-from-hoi-an,,uploaded,1780804923,950,26
df2c0aceaf2712b4236eac7cc3f41765,676314,danangtrip/tours/vmtravel-central-022-luxury-da-nang-golf-tour-6-days-5-nights-4-rounds/tour-027__vmtravel-central-022-luxury-da-nang-golf-tour-6-days-5-nights-4-rounds__p01__vmtravel-golf-in-hoi-an,image,image/jpeg,,,jpg,650,,https://vmtravel.com/wp-content/uploads/2023/07/golf-in-Hoi-An.jpg,True,tour-027__vmtravel-central-022-luxury-da-nang-golf-tour-6-days-5-nights-4-rounds__p01__vmtravel-golf-in-hoi-an.jpg,D:\DATN\DATN_Tài liệu\data-center\media-assets\cloudinary-staging\tours\2026-06-07-verified-real-tours\originals\tour-027__vmtravel-central-022-luxury-da-nang-golf-tour-6-days-5-nights-4-rounds__p01__vmtravel-golf-in-hoi-an.jpg,1,,,vmtravel,,,danangtrip/tours/vmtravel-central-022-luxury-da-nang-golf-tour-6-days-5-nights-4-rounds/tour-027__vmtravel-central-022-luxury-da-nang-golf-tour-6-days-5-nights-4-rounds__p01__vmtravel-golf-in-hoi-an,Downloaded from operator source page; verify reuse permission before production publication.,https://res.cloudinary.com/dmukxquza/image/upload/v1780804926/danangtrip/tours/vmtravel-central-022-luxury-da-nang-golf-tour-6-days-5-nights-4-rounds/tour-027__vmtravel-central-022-luxury-da-nang-golf-tour-6-days-5-nights-4-rounds__p01__vmtravel-golf-in-hoi-an.jpg,1d8767035c5fa635ab450f0fceca2b0b1abfe453d400bbabda62a1c51b03a793,https://vmtravel.com/tours/luxury-da-nang-golf-tour-6-days/,already_downloaded,Luxury Da Nang Golf Tour 6 Days 5 Nights 4 Rounds,vmtravel-central-022-luxury-da-nang-golf-tour-6-days-5-nights-4-rounds,,uploaded,1780804926,950,27
fff1a1a49f5f95e6b92c6d67d9a20094,465722,danangtrip/tours/vmtravel-central-022-luxury-da-nang-golf-tour-6-days-5-nights-4-rounds/tour-027__vmtravel-central-022-luxury-da-nang-golf-tour-6-days-5-nights-4-rounds__p02__vmtravel-vietnam-luxury-golf-tour,image,image/jpeg,,,jpg,650,,https://vmtravel.com/wp-content/uploads/2024/07/Vietnam-Luxury-Golf-Tour.jpg,False,tour-027__vmtravel-central-022-luxury-da-nang-golf-tour-6-days-5-nights-4-rounds__p02__vmtravel-vietnam-luxury-golf-tour.jpg,D:\DATN\DATN_Tài liệu\data-center\media-assets\cloudinary-staging\tours\2026-06-07-verified-real-tours\originals\tour-027__vmtravel-central-022-luxury-da-nang-golf-tour-6-days-5-nights-4-rounds__p02__vmtravel-vietnam-luxury-golf-tour.jpg,2,,,vmtravel,,,danangtrip/tours/vmtravel-central-022-luxury-da-nang-golf-tour-6-days-5-nights-4-rounds/tour-027__vmtravel-central-022-luxury-da-nang-golf-tour-6-days-5-nights-4-rounds__p02__vmtravel-vietnam-luxury-golf-tour,Downloaded from operator source page; verify reuse permission before production publication.,https://res.cloudinary.com/dmukxquza/image/upload/v1780804929/danangtrip/tours/vmtravel-central-022-luxury-da-nang-golf-tour-6-days-5-nights-4-rounds/tour-027__vmtravel-central-022-luxury-da-nang-golf-tour-6-days-5-nights-4-rounds__p02__vmtravel-vietnam-luxury-golf-tour.jpg,b893e36787373c8e0cc0e417778d4ca87bc2c31f68a4d13d2661d62dc56b0a4f,https://vmtravel.com/tours/luxury-da-nang-golf-tour-6-days/,already_downloaded,Luxury Da Nang Golf Tour 6 Days 5 Nights 4 Rounds,vmtravel-central-022-luxury-da-nang-golf-tour-6-days-5-nights-4-rounds,,uploaded,1780804929,950,27
e3f15e22368dd447c2bc0cc4f63634e2,824677,danangtrip/tours/vmtravel-central-024-my-son-sanctuary-from-hoi-an-book-best-1-day-tour-in-hoi-an/tour-028__vmtravel-central-024-my-son-sanctuary-from-hoi-an-book-best-1-day-tour-in-hoi-an__p01__vmtravel-sunrise-at-my-son-sanctuary,image,image/jpeg,,,jpg,650,,https://vmtravel.com/wp-content/uploads/2023/07/sunrise-at-my-son-sanctuary.jpg,True,tour-028__vmtravel-central-024-my-son-sanctuary-from-hoi-an-book-best-1-day-tour-in-hoi-an__p01__vmtravel-sunrise-at-my-son-sanctuary.jpg,D:\DATN\DATN_Tài liệu\data-center\media-assets\cloudinary-staging\tours\2026-06-07-verified-real-tours\originals\tour-028__vmtravel-central-024-my-son-sanctuary-from-hoi-an-book-best-1-day-tour-in-hoi-an__p01__vmtravel-sunrise-at-my-son-sanctuary.jpg,1,,,vmtravel,,,danangtrip/tours/vmtravel-central-024-my-son-sanctuary-from-hoi-an-book-best-1-day-tour-in-hoi-an/tour-028__vmtravel-central-024-my-son-sanctuary-from-hoi-an-book-best-1-day-tour-in-hoi-an__p01__vmtravel-sunrise-at-my-son-sanctuary,Downloaded from operator source page; verify reuse permission before production publication.,https://res.cloudinary.com/dmukxquza/image/upload/v1780804933/danangtrip/tours/vmtravel-central-024-my-son-sanctuary-from-hoi-an-book-best-1-day-tour-in-hoi-an/tour-028__vmtravel-central-024-my-son-sanctuary-from-hoi-an-book-best-1-day-tour-in-hoi-an__p01__vmtravel-sunrise-at-my-son-sanctuary.jpg,b1d761da6d15535b60f21492efc41d20e7288b115682cb2e4e5023edc13b89cc,https://vmtravel.com/tours/my-son-sanctuary-from-hoi-an/,already_downloaded,My Son Sanctuary From Hoi An-Book Best 1 Day Tour in Hoi An,vmtravel-central-024-my-son-sanctuary-from-hoi-an-book-best-1-day-tour-in-hoi-an,,uploaded,1780804933,950,28
7b0249ab3a7e5626f3ae036cf9310602,667935,danangtrip/tours/vmtravel-central-024-my-son-sanctuary-from-hoi-an-book-best-1-day-tour-in-hoi-an/tour-028__vmtravel-central-024-my-son-sanctuary-from-hoi-an-book-best-1-day-tour-in-hoi-an__p02__vmtravel-myson-sanctuary,image,image/jpeg,,,jpg,650,,https://vmtravel.com/wp-content/uploads/2023/07/myson-sanctuary.jpg,False,tour-028__vmtravel-central-024-my-son-sanctuary-from-hoi-an-book-best-1-day-tour-in-hoi-an__p02__vmtravel-myson-sanctuary.jpg,D:\DATN\DATN_Tài liệu\data-center\media-assets\cloudinary-staging\tours\2026-06-07-verified-real-tours\originals\tour-028__vmtravel-central-024-my-son-sanctuary-from-hoi-an-book-best-1-day-tour-in-hoi-an__p02__vmtravel-myson-sanctuary.jpg,2,,,vmtravel,,,danangtrip/tours/vmtravel-central-024-my-son-sanctuary-from-hoi-an-book-best-1-day-tour-in-hoi-an/tour-028__vmtravel-central-024-my-son-sanctuary-from-hoi-an-book-best-1-day-tour-in-hoi-an__p02__vmtravel-myson-sanctuary,Downloaded from operator source page; verify reuse permission before production publication.,https://res.cloudinary.com/dmukxquza/image/upload/v1780804936/danangtrip/tours/vmtravel-central-024-my-son-sanctuary-from-hoi-an-book-best-1-day-tour-in-hoi-an/tour-028__vmtravel-central-024-my-son-sanctuary-from-hoi-an-book-best-1-day-tour-in-hoi-an__p02__vmtravel-myson-sanctuary.jpg,5c1c29a9608bea8cbfc57bab119f00445583baf32f561d17049b207627dae31a,https://vmtravel.com/tours/my-son-sanctuary-from-hoi-an/,already_downloaded,My Son Sanctuary From Hoi An-Book Best 1 Day Tour in Hoi An,vmtravel-central-024-my-son-sanctuary-from-hoi-an-book-best-1-day-tour-in-hoi-an,,uploaded,1780804936,950,28
e4e3180c4b5c3b60b55e5729cbc9091d,830890,danangtrip/tours/vmtravel-central-024-my-son-sanctuary-from-hoi-an-book-best-1-day-tour-in-hoi-an/tour-028__vmtravel-central-024-my-son-sanctuary-from-hoi-an-book-best-1-day-tour-in-hoi-an__p03__vmtravel-tour-my-son-sanctuary-from-hoi-an,image,image/jpeg,,,jpg,650,,https://vmtravel.com/wp-content/uploads/2023/07/tour-my-son-sanctuary-from-hoi-an.jpg,False,tour-028__vmtravel-central-024-my-son-sanctuary-from-hoi-an-book-best-1-day-tour-in-hoi-an__p03__vmtravel-tour-my-son-sanctuary-from-hoi-an.jpg,D:\DATN\DATN_Tài liệu\data-center\media-assets\cloudinary-staging\tours\2026-06-07-verified-real-tours\originals\tour-028__vmtravel-central-024-my-son-sanctuary-from-hoi-an-book-best-1-day-tour-in-hoi-an__p03__vmtravel-tour-my-son-sanctuary-from-hoi-an.jpg,3,,,vmtravel,,,danangtrip/tours/vmtravel-central-024-my-son-sanctuary-from-hoi-an-book-best-1-day-tour-in-hoi-an/tour-028__vmtravel-central-024-my-son-sanctuary-from-hoi-an-book-best-1-day-tour-in-hoi-an__p03__vmtravel-tour-my-son-sanctuary-from-hoi-an,Downloaded from operator source page; verify reuse permission before production publication.,https://res.cloudinary.com/dmukxquza/image/upload/v1780804939/danangtrip/tours/vmtravel-central-024-my-son-sanctuary-from-hoi-an-book-best-1-day-tour-in-hoi-an/tour-028__vmtravel-central-024-my-son-sanctuary-from-hoi-an-book-best-1-day-tour-in-hoi-an__p03__vmtravel-tour-my-son-sanctuary-from-hoi-an.jpg,3f30c1224ccce28752002a994c8303effc0829baec2bcd2d706999cdc18edcad,https://vmtravel.com/tours/my-son-sanctuary-from-hoi-an/,already_downloaded,My Son Sanctuary From Hoi An-Book Best 1 Day Tour in Hoi An,vmtravel-central-024-my-son-sanctuary-from-hoi-an-book-best-1-day-tour-in-hoi-an,,uploaded,1780804939,950,28
7f7a3e88e03fa2a5bcf561218a5b7681,750753,danangtrip/tours/vmtravel-recheck-004-my-son-sanctuary-tour-from-tien-sa-port-explore-now/tour-029__vmtravel-recheck-004-my-son-sanctuary-tour-from-tien-sa-port-explore-now__p01__vmtravel-my-son-sanctuary,image,image/jpeg,,,jpg,650,,https://vmtravel.com/wp-content/uploads/2023/07/my-son-sanctuary.jpg,True,tour-029__vmtravel-recheck-004-my-son-sanctuary-tour-from-tien-sa-port-explore-now__p01__vmtravel-my-son-sanctuary.jpg,D:\DATN\DATN_Tài liệu\data-center\media-assets\cloudinary-staging\tours\2026-06-07-verified-real-tours\originals\tour-029__vmtravel-recheck-004-my-son-sanctuary-tour-from-tien-sa-port-explore-now__p01__vmtravel-my-son-sanctuary.jpg,1,,,vmtravel,,,danangtrip/tours/vmtravel-recheck-004-my-son-sanctuary-tour-from-tien-sa-port-explore-now/tour-029__vmtravel-recheck-004-my-son-sanctuary-tour-from-tien-sa-port-explore-now__p01__vmtravel-my-son-sanctuary,Downloaded from operator source page; verify reuse permission before production publication.,https://res.cloudinary.com/dmukxquza/image/upload/v1780804943/danangtrip/tours/vmtravel-recheck-004-my-son-sanctuary-tour-from-tien-sa-port-explore-now/tour-029__vmtravel-recheck-004-my-son-sanctuary-tour-from-tien-sa-port-explore-now__p01__vmtravel-my-son-sanctuary.jpg,7c829c120004a3ffa6a50e38f763ffe884c47a3f0ef7bcfa19c5ecb02f201035,https://vmtravel.com/tours/my-son-sanctuary-tour-from-tien-sa-port/,already_downloaded,My Son Sanctuary Tour From Tien Sa Port - Explore Now,vmtravel-recheck-004-my-son-sanctuary-tour-from-tien-sa-port-explore-now,,uploaded,1780804943,950,29
2769893b516ff9f677819718d3d115e6,705710,danangtrip/tours/vmtravel-recheck-004-my-son-sanctuary-tour-from-tien-sa-port-explore-now/tour-029__vmtravel-recheck-004-my-son-sanctuary-tour-from-tien-sa-port-explore-now__p02__vmtravel-my-son-holyland-tour,image,image/jpeg,,,jpg,650,,https://vmtravel.com/wp-content/uploads/2023/07/My-Son-Holyland-Tour.jpg,False,tour-029__vmtravel-recheck-004-my-son-sanctuary-tour-from-tien-sa-port-explore-now__p02__vmtravel-my-son-holyland-tour.jpg,D:\DATN\DATN_Tài liệu\data-center\media-assets\cloudinary-staging\tours\2026-06-07-verified-real-tours\originals\tour-029__vmtravel-recheck-004-my-son-sanctuary-tour-from-tien-sa-port-explore-now__p02__vmtravel-my-son-holyland-tour.jpg,2,,,vmtravel,,,danangtrip/tours/vmtravel-recheck-004-my-son-sanctuary-tour-from-tien-sa-port-explore-now/tour-029__vmtravel-recheck-004-my-son-sanctuary-tour-from-tien-sa-port-explore-now__p02__vmtravel-my-son-holyland-tour,Downloaded from operator source page; verify reuse permission before production publication.,https://res.cloudinary.com/dmukxquza/image/upload/v1780804946/danangtrip/tours/vmtravel-recheck-004-my-son-sanctuary-tour-from-tien-sa-port-explore-now/tour-029__vmtravel-recheck-004-my-son-sanctuary-tour-from-tien-sa-port-explore-now__p02__vmtravel-my-son-holyland-tour.jpg,f452cf25cce9a8faad2c042ac719f853a86fff8bc59d6217907e31b2f31f445f,https://vmtravel.com/tours/my-son-sanctuary-tour-from-tien-sa-port/,already_downloaded,My Son Sanctuary Tour From Tien Sa Port - Explore Now,vmtravel-recheck-004-my-son-sanctuary-tour-from-tien-sa-port-explore-now,,uploaded,1780804946,950,29
49f6199f114d45dcfe814d49f4093a11,796513,danangtrip/tours/vmtravel-recheck-004-my-son-sanctuary-tour-from-tien-sa-port-explore-now/tour-029__vmtravel-recheck-004-my-son-sanctuary-tour-from-tien-sa-port-explore-now__p03__vmtravel-my-son-holyland,image,image/jpeg,,,jpg,650,,https://vmtravel.com/wp-content/uploads/2023/07/my-son-holyland.jpg,False,tour-029__vmtravel-recheck-004-my-son-sanctuary-tour-from-tien-sa-port-explore-now__p03__vmtravel-my-son-holyland.jpg,D:\DATN\DATN_Tài liệu\data-center\media-assets\cloudinary-staging\tours\2026-06-07-verified-real-tours\originals\tour-029__vmtravel-recheck-004-my-son-sanctuary-tour-from-tien-sa-port-explore-now__p03__vmtravel-my-son-holyland.jpg,3,,,vmtravel,,,danangtrip/tours/vmtravel-recheck-004-my-son-sanctuary-tour-from-tien-sa-port-explore-now/tour-029__vmtravel-recheck-004-my-son-sanctuary-tour-from-tien-sa-port-explore-now__p03__vmtravel-my-son-holyland,Downloaded from operator source page; verify reuse permission before production publication.,https://res.cloudinary.com/dmukxquza/image/upload/v1780804949/danangtrip/tours/vmtravel-recheck-004-my-son-sanctuary-tour-from-tien-sa-port-explore-now/tour-029__vmtravel-recheck-004-my-son-sanctuary-tour-from-tien-sa-port-explore-now__p03__vmtravel-my-son-holyland.jpg,7085d9fc5cc5942698ccddfb1d82166621b6af41a458ee5903dd6e7a9e896902,https://vmtravel.com/tours/my-son-sanctuary-tour-from-tien-sa-port/,already_downloaded,My Son Sanctuary Tour From Tien Sa Port - Explore Now,vmtravel-recheck-004-my-son-sanctuary-tour-from-tien-sa-port-explore-now,,uploaded,1780804949,950,29
cedd7f59b457063233ad4018226b8b8d,746114,danangtrip/tours/vmtravel-central-025-paradise-cave-tour-from-hue-explore-nature-s-masterpiece/tour-030__vmtravel-central-025-paradise-cave-tour-from-hue-explore-nature-s-masterpiece__p01__vmtravel-paradise-cave-tour-from-hue,image,image/jpeg,,,jpg,650,,https://vmtravel.com/wp-content/uploads/2024/08/Paradise-cave-tour-from-hue.jpg,True,tour-030__vmtravel-central-025-paradise-cave-tour-from-hue-explore-nature-s-masterpiece__p01__vmtravel-paradise-cave-tour-from-hue.jpg,D:\DATN\DATN_Tài liệu\data-center\media-assets\cloudinary-staging\tours\2026-06-07-verified-real-tours\originals\tour-030__vmtravel-central-025-paradise-cave-tour-from-hue-explore-nature-s-masterpiece__p01__vmtravel-paradise-cave-tour-from-hue.jpg,1,,,vmtravel,,,danangtrip/tours/vmtravel-central-025-paradise-cave-tour-from-hue-explore-nature-s-masterpiece/tour-030__vmtravel-central-025-paradise-cave-tour-from-hue-explore-nature-s-masterpiece__p01__vmtravel-paradise-cave-tour-from-hue,Downloaded from operator source page; verify reuse permission before production publication.,https://res.cloudinary.com/dmukxquza/image/upload/v1780804952/danangtrip/tours/vmtravel-central-025-paradise-cave-tour-from-hue-explore-nature-s-masterpiece/tour-030__vmtravel-central-025-paradise-cave-tour-from-hue-explore-nature-s-masterpiece__p01__vmtravel-paradise-cave-tour-from-hue.jpg,05f514f8acae86a708cc5918d750102a1380c09752aeb8d47241ad188cb6ed7a,https://vmtravel.com/tours/paradise-cave-tour-from-hue/,already_downloaded,Paradise Cave Tour From Hue - Explore Nature's Masterpiece,vmtravel-central-025-paradise-cave-tour-from-hue-explore-nature-s-masterpiece,,uploaded,1780804952,950,30
3d89714f9b749a62f61b1bb219e5dfe9,947927,danangtrip/tours/vmtravel-central-025-paradise-cave-tour-from-hue-explore-nature-s-masterpiece/tour-030__vmtravel-central-025-paradise-cave-tour-from-hue-explore-nature-s-masterpiece__p02__vmtravel-paradise-cave-tour,image,image/jpeg,,,jpg,650,,https://vmtravel.com/wp-content/uploads/2024/08/paradise-cave-tour.jpg,False,tour-030__vmtravel-central-025-paradise-cave-tour-from-hue-explore-nature-s-masterpiece__p02__vmtravel-paradise-cave-tour.jpg,D:\DATN\DATN_Tài liệu\data-center\media-assets\cloudinary-staging\tours\2026-06-07-verified-real-tours\originals\tour-030__vmtravel-central-025-paradise-cave-tour-from-hue-explore-nature-s-masterpiece__p02__vmtravel-paradise-cave-tour.jpg,2,,,vmtravel,,,danangtrip/tours/vmtravel-central-025-paradise-cave-tour-from-hue-explore-nature-s-masterpiece/tour-030__vmtravel-central-025-paradise-cave-tour-from-hue-explore-nature-s-masterpiece__p02__vmtravel-paradise-cave-tour,Downloaded from operator source page; verify reuse permission before production publication.,https://res.cloudinary.com/dmukxquza/image/upload/v1780804955/danangtrip/tours/vmtravel-central-025-paradise-cave-tour-from-hue-explore-nature-s-masterpiece/tour-030__vmtravel-central-025-paradise-cave-tour-from-hue-explore-nature-s-masterpiece__p02__vmtravel-paradise-cave-tour.jpg,7c7f81a2590ef7b5ff8573ba1f746999f76bbdddc48bc4f716fe3f019972f860,https://vmtravel.com/tours/paradise-cave-tour-from-hue/,already_downloaded,Paradise Cave Tour From Hue - Explore Nature's Masterpiece,vmtravel-central-025-paradise-cave-tour-from-hue-explore-nature-s-masterpiece,,uploaded,1780804955,950,30
ef89423cfb2941dbbaf4a509ddcb6609,712715,danangtrip/tours/vmtravel-central-025-paradise-cave-tour-from-hue-explore-nature-s-masterpiece/tour-030__vmtravel-central-025-paradise-cave-tour-from-hue-explore-nature-s-masterpiece__p03__vmtravel-phong-nha-caves,image,image/jpeg,,,jpg,650,,https://vmtravel.com/wp-content/uploads/2023/07/Phong-Nha-Caves.jpg,False,tour-030__vmtravel-central-025-paradise-cave-tour-from-hue-explore-nature-s-masterpiece__p03__vmtravel-phong-nha-caves.jpg,D:\DATN\DATN_Tài liệu\data-center\media-assets\cloudinary-staging\tours\2026-06-07-verified-real-tours\originals\tour-030__vmtravel-central-025-paradise-cave-tour-from-hue-explore-nature-s-masterpiece__p03__vmtravel-phong-nha-caves.jpg,3,,,vmtravel,,,danangtrip/tours/vmtravel-central-025-paradise-cave-tour-from-hue-explore-nature-s-masterpiece/tour-030__vmtravel-central-025-paradise-cave-tour-from-hue-explore-nature-s-masterpiece__p03__vmtravel-phong-nha-caves,Downloaded from operator source page; verify reuse permission before production publication.,https://res.cloudinary.com/dmukxquza/image/upload/v1780804959/danangtrip/tours/vmtravel-central-025-paradise-cave-tour-from-hue-explore-nature-s-masterpiece/tour-030__vmtravel-central-025-paradise-cave-tour-from-hue-explore-nature-s-masterpiece__p03__vmtravel-phong-nha-caves.jpg,5264a2cf8026c4555c252399f049cf75ba725e6054105bc5d1271fffe7f34c29,https://vmtravel.com/tours/paradise-cave-tour-from-hue/,already_downloaded,Paradise Cave Tour From Hue - Explore Nature's Masterpiece,vmtravel-central-025-paradise-cave-tour-from-hue-explore-nature-s-masterpiece,,uploaded,1780804959,950,30
