category_slug,cloudinary_public_id,download_message,external_id,image_url,local_file,local_path,location_id,location_name,location_slug,location_status,photo_id,photo_index,photographer,photographer_url,provider,provider_page_url,source_url,status,thumbnail_url
khach-san-homestay,danangtrip/locations/139nguyen-ducedm/loc-113__139nguyen-ducedm__p01,,osm-node-7143487885,https://images.pexels.com/photos/6875472/pexels-photo-6875472.jpeg?auto=compress&cs=tinysrgb&dpr=2&h=650&w=940,loc-113__139nguyen-ducedm__osm-node-7143487885__p01__pexels-6875472.jpg,D:\DATN\DATN_Tài liệu\data-center\media-assets\cloudinary-staging\locations\2026-06-04-overpass-published-inactive\originals\loc-113__139nguyen-ducedm__osm-node-7143487885__p01__pexels-6875472.jpg,113,139nguyen ducedm,139nguyen-ducedm,inactive,6875472,1,Quang Nguyen Vinh,https://www.pexels.com/@quang-nguyen-vinh-222549,pexels,https://www.pexels.com/photo/aerial-view-of-city-buildings-near-the-ocean-6875472/,https://www.openstreetmap.org/node/7143487885,already_downloaded,https://images.pexels.com/photos/6875472/pexels-photo-6875472.jpeg?auto=compress&cs=tinysrgb&h=350
khach-san-homestay,danangtrip/locations/4-seasons-danang-hostel/loc-114__4-seasons-danang-hostel__p01,,osm-node-5893704690,https://images.pexels.com/photos/26550067/pexels-photo-26550067.jpeg?auto=compress&cs=tinysrgb&dpr=2&h=650&w=940,loc-114__4-seasons-danang-hostel__osm-node-5893704690__p01__pexels-26550067.jpg,D:\DATN\DATN_Tài liệu\data-center\media-assets\cloudinary-staging\locations\2026-06-04-overpass-published-inactive\originals\loc-114__4-seasons-danang-hostel__osm-node-5893704690__p01__pexels-26550067.jpg,114,4 Seasons Danang Hostel,4-seasons-danang-hostel,inactive,26550067,1,Pragyan Bezbaruah,https://www.pexels.com/@pragyanbezbo,pexels,https://www.pexels.com/photo/da-nang-city-name-at-beach-26550067/,https://www.openstreetmap.org/node/5893704690,already_downloaded,https://images.pexels.com/photos/26550067/pexels-photo-26550067.jpeg?auto=compress&cs=tinysrgb&h=350
am-thuc-dia-phuong,danangtrip/locations/a-nang-com-chay-2/loc-115__a-nang-com-chay-2__p01,,osm-node-5804107053,https://images.pexels.com/photos/32831392/pexels-photo-32831392.jpeg?auto=compress&cs=tinysrgb&dpr=2&h=650&w=940,loc-115__a-nang-com-chay-2__osm-node-5804107053__p01__pexels-32831392.jpg,D:\DATN\DATN_Tài liệu\data-center\media-assets\cloudinary-staging\locations\2026-06-04-overpass-published-inactive\originals\loc-115__a-nang-com-chay-2__osm-node-5804107053__p01__pexels-32831392.jpg,115,a Nang Com Chay 2,a-nang-com-chay-2,inactive,32831392,1,Tuan Vy,https://www.pexels.com/@tuan-vy-903011268,pexels,https://www.pexels.com/photo/street-view-of-vietnamese-restaurant-with-motorbikes-32831392/,https://www.openstreetmap.org/node/5804107053,already_downloaded,https://images.pexels.com/photos/32831392/pexels-photo-32831392.jpeg?auto=compress&cs=tinysrgb&h=350
am-thuc-dia-phuong,danangtrip/locations/a-tri/loc-116__a-tri__p01,,osm-node-5911447385,https://images.pexels.com/photos/32831392/pexels-photo-32831392.jpeg?auto=compress&cs=tinysrgb&dpr=2&h=650&w=940,loc-116__a-tri__osm-node-5911447385__p01__pexels-32831392.jpg,D:\DATN\DATN_Tài liệu\data-center\media-assets\cloudinary-staging\locations\2026-06-04-overpass-published-inactive\originals\loc-116__a-tri__osm-node-5911447385__p01__pexels-32831392.jpg,116,A tri,a-tri,inactive,32831392,1,Tuan Vy,https://www.pexels.com/@tuan-vy-903011268,pexels,https://www.pexels.com/photo/street-view-of-vietnamese-restaurant-with-motorbikes-32831392/,https://www.openstreetmap.org/node/5911447385,already_downloaded,https://images.pexels.com/photos/32831392/pexels-photo-32831392.jpeg?auto=compress&cs=tinysrgb&h=350
khach-san-homestay,danangtrip/locations/adela/loc-117__adela__p01,,osm-node-12163654196,https://images.pexels.com/photos/6875472/pexels-photo-6875472.jpeg?auto=compress&cs=tinysrgb&dpr=2&h=650&w=940,loc-117__adela__osm-node-12163654196__p01__pexels-6875472.jpg,D:\DATN\DATN_Tài liệu\data-center\media-assets\cloudinary-staging\locations\2026-06-04-overpass-published-inactive\originals\loc-117__adela__osm-node-12163654196__p01__pexels-6875472.jpg,117,Adela,adela,inactive,6875472,1,Quang Nguyen Vinh,https://www.pexels.com/@quang-nguyen-vinh-222549,pexels,https://www.pexels.com/photo/aerial-view-of-city-buildings-near-the-ocean-6875472/,https://www.openstreetmap.org/node/12163654196,already_downloaded,https://images.pexels.com/photos/6875472/pexels-photo-6875472.jpeg?auto=compress&cs=tinysrgb&h=350
khach-san-homestay,danangtrip/locations/altara-suites/loc-118__altara-suites__p01,,osm-node-12030866669,https://images.pexels.com/photos/6875472/pexels-photo-6875472.jpeg?auto=compress&cs=tinysrgb&dpr=2&h=650&w=940,loc-118__altara-suites__osm-node-12030866669__p01__pexels-6875472.jpg,D:\DATN\DATN_Tài liệu\data-center\media-assets\cloudinary-staging\locations\2026-06-04-overpass-published-inactive\originals\loc-118__altara-suites__osm-node-12030866669__p01__pexels-6875472.jpg,118,Altara Suites,altara-suites,inactive,6875472,1,Quang Nguyen Vinh,https://www.pexels.com/@quang-nguyen-vinh-222549,pexels,https://www.pexels.com/photo/aerial-view-of-city-buildings-near-the-ocean-6875472/,https://www.openstreetmap.org/node/12030866669,already_downloaded,https://images.pexels.com/photos/6875472/pexels-photo-6875472.jpeg?auto=compress&cs=tinysrgb&h=350
khach-san-homestay,danangtrip/locations/alyssa-hotel/loc-119__alyssa-hotel__p01,,osm-node-11888983269,https://images.pexels.com/photos/1207515/pexels-photo-1207515.jpeg?auto=compress&cs=tinysrgb&dpr=2&h=650&w=940,loc-119__alyssa-hotel__osm-node-11888983269__p01__pexels-1207515.jpg,D:\DATN\DATN_Tài liệu\data-center\media-assets\cloudinary-staging\locations\2026-06-04-overpass-published-inactive\originals\loc-119__alyssa-hotel__osm-node-11888983269__p01__pexels-1207515.jpg,119,Alyssa hotel,alyssa-hotel,inactive,1207515,1,Min An,https://www.pexels.com/@minan1398,pexels,https://www.pexels.com/photo/concrete-structures-next-to-each-other-1207515/,https://www.openstreetmap.org/node/11888983269,already_downloaded,https://images.pexels.com/photos/1207515/pexels-photo-1207515.jpeg?auto=compress&cs=tinysrgb&h=350
khach-san-homestay,danangtrip/locations/aria-da-nang/loc-120__aria-da-nang__p01,,osm-node-9243903065,https://images.pexels.com/photos/6875472/pexels-photo-6875472.jpeg?auto=compress&cs=tinysrgb&dpr=2&h=650&w=940,loc-120__aria-da-nang__osm-node-9243903065__p01__pexels-6875472.jpg,D:\DATN\DATN_Tài liệu\data-center\media-assets\cloudinary-staging\locations\2026-06-04-overpass-published-inactive\originals\loc-120__aria-da-nang__osm-node-9243903065__p01__pexels-6875472.jpg,120,Aria Da Nang,aria-da-nang,inactive,6875472,1,Quang Nguyen Vinh,https://www.pexels.com/@quang-nguyen-vinh-222549,pexels,https://www.pexels.com/photo/aerial-view-of-city-buildings-near-the-ocean-6875472/,https://www.openstreetmap.org/node/9243903065,already_downloaded,https://images.pexels.com/photos/6875472/pexels-photo-6875472.jpeg?auto=compress&cs=tinysrgb&h=350
bao-tang-di-tich,danangtrip/locations/art-in-paradise-da-nang-3d-museum/loc-121__art-in-paradise-da-nang-3d-museum__p01,,osm-node-5817580453,https://images.pexels.com/photos/4160742/pexels-photo-4160742.jpeg?auto=compress&cs=tinysrgb&dpr=2&h=650&w=940,loc-121__art-in-paradise-da-nang-3d-museum__osm-node-5817580453__p01__pexels-4160742.jpg,D:\DATN\DATN_Tài liệu\data-center\media-assets\cloudinary-staging\locations\2026-06-04-overpass-published-inactive\originals\loc-121__art-in-paradise-da-nang-3d-museum__osm-node-5817580453__p01__pexels-4160742.jpg,121,Art in Paradise Da Nang 3D Museum,art-in-paradise-da-nang-3d-museum,inactive,4160742,1,HONG SON,https://www.pexels.com/@hson,pexels,https://www.pexels.com/photo/young-happy-woman-resting-near-entrance-of-modern-building-4160742/,https://www.openstreetmap.org/node/5817580453,already_downloaded,https://images.pexels.com/photos/4160742/pexels-photo-4160742.jpeg?auto=compress&cs=tinysrgb&h=350
am-thuc-dia-phuong,danangtrip/locations/babylon-steakgarden/loc-122__babylon-steakgarden__p01,,osm-node-4352266089,https://images.pexels.com/photos/37578551/pexels-photo-37578551.jpeg?auto=compress&cs=tinysrgb&dpr=2&h=650&w=940,loc-122__babylon-steakgarden__osm-node-4352266089__p01__pexels-37578551.jpg,D:\DATN\DATN_Tài liệu\data-center\media-assets\cloudinary-staging\locations\2026-06-04-overpass-published-inactive\originals\loc-122__babylon-steakgarden__osm-node-4352266089__p01__pexels-37578551.jpg,122,Babylon Steakgarden,babylon-steakgarden,inactive,37578551,1,Nha van,https://www.pexels.com/@nhavan,pexels,https://www.pexels.com/photo/joyful-dining-experience-in-da-nang-vietnam-37578551/,https://www.openstreetmap.org/node/4352266089,already_downloaded,https://images.pexels.com/photos/37578551/pexels-photo-37578551.jpeg?auto=compress&cs=tinysrgb&h=350
check-in-noi-tieng,danangtrip/locations/bai-bien-my-khe/loc-123__bai-bien-my-khe__p01,downloaded:136240,osm-relation-19000664,https://images.pexels.com/photos/32428875/pexels-photo-32428875.jpeg?auto=compress&cs=tinysrgb&dpr=2&h=650&w=940,loc-123__bai-bien-my-khe__osm-relation-19000664__p01__pexels-32428875.jpg,D:\DATN\DATN_Tài liệu\data-center\media-assets\cloudinary-staging\locations\2026-06-04-overpass-published-inactive\originals\loc-123__bai-bien-my-khe__osm-relation-19000664__p01__pexels-32428875.jpg,123,Bai bien My Khe,bai-bien-my-khe,inactive,32428875,1,one second before sunset,https://www.pexels.com/@onesecondbeforesunset,pexels,https://www.pexels.com/photo/scenic-beach-view-with-visitors-in-vietnam-32428875/,https://www.openstreetmap.org/relation/19000664,downloaded,https://images.pexels.com/photos/32428875/pexels-photo-32428875.jpeg?auto=compress&cs=tinysrgb&h=350
check-in-noi-tieng,danangtrip/locations/bai-bien-son-tra/loc-124__bai-bien-son-tra__p01,downloaded:337100,osm-node-12647208262,https://images.pexels.com/photos/20563034/pexels-photo-20563034.jpeg?auto=compress&cs=tinysrgb&dpr=2&h=650&w=940,loc-124__bai-bien-son-tra__osm-node-12647208262__p01__pexels-20563034.jpg,D:\DATN\DATN_Tài liệu\data-center\media-assets\cloudinary-staging\locations\2026-06-04-overpass-published-inactive\originals\loc-124__bai-bien-son-tra__osm-node-12647208262__p01__pexels-20563034.jpg,124,Bai Bien Son Tra,bai-bien-son-tra,inactive,20563034,1,Kirandeep Singh Walia,https://www.pexels.com/@kirandeepsingh,pexels,https://www.pexels.com/photo/a-city-by-a-sea-20563034/,https://www.openstreetmap.org/node/12647208262,downloaded,https://images.pexels.com/photos/20563034/pexels-photo-20563034.jpeg?auto=compress&cs=tinysrgb&h=350
check-in-noi-tieng,danangtrip/locations/bai-bien-tien-sa/loc-125__bai-bien-tien-sa__p01,downloaded:245719,osm-way-630377259,https://images.pexels.com/photos/26550067/pexels-photo-26550067.jpeg?auto=compress&cs=tinysrgb&dpr=2&h=650&w=940,loc-125__bai-bien-tien-sa__osm-way-630377259__p01__pexels-26550067.jpg,D:\DATN\DATN_Tài liệu\data-center\media-assets\cloudinary-staging\locations\2026-06-04-overpass-published-inactive\originals\loc-125__bai-bien-tien-sa__osm-way-630377259__p01__pexels-26550067.jpg,125,Bai bien Tien Sa,bai-bien-tien-sa,inactive,26550067,1,Pragyan Bezbaruah,https://www.pexels.com/@pragyanbezbo,pexels,https://www.pexels.com/photo/da-nang-city-name-at-beach-26550067/,https://www.openstreetmap.org/way/630377259,downloaded,https://images.pexels.com/photos/26550067/pexels-photo-26550067.jpeg?auto=compress&cs=tinysrgb&h=350
check-in-noi-tieng,danangtrip/locations/bai-tam-non-nuoc/loc-126__bai-tam-non-nuoc__p01,downloaded:367637,osm-way-1204900824,https://images.pexels.com/photos/16069032/pexels-photo-16069032.jpeg?auto=compress&cs=tinysrgb&dpr=2&h=650&w=940,loc-126__bai-tam-non-nuoc__osm-way-1204900824__p01__pexels-16069032.jpg,D:\DATN\DATN_Tài liệu\data-center\media-assets\cloudinary-staging\locations\2026-06-04-overpass-published-inactive\originals\loc-126__bai-tam-non-nuoc__osm-way-1204900824__p01__pexels-16069032.jpg,126,Bai tam Non Nuoc,bai-tam-non-nuoc,inactive,16069032,1,Linh Bo,https://www.pexels.com/@pulnb,pexels,https://www.pexels.com/photo/non-nuoc-pagoda-in-vietnam-16069032/,https://www.openstreetmap.org/way/1204900824,downloaded,https://images.pexels.com/photos/16069032/pexels-photo-16069032.jpeg?auto=compress&cs=tinysrgb&h=350
check-in-noi-tieng,danangtrip/locations/ban-co-peak/loc-127__ban-co-peak__p01,downloaded:395536,osm-node-1538334281,https://images.pexels.com/photos/14024061/pexels-photo-14024061.jpeg?auto=compress&cs=tinysrgb&dpr=2&h=650&w=940,loc-127__ban-co-peak__osm-node-1538334281__p01__pexels-14024061.jpg,D:\DATN\DATN_Tài liệu\data-center\media-assets\cloudinary-staging\locations\2026-06-04-overpass-published-inactive\originals\loc-127__ban-co-peak__osm-node-1538334281__p01__pexels-14024061.jpg,127,Ban Co Peak,ban-co-peak,inactive,14024061,1,Quang Nguyen Vinh,https://www.pexels.com/@quang-nguyen-vinh-222549,pexels,https://www.pexels.com/photo/city-at-the-sea-14024061/,https://www.openstreetmap.org/node/1538334281,downloaded,https://images.pexels.com/photos/14024061/pexels-photo-14024061.jpeg?auto=compress&cs=tinysrgb&h=350
am-thuc-dia-phuong,danangtrip/locations/banh-beo-291-nguyen-chi-thanh/loc-128__banh-beo-291-nguyen-chi-thanh__p01,downloaded:223528,osm-node-2988814633,https://images.pexels.com/photos/29677176/pexels-photo-29677176.jpeg?auto=compress&cs=tinysrgb&dpr=2&h=650&w=940,loc-128__banh-beo-291-nguyen-chi-thanh__osm-node-2988814633__p01__pexels-29677176.jpg,D:\DATN\DATN_Tài liệu\data-center\media-assets\cloudinary-staging\locations\2026-06-04-overpass-published-inactive\originals\loc-128__banh-beo-291-nguyen-chi-thanh__osm-node-2988814633__p01__pexels-29677176.jpg,128,Banh beo 291 Nguyen Chi Thanh,banh-beo-291-nguyen-chi-thanh,inactive,29677176,1,Vo Van Tien,https://www.pexels.com/@vo-van-ti-n-2037497312,pexels,https://www.pexels.com/photo/vietnamese-banh-beo-with-savory-toppings-29677176/,https://www.openstreetmap.org/node/2988814633,downloaded,https://images.pexels.com/photos/29677176/pexels-photo-29677176.jpeg?auto=compress&cs=tinysrgb&h=350
am-thuc-dia-phuong,danangtrip/locations/banh-mi/loc-129__banh-mi__p01,downloaded:498070,osm-node-4656790491,https://images.pexels.com/photos/32961655/pexels-photo-32961655.jpeg?auto=compress&cs=tinysrgb&dpr=2&h=650&w=940,loc-129__banh-mi__osm-node-4656790491__p01__pexels-32961655.jpg,D:\DATN\DATN_Tài liệu\data-center\media-assets\cloudinary-staging\locations\2026-06-04-overpass-published-inactive\originals\loc-129__banh-mi__osm-node-4656790491__p01__pexels-32961655.jpg,129,Banh mi,banh-mi,inactive,32961655,1,Hau Mai,https://www.pexels.com/@h-u-mai-2153907229,pexels,https://www.pexels.com/photo/delicious-vietnamese-banh-mi-on-newspaper-32961655/,https://www.openstreetmap.org/node/4656790491,downloaded,https://images.pexels.com/photos/32961655/pexels-photo-32961655.jpeg?auto=compress&cs=tinysrgb&h=350
am-thuc-dia-phuong,danangtrip/locations/banh-mi-cham-pate/loc-130__banh-mi-cham-pate__p01,downloaded:286561,osm-node-6152597685,https://images.pexels.com/photos/32961654/pexels-photo-32961654.jpeg?auto=compress&cs=tinysrgb&dpr=2&h=650&w=940,loc-130__banh-mi-cham-pate__osm-node-6152597685__p01__pexels-32961654.jpg,D:\DATN\DATN_Tài liệu\data-center\media-assets\cloudinary-staging\locations\2026-06-04-overpass-published-inactive\originals\loc-130__banh-mi-cham-pate__osm-node-6152597685__p01__pexels-32961654.jpg,130,Banh mi cham Pate,banh-mi-cham-pate,inactive,32961654,1,Hau Mai,https://www.pexels.com/@h-u-mai-2153907229,pexels,https://www.pexels.com/photo/delicious-vietnamese-banh-mi-sandwich-on-newspaper-32961654/,https://www.openstreetmap.org/node/6152597685,downloaded,https://images.pexels.com/photos/32961654/pexels-photo-32961654.jpeg?auto=compress&cs=tinysrgb&h=350
am-thuc-dia-phuong,danangtrip/locations/banh-xeo-ba-duong/loc-131__banh-xeo-ba-duong__p01,downloaded:391871,osm-node-4541527689,https://images.pexels.com/photos/32831392/pexels-photo-32831392.jpeg?auto=compress&cs=tinysrgb&dpr=2&h=650&w=940,loc-131__banh-xeo-ba-duong__osm-node-4541527689__p01__pexels-32831392.jpg,D:\DATN\DATN_Tài liệu\data-center\media-assets\cloudinary-staging\locations\2026-06-04-overpass-published-inactive\originals\loc-131__banh-xeo-ba-duong__osm-node-4541527689__p01__pexels-32831392.jpg,131,Banh Xeo Ba Duong,banh-xeo-ba-duong,inactive,32831392,1,Tuan Vy,https://www.pexels.com/@tuan-vy-903011268,pexels,https://www.pexels.com/photo/street-view-of-vietnamese-restaurant-with-motorbikes-32831392/,https://www.openstreetmap.org/node/4541527689,downloaded,https://images.pexels.com/photos/32831392/pexels-photo-32831392.jpeg?auto=compress&cs=tinysrgb&h=350
am-thuc-dia-phuong,danangtrip/locations/bao-an-macrobiotic/loc-132__bao-an-macrobiotic__p01,downloaded:391871,osm-node-5947469393,https://images.pexels.com/photos/32831392/pexels-photo-32831392.jpeg?auto=compress&cs=tinysrgb&dpr=2&h=650&w=940,loc-132__bao-an-macrobiotic__osm-node-5947469393__p01__pexels-32831392.jpg,D:\DATN\DATN_Tài liệu\data-center\media-assets\cloudinary-staging\locations\2026-06-04-overpass-published-inactive\originals\loc-132__bao-an-macrobiotic__osm-node-5947469393__p01__pexels-32831392.jpg,132,Bao An Macrobiotic,bao-an-macrobiotic,inactive,32831392,1,Tuan Vy,https://www.pexels.com/@tuan-vy-903011268,pexels,https://www.pexels.com/photo/street-view-of-vietnamese-restaurant-with-motorbikes-32831392/,https://www.openstreetmap.org/node/5947469393,downloaded,https://images.pexels.com/photos/32831392/pexels-photo-32831392.jpeg?auto=compress&cs=tinysrgb&h=350
bao-tang-di-tich,danangtrip/locations/bao-tang-da-nang/loc-133__bao-tang-da-nang__p01,downloaded:306213,osm-way-302618031,https://images.pexels.com/photos/4160742/pexels-photo-4160742.jpeg?auto=compress&cs=tinysrgb&dpr=2&h=650&w=940,loc-133__bao-tang-da-nang__osm-way-302618031__p01__pexels-4160742.jpg,D:\DATN\DATN_Tài liệu\data-center\media-assets\cloudinary-staging\locations\2026-06-04-overpass-published-inactive\originals\loc-133__bao-tang-da-nang__osm-way-302618031__p01__pexels-4160742.jpg,133,Bao tang Da Nang,bao-tang-da-nang,inactive,4160742,1,HONG SON,https://www.pexels.com/@hson,pexels,https://www.pexels.com/photo/young-happy-woman-resting-near-entrance-of-modern-building-4160742/,https://www.openstreetmap.org/way/302618031,downloaded,https://images.pexels.com/photos/4160742/pexels-photo-4160742.jpeg?auto=compress&cs=tinysrgb&h=350
bao-tang-di-tich,danangtrip/locations/bao-tang-ho-chi-minh/loc-134__bao-tang-ho-chi-minh__p01,downloaded:306213,osm-way-303341669,https://images.pexels.com/photos/4160742/pexels-photo-4160742.jpeg?auto=compress&cs=tinysrgb&dpr=2&h=650&w=940,loc-134__bao-tang-ho-chi-minh__osm-way-303341669__p01__pexels-4160742.jpg,D:\DATN\DATN_Tài liệu\data-center\media-assets\cloudinary-staging\locations\2026-06-04-overpass-published-inactive\originals\loc-134__bao-tang-ho-chi-minh__osm-way-303341669__p01__pexels-4160742.jpg,134,Bao tang Ho Chi Minh,bao-tang-ho-chi-minh,inactive,4160742,1,HONG SON,https://www.pexels.com/@hson,pexels,https://www.pexels.com/photo/young-happy-woman-resting-near-entrance-of-modern-building-4160742/,https://www.openstreetmap.org/way/303341669,downloaded,https://images.pexels.com/photos/4160742/pexels-photo-4160742.jpeg?auto=compress&cs=tinysrgb&h=350
bao-tang-di-tich,danangtrip/locations/bao-tang-phat-giao/loc-135__bao-tang-phat-giao__p01,downloaded:306213,osm-node-8474743417,https://images.pexels.com/photos/4160742/pexels-photo-4160742.jpeg?auto=compress&cs=tinysrgb&dpr=2&h=650&w=940,loc-135__bao-tang-phat-giao__osm-node-8474743417__p01__pexels-4160742.jpg,D:\DATN\DATN_Tài liệu\data-center\media-assets\cloudinary-staging\locations\2026-06-04-overpass-published-inactive\originals\loc-135__bao-tang-phat-giao__osm-node-8474743417__p01__pexels-4160742.jpg,135,Bao tang Phat giao,bao-tang-phat-giao,inactive,4160742,1,HONG SON,https://www.pexels.com/@hson,pexels,https://www.pexels.com/photo/young-happy-woman-resting-near-entrance-of-modern-building-4160742/,https://www.openstreetmap.org/node/8474743417,downloaded,https://images.pexels.com/photos/4160742/pexels-photo-4160742.jpeg?auto=compress&cs=tinysrgb&h=350
bao-tang-di-tich,danangtrip/locations/bao-tang-quan-khu-5/loc-136__bao-tang-quan-khu-5__p01,downloaded:306213,osm-way-118691767,https://images.pexels.com/photos/4160742/pexels-photo-4160742.jpeg?auto=compress&cs=tinysrgb&dpr=2&h=650&w=940,loc-136__bao-tang-quan-khu-5__osm-way-118691767__p01__pexels-4160742.jpg,D:\DATN\DATN_Tài liệu\data-center\media-assets\cloudinary-staging\locations\2026-06-04-overpass-published-inactive\originals\loc-136__bao-tang-quan-khu-5__osm-way-118691767__p01__pexels-4160742.jpg,136,Bao tang Quan khu 5,bao-tang-quan-khu-5,inactive,4160742,1,HONG SON,https://www.pexels.com/@hson,pexels,https://www.pexels.com/photo/young-happy-woman-resting-near-entrance-of-modern-building-4160742/,https://www.openstreetmap.org/way/118691767,downloaded,https://images.pexels.com/photos/4160742/pexels-photo-4160742.jpeg?auto=compress&cs=tinysrgb&h=350
khach-san-homestay,danangtrip/locations/barney-s-danang-backpacker-s-hostel/loc-137__barney-s-danang-backpacker-s-hostel__p01,downloaded:322828,osm-node-4483622590,https://images.pexels.com/photos/1207515/pexels-photo-1207515.jpeg?auto=compress&cs=tinysrgb&dpr=2&h=650&w=940,loc-137__barney-s-danang-backpacker-s-hostel__osm-node-4483622590__p01__pexels-1207515.jpg,D:\DATN\DATN_Tài liệu\data-center\media-assets\cloudinary-staging\locations\2026-06-04-overpass-published-inactive\originals\loc-137__barney-s-danang-backpacker-s-hostel__osm-node-4483622590__p01__pexels-1207515.jpg,137,Barney's Danang Backpacker's Hostel,barney-s-danang-backpacker-s-hostel,inactive,1207515,1,Min An,https://www.pexels.com/@minan1398,pexels,https://www.pexels.com/photo/concrete-structures-next-to-each-other-1207515/,https://www.openstreetmap.org/node/4483622590,downloaded,https://images.pexels.com/photos/1207515/pexels-photo-1207515.jpeg?auto=compress&cs=tinysrgb&h=350
am-thuc-dia-phuong,danangtrip/locations/be-thui/loc-138__be-thui__p01,downloaded:391871,osm-node-4118223691,https://images.pexels.com/photos/32831392/pexels-photo-32831392.jpeg?auto=compress&cs=tinysrgb&dpr=2&h=650&w=940,loc-138__be-thui__osm-node-4118223691__p01__pexels-32831392.jpg,D:\DATN\DATN_Tài liệu\data-center\media-assets\cloudinary-staging\locations\2026-06-04-overpass-published-inactive\originals\loc-138__be-thui__osm-node-4118223691__p01__pexels-32831392.jpg,138,Be thui,be-thui,inactive,32831392,1,Tuan Vy,https://www.pexels.com/@tuan-vy-903011268,pexels,https://www.pexels.com/photo/street-view-of-vietnamese-restaurant-with-motorbikes-32831392/,https://www.openstreetmap.org/node/4118223691,downloaded,https://images.pexels.com/photos/32831392/pexels-photo-32831392.jpeg?auto=compress&cs=tinysrgb&h=350
am-thuc-dia-phuong,danangtrip/locations/be-thui-100/loc-139__be-thui-100__p01,downloaded:391871,osm-node-4109054391,https://images.pexels.com/photos/32831392/pexels-photo-32831392.jpeg?auto=compress&cs=tinysrgb&dpr=2&h=650&w=940,loc-139__be-thui-100__osm-node-4109054391__p01__pexels-32831392.jpg,D:\DATN\DATN_Tài liệu\data-center\media-assets\cloudinary-staging\locations\2026-06-04-overpass-published-inactive\originals\loc-139__be-thui-100__osm-node-4109054391__p01__pexels-32831392.jpg,139,be thui 100,be-thui-100,inactive,32831392,1,Tuan Vy,https://www.pexels.com/@tuan-vy-903011268,pexels,https://www.pexels.com/photo/street-view-of-vietnamese-restaurant-with-motorbikes-32831392/,https://www.openstreetmap.org/node/4109054391,downloaded,https://images.pexels.com/photos/32831392/pexels-photo-32831392.jpeg?auto=compress&cs=tinysrgb&h=350
khach-san-homestay,danangtrip/locations/bella-boutique-villa/loc-140__bella-boutique-villa__p01,downloaded:322828,osm-node-6313525388,https://images.pexels.com/photos/1207515/pexels-photo-1207515.jpeg?auto=compress&cs=tinysrgb&dpr=2&h=650&w=940,loc-140__bella-boutique-villa__osm-node-6313525388__p01__pexels-1207515.jpg,D:\DATN\DATN_Tài liệu\data-center\media-assets\cloudinary-staging\locations\2026-06-04-overpass-published-inactive\originals\loc-140__bella-boutique-villa__osm-node-6313525388__p01__pexels-1207515.jpg,140,bella boutique Villa,bella-boutique-villa,inactive,1207515,1,Min An,https://www.pexels.com/@minan1398,pexels,https://www.pexels.com/photo/concrete-structures-next-to-each-other-1207515/,https://www.openstreetmap.org/node/6313525388,downloaded,https://images.pexels.com/photos/1207515/pexels-photo-1207515.jpeg?auto=compress&cs=tinysrgb&h=350
khach-san-homestay,danangtrip/locations/bien-vang-hotel/loc-141__bien-vang-hotel__p01,downloaded:158175,osm-node-4401174794,https://images.pexels.com/photos/28226576/pexels-photo-28226576.png?auto=compress&cs=tinysrgb&dpr=2&h=650&w=940,loc-141__bien-vang-hotel__osm-node-4401174794__p01__pexels-28226576.jpg,D:\DATN\DATN_Tài liệu\data-center\media-assets\cloudinary-staging\locations\2026-06-04-overpass-published-inactive\originals\loc-141__bien-vang-hotel__osm-node-4401174794__p01__pexels-28226576.jpg,141,Bien Vang Hotel,bien-vang-hotel,inactive,28226576,1,Tran Tran,https://www.pexels.com/@ola88,pexels,https://www.pexels.com/photo/danang-vietnam-28226576/,https://www.openstreetmap.org/node/4401174794,downloaded,https://images.pexels.com/photos/28226576/pexels-photo-28226576.png?auto=compress&cs=tinysrgb&h=350
am-thuc-dia-phuong,danangtrip/locations/bo-ne-quoc-minh/loc-142__bo-ne-quoc-minh__p01,downloaded:391871,osm-node-4755650721,https://images.pexels.com/photos/32831392/pexels-photo-32831392.jpeg?auto=compress&cs=tinysrgb&dpr=2&h=650&w=940,loc-142__bo-ne-quoc-minh__osm-node-4755650721__p01__pexels-32831392.jpg,D:\DATN\DATN_Tài liệu\data-center\media-assets\cloudinary-staging\locations\2026-06-04-overpass-published-inactive\originals\loc-142__bo-ne-quoc-minh__osm-node-4755650721__p01__pexels-32831392.jpg,142,Bo Ne Quoc Minh,bo-ne-quoc-minh,inactive,32831392,1,Tuan Vy,https://www.pexels.com/@tuan-vy-903011268,pexels,https://www.pexels.com/photo/street-view-of-vietnamese-restaurant-with-motorbikes-32831392/,https://www.openstreetmap.org/node/4755650721,downloaded,https://images.pexels.com/photos/32831392/pexels-photo-32831392.jpeg?auto=compress&cs=tinysrgb&h=350
am-thuc-dia-phuong,danangtrip/locations/bun-bo-ba-dieu/loc-143__bun-bo-ba-dieu__p01,downloaded:391871,osm-node-6147088185,https://images.pexels.com/photos/32831392/pexels-photo-32831392.jpeg?auto=compress&cs=tinysrgb&dpr=2&h=650&w=940,loc-143__bun-bo-ba-dieu__osm-node-6147088185__p01__pexels-32831392.jpg,D:\DATN\DATN_Tài liệu\data-center\media-assets\cloudinary-staging\locations\2026-06-04-overpass-published-inactive\originals\loc-143__bun-bo-ba-dieu__osm-node-6147088185__p01__pexels-32831392.jpg,143,Bun Bo Ba Dieu,bun-bo-ba-dieu,inactive,32831392,1,Tuan Vy,https://www.pexels.com/@tuan-vy-903011268,pexels,https://www.pexels.com/photo/street-view-of-vietnamese-restaurant-with-motorbikes-32831392/,https://www.openstreetmap.org/node/6147088185,downloaded,https://images.pexels.com/photos/32831392/pexels-photo-32831392.jpeg?auto=compress&cs=tinysrgb&h=350
am-thuc-dia-phuong,danangtrip/locations/bun-cha-ca-109/loc-144__bun-cha-ca-109__p01,downloaded:391871,osm-node-5484764821,https://images.pexels.com/photos/32831392/pexels-photo-32831392.jpeg?auto=compress&cs=tinysrgb&dpr=2&h=650&w=940,loc-144__bun-cha-ca-109__osm-node-5484764821__p01__pexels-32831392.jpg,D:\DATN\DATN_Tài liệu\data-center\media-assets\cloudinary-staging\locations\2026-06-04-overpass-published-inactive\originals\loc-144__bun-cha-ca-109__osm-node-5484764821__p01__pexels-32831392.jpg,144,Bun cha ca 109,bun-cha-ca-109,inactive,32831392,1,Tuan Vy,https://www.pexels.com/@tuan-vy-903011268,pexels,https://www.pexels.com/photo/street-view-of-vietnamese-restaurant-with-motorbikes-32831392/,https://www.openstreetmap.org/node/5484764821,downloaded,https://images.pexels.com/photos/32831392/pexels-photo-32831392.jpeg?auto=compress&cs=tinysrgb&h=350
am-thuc-dia-phuong,danangtrip/locations/bun-cha-ca-thuy/loc-145__bun-cha-ca-thuy__p01,downloaded:391871,osm-node-4080898314,https://images.pexels.com/photos/32831392/pexels-photo-32831392.jpeg?auto=compress&cs=tinysrgb&dpr=2&h=650&w=940,loc-145__bun-cha-ca-thuy__osm-node-4080898314__p01__pexels-32831392.jpg,D:\DATN\DATN_Tài liệu\data-center\media-assets\cloudinary-staging\locations\2026-06-04-overpass-published-inactive\originals\loc-145__bun-cha-ca-thuy__osm-node-4080898314__p01__pexels-32831392.jpg,145,Bun cha ca Thuy,bun-cha-ca-thuy,inactive,32831392,1,Tuan Vy,https://www.pexels.com/@tuan-vy-903011268,pexels,https://www.pexels.com/photo/street-view-of-vietnamese-restaurant-with-motorbikes-32831392/,https://www.openstreetmap.org/node/4080898314,downloaded,https://images.pexels.com/photos/32831392/pexels-photo-32831392.jpeg?auto=compress&cs=tinysrgb&h=350
am-thuc-dia-phuong,danangtrip/locations/bun-cha-hue-chi/loc-146__bun-cha-hue-chi__p01,downloaded:396513,osm-node-5123239421,https://images.pexels.com/photos/3858270/pexels-photo-3858270.jpeg?auto=compress&cs=tinysrgb&dpr=2&h=650&w=940,loc-146__bun-cha-hue-chi__osm-node-5123239421__p01__pexels-3858270.jpg,D:\DATN\DATN_Tài liệu\data-center\media-assets\cloudinary-staging\locations\2026-06-04-overpass-published-inactive\originals\loc-146__bun-cha-hue-chi__osm-node-5123239421__p01__pexels-3858270.jpg,146,Bun Cha Hue Chi,bun-cha-hue-chi,inactive,3858270,1,Markus Winkler,https://www.pexels.com/@markus-winkler-1430818,pexels,https://www.pexels.com/photo/bun-cha-served-on-a-winnowing-basket-3858270/,https://www.openstreetmap.org/node/5123239421,downloaded,https://images.pexels.com/photos/3858270/pexels-photo-3858270.jpeg?auto=compress&cs=tinysrgb&h=350
am-thuc-dia-phuong,danangtrip/locations/bun-mam-van/loc-147__bun-mam-van__p01,downloaded:391871,osm-node-6152685685,https://images.pexels.com/photos/32831392/pexels-photo-32831392.jpeg?auto=compress&cs=tinysrgb&dpr=2&h=650&w=940,loc-147__bun-mam-van__osm-node-6152685685__p01__pexels-32831392.jpg,D:\DATN\DATN_Tài liệu\data-center\media-assets\cloudinary-staging\locations\2026-06-04-overpass-published-inactive\originals\loc-147__bun-mam-van__osm-node-6152685685__p01__pexels-32831392.jpg,147,Bun Mam Van,bun-mam-van,inactive,32831392,1,Tuan Vy,https://www.pexels.com/@tuan-vy-903011268,pexels,https://www.pexels.com/photo/street-view-of-vietnamese-restaurant-with-motorbikes-32831392/,https://www.openstreetmap.org/node/6152685685,downloaded,https://images.pexels.com/photos/32831392/pexels-photo-32831392.jpeg?auto=compress&cs=tinysrgb&h=350
ca-phe-tra-sua,danangtrip/locations/ca-phe-that/loc-148__ca-phe-that__p01,downloaded:271095,osm-node-729406601,https://images.pexels.com/photos/17400479/pexels-photo-17400479.jpeg?auto=compress&cs=tinysrgb&dpr=2&h=650&w=940,loc-148__ca-phe-that__osm-node-729406601__p01__pexels-17400479.jpg,D:\DATN\DATN_Tài liệu\data-center\media-assets\cloudinary-staging\locations\2026-06-04-overpass-published-inactive\originals\loc-148__ca-phe-that__osm-node-729406601__p01__pexels-17400479.jpg,148,Ca phe That,ca-phe-that,inactive,17400479,1,Red Nguyen,https://www.pexels.com/@rednguyen,pexels,https://www.pexels.com/photo/rain-pouring-from-rooftop-17400479/,https://www.openstreetmap.org/node/729406601,downloaded,https://images.pexels.com/photos/17400479/pexels-photo-17400479.jpeg?auto=compress&cs=tinysrgb&h=350
ca-phe-tra-sua,danangtrip/locations/caphe-huy/loc-149__caphe-huy__p01,downloaded:271095,osm-node-729406580,https://images.pexels.com/photos/17400479/pexels-photo-17400479.jpeg?auto=compress&cs=tinysrgb&dpr=2&h=650&w=940,loc-149__caphe-huy__osm-node-729406580__p01__pexels-17400479.jpg,D:\DATN\DATN_Tài liệu\data-center\media-assets\cloudinary-staging\locations\2026-06-04-overpass-published-inactive\originals\loc-149__caphe-huy__osm-node-729406580__p01__pexels-17400479.jpg,149,CaPhe Huy,caphe-huy,inactive,17400479,1,Red Nguyen,https://www.pexels.com/@rednguyen,pexels,https://www.pexels.com/photo/rain-pouring-from-rooftop-17400479/,https://www.openstreetmap.org/node/729406580,downloaded,https://images.pexels.com/photos/17400479/pexels-photo-17400479.jpeg?auto=compress&cs=tinysrgb&h=350
check-in-noi-tieng,danangtrip/locations/cau-nguyen-van-troi-bridge/loc-150__cau-nguyen-van-troi-bridge__p01,downloaded:198977,osm-node-5276547123,https://images.pexels.com/photos/34373622/pexels-photo-34373622.jpeg?auto=compress&cs=tinysrgb&dpr=2&h=650&w=940,loc-150__cau-nguyen-van-troi-bridge__osm-node-5276547123__p01__pexels-34373622.jpg,D:\DATN\DATN_Tài liệu\data-center\media-assets\cloudinary-staging\locations\2026-06-04-overpass-published-inactive\originals\loc-150__cau-nguyen-van-troi-bridge__osm-node-5276547123__p01__pexels-34373622.jpg,150,Cau Nguyen Van Troi Bridge,cau-nguyen-van-troi-bridge,inactive,34373622,1,Giang Nguyen,https://www.pexels.com/@giang-nguy-n-2153075131,pexels,https://www.pexels.com/photo/serene-da-n-ng-bridge-at-sunset-reflected-in-water-34373622/,https://www.openstreetmap.org/node/5276547123,downloaded,https://images.pexels.com/photos/34373622/pexels-photo-34373622.jpeg?auto=compress&cs=tinysrgb&h=350
check-in-noi-tieng,danangtrip/locations/cau-song-han/loc-151__cau-song-han__p01,downloaded:295016,osm-node-7276380289,https://images.pexels.com/photos/26742032/pexels-photo-26742032.jpeg?auto=compress&cs=tinysrgb&dpr=2&h=650&w=940,loc-151__cau-song-han__osm-node-7276380289__p01__pexels-26742032.jpg,D:\DATN\DATN_Tài liệu\data-center\media-assets\cloudinary-staging\locations\2026-06-04-overpass-published-inactive\originals\loc-151__cau-song-han__osm-node-7276380289__p01__pexels-26742032.jpg,151,Cau Song Han,cau-song-han,inactive,26742032,1,kittbui,https://www.pexels.com/@kittbui-2131870,pexels,https://www.pexels.com/photo/woman-sitting-with-thuan-phuoc-bridge-behind-in-da-nang-in-vietnam-26742032/,https://www.openstreetmap.org/node/7276380289,downloaded,https://images.pexels.com/photos/26742032/pexels-photo-26742032.jpeg?auto=compress&cs=tinysrgb&h=350
check-in-noi-tieng,danangtrip/locations/cau-thuan-phuoc/loc-152__cau-thuan-phuoc__p01,downloaded:295016,osm-node-5273999121,https://images.pexels.com/photos/26742032/pexels-photo-26742032.jpeg?auto=compress&cs=tinysrgb&dpr=2&h=650&w=940,loc-152__cau-thuan-phuoc__osm-node-5273999121__p01__pexels-26742032.jpg,D:\DATN\DATN_Tài liệu\data-center\media-assets\cloudinary-staging\locations\2026-06-04-overpass-published-inactive\originals\loc-152__cau-thuan-phuoc__osm-node-5273999121__p01__pexels-26742032.jpg,152,Cau Thuan Phuoc,cau-thuan-phuoc,inactive,26742032,1,kittbui,https://www.pexels.com/@kittbui-2131870,pexels,https://www.pexels.com/photo/woman-sitting-with-thuan-phuoc-bridge-behind-in-da-nang-in-vietnam-26742032/,https://www.openstreetmap.org/node/5273999121,downloaded,https://images.pexels.com/photos/26742032/pexels-photo-26742032.jpeg?auto=compress&cs=tinysrgb&h=350
check-in-noi-tieng,danangtrip/locations/cau-tran-thi-ly/loc-153__cau-tran-thi-ly__p01,downloaded:237190,osm-node-5273998823,https://images.pexels.com/photos/20625803/pexels-photo-20625803.jpeg?auto=compress&cs=tinysrgb&dpr=2&h=650&w=940,loc-153__cau-tran-thi-ly__osm-node-5273998823__p01__pexels-20625803.jpg,D:\DATN\DATN_Tài liệu\data-center\media-assets\cloudinary-staging\locations\2026-06-04-overpass-published-inactive\originals\loc-153__cau-tran-thi-ly__osm-node-5273998823__p01__pexels-20625803.jpg,153,Cau Tran Thi Ly,cau-tran-thi-ly,inactive,20625803,1,LE QUOC VIET,https://www.pexels.com/@le-qu-c-vi-t-801512263,pexels,https://www.pexels.com/photo/cau-tran-th-ly-bridge-in-da-nang-20625803/,https://www.openstreetmap.org/node/5273998823,downloaded,https://images.pexels.com/photos/20625803/pexels-photo-20625803.jpeg?auto=compress&cs=tinysrgb&h=350
check-in-noi-tieng,danangtrip/locations/cau-vang/loc-154__cau-vang__p01,downloaded:237190,osm-way-683416736,https://images.pexels.com/photos/20625803/pexels-photo-20625803.jpeg?auto=compress&cs=tinysrgb&dpr=2&h=650&w=940,loc-154__cau-vang__osm-way-683416736__p01__pexels-20625803.jpg,D:\DATN\DATN_Tài liệu\data-center\media-assets\cloudinary-staging\locations\2026-06-04-overpass-published-inactive\originals\loc-154__cau-vang__osm-way-683416736__p01__pexels-20625803.jpg,154,Cau Vang,cau-vang,inactive,20625803,1,LE QUOC VIET,https://www.pexels.com/@le-qu-c-vi-t-801512263,pexels,https://www.pexels.com/photo/cau-tran-th-ly-bridge-in-da-nang-20625803/,https://www.openstreetmap.org/way/683416736,downloaded,https://images.pexels.com/photos/20625803/pexels-photo-20625803.jpeg?auto=compress&cs=tinysrgb&h=350
ca-phe-tra-sua,danangtrip/locations/caytao-coffee/loc-155__caytao-coffee__p01,downloaded:159857,osm-node-729406478,https://images.pexels.com/photos/32744958/pexels-photo-32744958.jpeg?auto=compress&cs=tinysrgb&dpr=2&h=650&w=940,loc-155__caytao-coffee__osm-node-729406478__p01__pexels-32744958.jpg,D:\DATN\DATN_Tài liệu\data-center\media-assets\cloudinary-staging\locations\2026-06-04-overpass-published-inactive\originals\loc-155__caytao-coffee__osm-node-729406478__p01__pexels-32744958.jpg,155,CayTao Coffee,caytao-coffee,inactive,32744958,1,Nha van,https://www.pexels.com/@nhavan,pexels,https://www.pexels.com/photo/cozy-cafe-table-with-vietnamese-iced-coffee-32744958/,https://www.openstreetmap.org/node/729406478,downloaded,https://images.pexels.com/photos/32744958/pexels-photo-32744958.jpeg?auto=compress&cs=tinysrgb&h=350
khach-san-homestay,danangtrip/locations/cents-hotel/loc-156__cents-hotel__p01,downloaded:492934,osm-node-5583697622,https://images.pexels.com/photos/6875472/pexels-photo-6875472.jpeg?auto=compress&cs=tinysrgb&dpr=2&h=650&w=940,loc-156__cents-hotel__osm-node-5583697622__p01__pexels-6875472.jpg,D:\DATN\DATN_Tài liệu\data-center\media-assets\cloudinary-staging\locations\2026-06-04-overpass-published-inactive\originals\loc-156__cents-hotel__osm-node-5583697622__p01__pexels-6875472.jpg,156,Cents Hotel,cents-hotel,inactive,6875472,1,Quang Nguyen Vinh,https://www.pexels.com/@quang-nguyen-vinh-222549,pexels,https://www.pexels.com/photo/aerial-view-of-city-buildings-near-the-ocean-6875472/,https://www.openstreetmap.org/node/5583697622,downloaded,https://images.pexels.com/photos/6875472/pexels-photo-6875472.jpeg?auto=compress&cs=tinysrgb&h=350
khach-san-homestay,danangtrip/locations/chachi-homestay/loc-157__chachi-homestay__p01,downloaded:501538,osm-node-5727675826,https://images.pexels.com/photos/5273872/pexels-photo-5273872.jpeg?auto=compress&cs=tinysrgb&dpr=2&h=650&w=940,loc-157__chachi-homestay__osm-node-5727675826__p01__pexels-5273872.jpg,D:\DATN\DATN_Tài liệu\data-center\media-assets\cloudinary-staging\locations\2026-06-04-overpass-published-inactive\originals\loc-157__chachi-homestay__osm-node-5727675826__p01__pexels-5273872.jpg,157,ChaChi homestay,chachi-homestay,inactive,5273872,1,Thanh Do,https://www.pexels.com/@dothanhyb,pexels,https://www.pexels.com/photo/nha-khach-hao-gia-hotel-5273872/,https://www.openstreetmap.org/node/5727675826,downloaded,https://images.pexels.com/photos/5273872/pexels-photo-5273872.jpeg?auto=compress&cs=tinysrgb&h=350
am-thuc-dia-phuong,danangtrip/locations/chao-dinh-duong-huyen-tram/loc-158__chao-dinh-duong-huyen-tram__p01,downloaded:391871,osm-node-6071963085,https://images.pexels.com/photos/32831392/pexels-photo-32831392.jpeg?auto=compress&cs=tinysrgb&dpr=2&h=650&w=940,loc-158__chao-dinh-duong-huyen-tram__osm-node-6071963085__p01__pexels-32831392.jpg,D:\DATN\DATN_Tài liệu\data-center\media-assets\cloudinary-staging\locations\2026-06-04-overpass-published-inactive\originals\loc-158__chao-dinh-duong-huyen-tram__osm-node-6071963085__p01__pexels-32831392.jpg,158,CHAO DINH DUONG HUYEN TRAM,chao-dinh-duong-huyen-tram,inactive,32831392,1,Tuan Vy,https://www.pexels.com/@tuan-vy-903011268,pexels,https://www.pexels.com/photo/street-view-of-vietnamese-restaurant-with-motorbikes-32831392/,https://www.openstreetmap.org/node/6071963085,downloaded,https://images.pexels.com/photos/32831392/pexels-photo-32831392.jpeg?auto=compress&cs=tinysrgb&h=350
am-thuc-dia-phuong,danangtrip/locations/che-thai-lien/loc-159__che-thai-lien__p01,downloaded:391871,osm-node-6151185387,https://images.pexels.com/photos/32831392/pexels-photo-32831392.jpeg?auto=compress&cs=tinysrgb&dpr=2&h=650&w=940,loc-159__che-thai-lien__osm-node-6151185387__p01__pexels-32831392.jpg,D:\DATN\DATN_Tài liệu\data-center\media-assets\cloudinary-staging\locations\2026-06-04-overpass-published-inactive\originals\loc-159__che-thai-lien__osm-node-6151185387__p01__pexels-32831392.jpg,159,Che Thai Lien,che-thai-lien,inactive,32831392,1,Tuan Vy,https://www.pexels.com/@tuan-vy-903011268,pexels,https://www.pexels.com/photo/street-view-of-vietnamese-restaurant-with-motorbikes-32831392/,https://www.openstreetmap.org/node/6151185387,downloaded,https://images.pexels.com/photos/32831392/pexels-photo-32831392.jpeg?auto=compress&cs=tinysrgb&h=350
khach-san-homestay,danangtrip/locations/cherry-hotel-apartments/loc-160__cherry-hotel-apartments__p01,downloaded:158175,osm-node-12145093701,https://images.pexels.com/photos/28226576/pexels-photo-28226576.png?auto=compress&cs=tinysrgb&dpr=2&h=650&w=940,loc-160__cherry-hotel-apartments__osm-node-12145093701__p01__pexels-28226576.jpg,D:\DATN\DATN_Tài liệu\data-center\media-assets\cloudinary-staging\locations\2026-06-04-overpass-published-inactive\originals\loc-160__cherry-hotel-apartments__osm-node-12145093701__p01__pexels-28226576.jpg,160,Cherry Hotel & Apartments,cherry-hotel-apartments,inactive,28226576,1,Tran Tran,https://www.pexels.com/@ola88,pexels,https://www.pexels.com/photo/danang-vietnam-28226576/,https://www.openstreetmap.org/node/12145093701,downloaded,https://images.pexels.com/photos/28226576/pexels-photo-28226576.png?auto=compress&cs=tinysrgb&h=350
khach-san-homestay,danangtrip/locations/chi-hoa/loc-161__chi-hoa__p01,downloaded:501538,osm-node-5249863422,https://images.pexels.com/photos/5273872/pexels-photo-5273872.jpeg?auto=compress&cs=tinysrgb&dpr=2&h=650&w=940,loc-161__chi-hoa__osm-node-5249863422__p01__pexels-5273872.jpg,D:\DATN\DATN_Tài liệu\data-center\media-assets\cloudinary-staging\locations\2026-06-04-overpass-published-inactive\originals\loc-161__chi-hoa__osm-node-5249863422__p01__pexels-5273872.jpg,161,Chi Hoa,chi-hoa,inactive,5273872,1,Thanh Do,https://www.pexels.com/@dothanhyb,pexels,https://www.pexels.com/photo/nha-khach-hao-gia-hotel-5273872/,https://www.openstreetmap.org/node/5249863422,downloaded,https://images.pexels.com/photos/5273872/pexels-photo-5273872.jpeg?auto=compress&cs=tinysrgb&h=350
khach-san-homestay,danangtrip/locations/chi-house-hotel-apartment/loc-162__chi-house-hotel-apartment__p01,downloaded:322828,osm-node-10294581427,https://images.pexels.com/photos/1207515/pexels-photo-1207515.jpeg?auto=compress&cs=tinysrgb&dpr=2&h=650&w=940,loc-162__chi-house-hotel-apartment__osm-node-10294581427__p01__pexels-1207515.jpg,D:\DATN\DATN_Tài liệu\data-center\media-assets\cloudinary-staging\locations\2026-06-04-overpass-published-inactive\originals\loc-162__chi-house-hotel-apartment__osm-node-10294581427__p01__pexels-1207515.jpg,162,Chi House Hotel & Apartment,chi-house-hotel-apartment,inactive,1207515,1,Min An,https://www.pexels.com/@minan1398,pexels,https://www.pexels.com/photo/concrete-structures-next-to-each-other-1207515/,https://www.openstreetmap.org/node/10294581427,downloaded,https://images.pexels.com/photos/1207515/pexels-photo-1207515.jpeg?auto=compress&cs=tinysrgb&h=350
khach-san-homestay,danangtrip/locations/chipa-homestay/loc-163__chipa-homestay__p01,downloaded:286494,osm-node-11715209969,https://images.pexels.com/photos/27630279/pexels-photo-27630279.jpeg?auto=compress&cs=tinysrgb&dpr=2&h=650&w=940,loc-163__chipa-homestay__osm-node-11715209969__p01__pexels-27630279.jpg,D:\DATN\DATN_Tài liệu\data-center\media-assets\cloudinary-staging\locations\2026-06-04-overpass-published-inactive\originals\loc-163__chipa-homestay__osm-node-11715209969__p01__pexels-27630279.jpg,163,ChiPa Homestay,chipa-homestay,inactive,27630279,1,Duc Nguyen,https://www.pexels.com/@duc-nguyen-400576574,pexels,https://www.pexels.com/photo/a-woman-sitting-in-a-round-window-in-a-small-house-27630279/,https://www.openstreetmap.org/node/11715209969,downloaded,https://images.pexels.com/photos/27630279/pexels-photo-27630279.jpeg?auto=compress&cs=tinysrgb&h=350
check-in-noi-tieng,danangtrip/locations/cho-dem-helio/loc-164__cho-dem-helio__p01,downloaded:249112,osm-node-7301996085,https://images.pexels.com/photos/28411758/pexels-photo-28411758.jpeg?auto=compress&cs=tinysrgb&dpr=2&h=650&w=940,loc-164__cho-dem-helio__osm-node-7301996085__p01__pexels-28411758.jpg,D:\DATN\DATN_Tài liệu\data-center\media-assets\cloudinary-staging\locations\2026-06-04-overpass-published-inactive\originals\loc-164__cho-dem-helio__osm-node-7301996085__p01__pexels-28411758.jpg,164,Cho dem Helio,cho-dem-helio,inactive,28411758,1,Jeffry Surianto,https://www.pexels.com/@andromeda99,pexels,https://www.pexels.com/photo/sunset-cityscape-with-han-river-bridge-28411758/,https://www.openstreetmap.org/node/7301996085,downloaded,https://images.pexels.com/photos/28411758/pexels-photo-28411758.jpeg?auto=compress&cs=tinysrgb&h=350
am-thuc-dia-phuong,danangtrip/locations/com-tam-co-nga/loc-165__com-tam-co-nga__p01,downloaded:391871,osm-node-4605114489,https://images.pexels.com/photos/32831392/pexels-photo-32831392.jpeg?auto=compress&cs=tinysrgb&dpr=2&h=650&w=940,loc-165__com-tam-co-nga__osm-node-4605114489__p01__pexels-32831392.jpg,D:\DATN\DATN_Tài liệu\data-center\media-assets\cloudinary-staging\locations\2026-06-04-overpass-published-inactive\originals\loc-165__com-tam-co-nga__osm-node-4605114489__p01__pexels-32831392.jpg,165,Com Tam Co Nga,com-tam-co-nga,inactive,32831392,1,Tuan Vy,https://www.pexels.com/@tuan-vy-903011268,pexels,https://www.pexels.com/photo/street-view-of-vietnamese-restaurant-with-motorbikes-32831392/,https://www.openstreetmap.org/node/4605114489,downloaded,https://images.pexels.com/photos/32831392/pexels-photo-32831392.jpeg?auto=compress&cs=tinysrgb&h=350
cong-vien-vuon-hoa,danangtrip/locations/cong-vien-apec/loc-166__cong-vien-apec__p01,downloaded:448711,osm-way-675604354,https://images.pexels.com/photos/14021725/pexels-photo-14021725.jpeg?auto=compress&cs=tinysrgb&dpr=2&h=650&w=940,loc-166__cong-vien-apec__osm-way-675604354__p01__pexels-14021725.jpg,D:\DATN\DATN_Tài liệu\data-center\media-assets\cloudinary-staging\locations\2026-06-04-overpass-published-inactive\originals\loc-166__cong-vien-apec__osm-way-675604354__p01__pexels-14021725.jpg,166,Cong Vien APEC,cong-vien-apec,inactive,14021725,1,Quang Nguyen Vinh,https://www.pexels.com/@quang-nguyen-vinh-222549,pexels,https://www.pexels.com/photo/people-standing-near-the-apec-park-14021725/,https://www.openstreetmap.org/way/675604354,downloaded,https://images.pexels.com/photos/14021725/pexels-photo-14021725.jpeg?auto=compress&cs=tinysrgb&h=350
cong-vien-vuon-hoa,danangtrip/locations/cong-vien-bien-dong/loc-167__cong-vien-bien-dong__p01,downloaded:448711,osm-way-149699484,https://images.pexels.com/photos/14021725/pexels-photo-14021725.jpeg?auto=compress&cs=tinysrgb&dpr=2&h=650&w=940,loc-167__cong-vien-bien-dong__osm-way-149699484__p01__pexels-14021725.jpg,D:\DATN\DATN_Tài liệu\data-center\media-assets\cloudinary-staging\locations\2026-06-04-overpass-published-inactive\originals\loc-167__cong-vien-bien-dong__osm-way-149699484__p01__pexels-14021725.jpg,167,Cong vien Bien Dong,cong-vien-bien-dong,inactive,14021725,1,Quang Nguyen Vinh,https://www.pexels.com/@quang-nguyen-vinh-222549,pexels,https://www.pexels.com/photo/people-standing-near-the-apec-park-14021725/,https://www.openstreetmap.org/way/149699484,downloaded,https://images.pexels.com/photos/14021725/pexels-photo-14021725.jpeg?auto=compress&cs=tinysrgb&h=350
cong-vien-vuon-hoa,danangtrip/locations/cong-vien-nguyen-van-linh/loc-168__cong-vien-nguyen-van-linh__p01,downloaded:448711,osm-way-1254909519,https://images.pexels.com/photos/14021725/pexels-photo-14021725.jpeg?auto=compress&cs=tinysrgb&dpr=2&h=650&w=940,loc-168__cong-vien-nguyen-van-linh__osm-way-1254909519__p01__pexels-14021725.jpg,D:\DATN\DATN_Tài liệu\data-center\media-assets\cloudinary-staging\locations\2026-06-04-overpass-published-inactive\originals\loc-168__cong-vien-nguyen-van-linh__osm-way-1254909519__p01__pexels-14021725.jpg,168,Cong vien Nguyen Van Linh,cong-vien-nguyen-van-linh,inactive,14021725,1,Quang Nguyen Vinh,https://www.pexels.com/@quang-nguyen-vinh-222549,pexels,https://www.pexels.com/photo/people-standing-near-the-apec-park-14021725/,https://www.openstreetmap.org/way/1254909519,downloaded,https://images.pexels.com/photos/14021725/pexels-photo-14021725.jpeg?auto=compress&cs=tinysrgb&h=350
am-thuc-dia-phuong,danangtrip/locations/cut-lon-me-ba-lanh/loc-169__cut-lon-me-ba-lanh__p01,downloaded:423466,osm-node-6152615685,https://images.pexels.com/photos/33970485/pexels-photo-33970485.jpeg?auto=compress&cs=tinysrgb&dpr=2&h=650&w=940,loc-169__cut-lon-me-ba-lanh__osm-node-6152615685__p01__pexels-33970485.jpg,D:\DATN\DATN_Tài liệu\data-center\media-assets\cloudinary-staging\locations\2026-06-04-overpass-published-inactive\originals\loc-169__cut-lon-me-ba-lanh__osm-node-6152615685__p01__pexels-33970485.jpg,169,Cut lon me Ba Lanh,cut-lon-me-ba-lanh,inactive,33970485,1,Kirandeep Singh Walia,https://www.pexels.com/@kirandeepsingh,pexels,https://www.pexels.com/photo/bustling-meat-market-scene-in-da-nang-vietnam-33970485/,https://www.openstreetmap.org/node/6152615685,downloaded,https://images.pexels.com/photos/33970485/pexels-photo-33970485.jpeg?auto=compress&cs=tinysrgb&h=350
khach-san-homestay,danangtrip/locations/dai-long-hotel/loc-170__dai-long-hotel__p01,downloaded:501538,osm-node-4326820491,https://images.pexels.com/photos/5273872/pexels-photo-5273872.jpeg?auto=compress&cs=tinysrgb&dpr=2&h=650&w=940,loc-170__dai-long-hotel__osm-node-4326820491__p01__pexels-5273872.jpg,D:\DATN\DATN_Tài liệu\data-center\media-assets\cloudinary-staging\locations\2026-06-04-overpass-published-inactive\originals\loc-170__dai-long-hotel__osm-node-4326820491__p01__pexels-5273872.jpg,170,Dai Long hotel,dai-long-hotel,inactive,5273872,1,Thanh Do,https://www.pexels.com/@dothanhyb,pexels,https://www.pexels.com/photo/nha-khach-hao-gia-hotel-5273872/,https://www.openstreetmap.org/node/4326820491,downloaded,https://images.pexels.com/photos/5273872/pexels-photo-5273872.jpeg?auto=compress&cs=tinysrgb&h=350
khach-san-homestay,danangtrip/locations/dan-oasis-hotel/loc-171__dan-oasis-hotel__p01,downloaded:492934,osm-node-4759000238,https://images.pexels.com/photos/6875472/pexels-photo-6875472.jpeg?auto=compress&cs=tinysrgb&dpr=2&h=650&w=940,loc-171__dan-oasis-hotel__osm-node-4759000238__p01__pexels-6875472.jpg,D:\DATN\DATN_Tài liệu\data-center\media-assets\cloudinary-staging\locations\2026-06-04-overpass-published-inactive\originals\loc-171__dan-oasis-hotel__osm-node-4759000238__p01__pexels-6875472.jpg,171,Dan Oasis Hotel,dan-oasis-hotel,inactive,6875472,1,Quang Nguyen Vinh,https://www.pexels.com/@quang-nguyen-vinh-222549,pexels,https://www.pexels.com/photo/aerial-view-of-city-buildings-near-the-ocean-6875472/,https://www.openstreetmap.org/node/4759000238,downloaded,https://images.pexels.com/photos/6875472/pexels-photo-6875472.jpeg?auto=compress&cs=tinysrgb&h=350
khach-san-homestay,danangtrip/locations/danang-backpackers-hostel/loc-172__danang-backpackers-hostel__p01,downloaded:501538,osm-node-4166666089,https://images.pexels.com/photos/5273872/pexels-photo-5273872.jpeg?auto=compress&cs=tinysrgb&dpr=2&h=650&w=940,loc-172__danang-backpackers-hostel__osm-node-4166666089__p01__pexels-5273872.jpg,D:\DATN\DATN_Tài liệu\data-center\media-assets\cloudinary-staging\locations\2026-06-04-overpass-published-inactive\originals\loc-172__danang-backpackers-hostel__osm-node-4166666089__p01__pexels-5273872.jpg,172,Danang Backpackers Hostel,danang-backpackers-hostel,inactive,5273872,1,Thanh Do,https://www.pexels.com/@dothanhyb,pexels,https://www.pexels.com/photo/nha-khach-hao-gia-hotel-5273872/,https://www.openstreetmap.org/node/4166666089,downloaded,https://images.pexels.com/photos/5273872/pexels-photo-5273872.jpeg?auto=compress&cs=tinysrgb&h=350
am-thuc-dia-phuong,danangtrip/locations/de-nghia/loc-173__de-nghia__p01,downloaded:391871,osm-node-4118236589,https://images.pexels.com/photos/32831392/pexels-photo-32831392.jpeg?auto=compress&cs=tinysrgb&dpr=2&h=650&w=940,loc-173__de-nghia__osm-node-4118236589__p01__pexels-32831392.jpg,D:\DATN\DATN_Tài liệu\data-center\media-assets\cloudinary-staging\locations\2026-06-04-overpass-published-inactive\originals\loc-173__de-nghia__osm-node-4118236589__p01__pexels-32831392.jpg,173,De nghia,de-nghia,inactive,32831392,1,Tuan Vy,https://www.pexels.com/@tuan-vy-903011268,pexels,https://www.pexels.com/photo/street-view-of-vietnamese-restaurant-with-motorbikes-32831392/,https://www.openstreetmap.org/node/4118236589,downloaded,https://images.pexels.com/photos/32831392/pexels-photo-32831392.jpeg?auto=compress&cs=tinysrgb&h=350
check-in-noi-tieng,danangtrip/locations/deo-hai-van/loc-174__deo-hai-van__p01,downloaded:300827,osm-node-1036552571,https://images.pexels.com/photos/14024082/pexels-photo-14024082.jpeg?auto=compress&cs=tinysrgb&dpr=2&h=650&w=940,loc-174__deo-hai-van__osm-node-1036552571__p01__pexels-14024082.jpg,D:\DATN\DATN_Tài liệu\data-center\media-assets\cloudinary-staging\locations\2026-06-04-overpass-published-inactive\originals\loc-174__deo-hai-van__osm-node-1036552571__p01__pexels-14024082.jpg,174,Deo Hai Van,deo-hai-van,inactive,14024082,1,Quang Nguyen Vinh,https://www.pexels.com/@quang-nguyen-vinh-222549,pexels,https://www.pexels.com/photo/green-mountains-under-blue-sky-14024082/,https://www.openstreetmap.org/node/1036552571,downloaded,https://images.pexels.com/photos/14024082/pexels-photo-14024082.jpeg?auto=compress&cs=tinysrgb&h=350
khach-san-homestay,danangtrip/locations/diamond-beach/loc-175__diamond-beach__p01,downloaded:492934,osm-node-12119724802,https://images.pexels.com/photos/6875472/pexels-photo-6875472.jpeg?auto=compress&cs=tinysrgb&dpr=2&h=650&w=940,loc-175__diamond-beach__osm-node-12119724802__p01__pexels-6875472.jpg,D:\DATN\DATN_Tài liệu\data-center\media-assets\cloudinary-staging\locations\2026-06-04-overpass-published-inactive\originals\loc-175__diamond-beach__osm-node-12119724802__p01__pexels-6875472.jpg,175,Diamond Beach,diamond-beach,inactive,6875472,1,Quang Nguyen Vinh,https://www.pexels.com/@quang-nguyen-vinh-222549,pexels,https://www.pexels.com/photo/aerial-view-of-city-buildings-near-the-ocean-6875472/,https://www.openstreetmap.org/node/12119724802,downloaded,https://images.pexels.com/photos/6875472/pexels-photo-6875472.jpeg?auto=compress&cs=tinysrgb&h=350
am-thuc-dia-phuong,danangtrip/locations/doi-gio/loc-176__doi-gio__p01,downloaded:391871,osm-node-5293335937,https://images.pexels.com/photos/32831392/pexels-photo-32831392.jpeg?auto=compress&cs=tinysrgb&dpr=2&h=650&w=940,loc-176__doi-gio__osm-node-5293335937__p01__pexels-32831392.jpg,D:\DATN\DATN_Tài liệu\data-center\media-assets\cloudinary-staging\locations\2026-06-04-overpass-published-inactive\originals\loc-176__doi-gio__osm-node-5293335937__p01__pexels-32831392.jpg,176,Doi gio,doi-gio,inactive,32831392,1,Tuan Vy,https://www.pexels.com/@tuan-vy-903011268,pexels,https://www.pexels.com/photo/street-view-of-vietnamese-restaurant-with-motorbikes-32831392/,https://www.openstreetmap.org/node/5293335937,downloaded,https://images.pexels.com/photos/32831392/pexels-photo-32831392.jpeg?auto=compress&cs=tinysrgb&h=350
khach-san-homestay,danangtrip/locations/dtc-hotel/loc-177__dtc-hotel__p01,downloaded:492934,osm-node-10314394611,https://images.pexels.com/photos/6875472/pexels-photo-6875472.jpeg?auto=compress&cs=tinysrgb&dpr=2&h=650&w=940,loc-177__dtc-hotel__osm-node-10314394611__p01__pexels-6875472.jpg,D:\DATN\DATN_Tài liệu\data-center\media-assets\cloudinary-staging\locations\2026-06-04-overpass-published-inactive\originals\loc-177__dtc-hotel__osm-node-10314394611__p01__pexels-6875472.jpg,177,DTC Hotel,dtc-hotel,inactive,6875472,1,Quang Nguyen Vinh,https://www.pexels.com/@quang-nguyen-vinh-222549,pexels,https://www.pexels.com/photo/aerial-view-of-city-buildings-near-the-ocean-6875472/,https://www.openstreetmap.org/node/10314394611,downloaded,https://images.pexels.com/photos/6875472/pexels-photo-6875472.jpeg?auto=compress&cs=tinysrgb&h=350
khach-san-homestay,danangtrip/locations/ecodanang/loc-178__ecodanang__p01,downloaded:492934,osm-node-4287074189,https://images.pexels.com/photos/6875472/pexels-photo-6875472.jpeg?auto=compress&cs=tinysrgb&dpr=2&h=650&w=940,loc-178__ecodanang__osm-node-4287074189__p01__pexels-6875472.jpg,D:\DATN\DATN_Tài liệu\data-center\media-assets\cloudinary-staging\locations\2026-06-04-overpass-published-inactive\originals\loc-178__ecodanang__osm-node-4287074189__p01__pexels-6875472.jpg,178,Ecodanang,ecodanang,inactive,6875472,1,Quang Nguyen Vinh,https://www.pexels.com/@quang-nguyen-vinh-222549,pexels,https://www.pexels.com/photo/aerial-view-of-city-buildings-near-the-ocean-6875472/,https://www.openstreetmap.org/node/4287074189,downloaded,https://images.pexels.com/photos/6875472/pexels-photo-6875472.jpeg?auto=compress&cs=tinysrgb&h=350
khach-san-homestay,danangtrip/locations/faifo-hotel/loc-179__faifo-hotel__p01,downloaded:492934,osm-node-4199987426,https://images.pexels.com/photos/6875472/pexels-photo-6875472.jpeg?auto=compress&cs=tinysrgb&dpr=2&h=650&w=940,loc-179__faifo-hotel__osm-node-4199987426__p01__pexels-6875472.jpg,D:\DATN\DATN_Tài liệu\data-center\media-assets\cloudinary-staging\locations\2026-06-04-overpass-published-inactive\originals\loc-179__faifo-hotel__osm-node-4199987426__p01__pexels-6875472.jpg,179,Faifo Hotel,faifo-hotel,inactive,6875472,1,Quang Nguyen Vinh,https://www.pexels.com/@quang-nguyen-vinh-222549,pexels,https://www.pexels.com/photo/aerial-view-of-city-buildings-near-the-ocean-6875472/,https://www.openstreetmap.org/node/4199987426,downloaded,https://images.pexels.com/photos/6875472/pexels-photo-6875472.jpeg?auto=compress&cs=tinysrgb&h=350
cong-vien-nuoc,danangtrip/locations/fantasy-park/loc-180__fantasy-park__p01,downloaded:448711,osm-node-10154412164,https://images.pexels.com/photos/14021725/pexels-photo-14021725.jpeg?auto=compress&cs=tinysrgb&dpr=2&h=650&w=940,loc-180__fantasy-park__osm-node-10154412164__p01__pexels-14021725.jpg,D:\DATN\DATN_Tài liệu\data-center\media-assets\cloudinary-staging\locations\2026-06-04-overpass-published-inactive\originals\loc-180__fantasy-park__osm-node-10154412164__p01__pexels-14021725.jpg,180,Fantasy Park,fantasy-park,inactive,14021725,1,Quang Nguyen Vinh,https://www.pexels.com/@quang-nguyen-vinh-222549,pexels,https://www.pexels.com/photo/people-standing-near-the-apec-park-14021725/,https://www.openstreetmap.org/node/10154412164,downloaded,https://images.pexels.com/photos/14021725/pexels-photo-14021725.jpeg?auto=compress&cs=tinysrgb&h=350
khach-san-homestay,danangtrip/locations/fedora-hostel/loc-181__fedora-hostel__p01,downloaded:492934,osm-node-11584401669,https://images.pexels.com/photos/6875472/pexels-photo-6875472.jpeg?auto=compress&cs=tinysrgb&dpr=2&h=650&w=940,loc-181__fedora-hostel__osm-node-11584401669__p01__pexels-6875472.jpg,D:\DATN\DATN_Tài liệu\data-center\media-assets\cloudinary-staging\locations\2026-06-04-overpass-published-inactive\originals\loc-181__fedora-hostel__osm-node-11584401669__p01__pexels-6875472.jpg,181,Fedora Hostel,fedora-hostel,inactive,6875472,1,Quang Nguyen Vinh,https://www.pexels.com/@quang-nguyen-vinh-222549,pexels,https://www.pexels.com/photo/aerial-view-of-city-buildings-near-the-ocean-6875472/,https://www.openstreetmap.org/node/11584401669,downloaded,https://images.pexels.com/photos/6875472/pexels-photo-6875472.jpeg?auto=compress&cs=tinysrgb&h=350
khach-san-homestay,danangtrip/locations/flora-hotel/loc-182__flora-hotel__p01,downloaded:492934,osm-node-4611974790,https://images.pexels.com/photos/6875472/pexels-photo-6875472.jpeg?auto=compress&cs=tinysrgb&dpr=2&h=650&w=940,loc-182__flora-hotel__osm-node-4611974790__p01__pexels-6875472.jpg,D:\DATN\DATN_Tài liệu\data-center\media-assets\cloudinary-staging\locations\2026-06-04-overpass-published-inactive\originals\loc-182__flora-hotel__osm-node-4611974790__p01__pexels-6875472.jpg,182,Flora Hotel,flora-hotel,inactive,6875472,1,Quang Nguyen Vinh,https://www.pexels.com/@quang-nguyen-vinh-222549,pexels,https://www.pexels.com/photo/aerial-view-of-city-buildings-near-the-ocean-6875472/,https://www.openstreetmap.org/node/4611974790,downloaded,https://images.pexels.com/photos/6875472/pexels-photo-6875472.jpeg?auto=compress&cs=tinysrgb&h=350
khach-san-homestay,danangtrip/locations/fusion-suites/loc-183__fusion-suites__p01,downloaded:158175,osm-node-4550531390,https://images.pexels.com/photos/28226576/pexels-photo-28226576.png?auto=compress&cs=tinysrgb&dpr=2&h=650&w=940,loc-183__fusion-suites__osm-node-4550531390__p01__pexels-28226576.jpg,D:\DATN\DATN_Tài liệu\data-center\media-assets\cloudinary-staging\locations\2026-06-04-overpass-published-inactive\originals\loc-183__fusion-suites__osm-node-4550531390__p01__pexels-28226576.jpg,183,Fusion Suites,fusion-suites,inactive,28226576,1,Tran Tran,https://www.pexels.com/@ola88,pexels,https://www.pexels.com/photo/danang-vietnam-28226576/,https://www.openstreetmap.org/node/4550531390,downloaded,https://images.pexels.com/photos/28226576/pexels-photo-28226576.png?auto=compress&cs=tinysrgb&h=350
am-thuc-dia-phuong,danangtrip/locations/goom-vegan/loc-184__goom-vegan__p01,downloaded:391871,osm-node-5793917955,https://images.pexels.com/photos/32831392/pexels-photo-32831392.jpeg?auto=compress&cs=tinysrgb&dpr=2&h=650&w=940,loc-184__goom-vegan__osm-node-5793917955__p01__pexels-32831392.jpg,D:\DATN\DATN_Tài liệu\data-center\media-assets\cloudinary-staging\locations\2026-06-04-overpass-published-inactive\originals\loc-184__goom-vegan__osm-node-5793917955__p01__pexels-32831392.jpg,184,Goom Vegan,goom-vegan,inactive,32831392,1,Tuan Vy,https://www.pexels.com/@tuan-vy-903011268,pexels,https://www.pexels.com/photo/street-view-of-vietnamese-restaurant-with-motorbikes-32831392/,https://www.openstreetmap.org/node/5793917955,downloaded,https://images.pexels.com/photos/32831392/pexels-photo-32831392.jpeg?auto=compress&cs=tinysrgb&h=350
khach-san-homestay,danangtrip/locations/green-balcony-hostel-coffee/loc-185__green-balcony-hostel-coffee__p01,downloaded:189675,osm-node-6054437786,https://images.pexels.com/photos/34347292/pexels-photo-34347292.jpeg?auto=compress&cs=tinysrgb&dpr=2&h=650&w=940,loc-185__green-balcony-hostel-coffee__osm-node-6054437786__p01__pexels-34347292.jpg,D:\DATN\DATN_Tài liệu\data-center\media-assets\cloudinary-staging\locations\2026-06-04-overpass-published-inactive\originals\loc-185__green-balcony-hostel-coffee__osm-node-6054437786__p01__pexels-34347292.jpg,185,Green Balcony Hostel & Coffee,green-balcony-hostel-coffee,inactive,34347292,1,Nha van,https://www.pexels.com/@nhavan,pexels,https://www.pexels.com/photo/stylish-vietnamese-coffee-and-plant-on-cafe-table-34347292/,https://www.openstreetmap.org/node/6054437786,downloaded,https://images.pexels.com/photos/34347292/pexels-photo-34347292.jpeg?auto=compress&cs=tinysrgb&h=350
am-thuc-dia-phuong,danangtrip/locations/hai-san-nam-danh/loc-186__hai-san-nam-danh__p01,downloaded:391871,osm-node-6151186386,https://images.pexels.com/photos/32831392/pexels-photo-32831392.jpeg?auto=compress&cs=tinysrgb&dpr=2&h=650&w=940,loc-186__hai-san-nam-danh__osm-node-6151186386__p01__pexels-32831392.jpg,D:\DATN\DATN_Tài liệu\data-center\media-assets\cloudinary-staging\locations\2026-06-04-overpass-published-inactive\originals\loc-186__hai-san-nam-danh__osm-node-6151186386__p01__pexels-32831392.jpg,186,Hai san Nam Danh,hai-san-nam-danh,inactive,32831392,1,Tuan Vy,https://www.pexels.com/@tuan-vy-903011268,pexels,https://www.pexels.com/photo/street-view-of-vietnamese-restaurant-with-motorbikes-32831392/,https://www.openstreetmap.org/node/6151186386,downloaded,https://images.pexels.com/photos/32831392/pexels-photo-32831392.jpeg?auto=compress&cs=tinysrgb&h=350
check-in-noi-tieng,danangtrip/locations/hai-van-quan/loc-187__hai-van-quan__p01,downloaded:300827,osm-way-466418347,https://images.pexels.com/photos/14024082/pexels-photo-14024082.jpeg?auto=compress&cs=tinysrgb&dpr=2&h=650&w=940,loc-187__hai-van-quan__osm-way-466418347__p01__pexels-14024082.jpg,D:\DATN\DATN_Tài liệu\data-center\media-assets\cloudinary-staging\locations\2026-06-04-overpass-published-inactive\originals\loc-187__hai-van-quan__osm-way-466418347__p01__pexels-14024082.jpg,187,Hai Van Quan,hai-van-quan,inactive,14024082,1,Quang Nguyen Vinh,https://www.pexels.com/@quang-nguyen-vinh-222549,pexels,https://www.pexels.com/photo/green-mountains-under-blue-sky-14024082/,https://www.openstreetmap.org/way/466418347,downloaded,https://images.pexels.com/photos/14024082/pexels-photo-14024082.jpeg?auto=compress&cs=tinysrgb&h=350
khach-san-homestay,danangtrip/locations/hai-yen-hotel/loc-188__hai-yen-hotel__p01,downloaded:501538,osm-node-10294581428,https://images.pexels.com/photos/5273872/pexels-photo-5273872.jpeg?auto=compress&cs=tinysrgb&dpr=2&h=650&w=940,loc-188__hai-yen-hotel__osm-node-10294581428__p01__pexels-5273872.jpg,D:\DATN\DATN_Tài liệu\data-center\media-assets\cloudinary-staging\locations\2026-06-04-overpass-published-inactive\originals\loc-188__hai-yen-hotel__osm-node-10294581428__p01__pexels-5273872.jpg,188,Hai Yen Hotel,hai-yen-hotel,inactive,5273872,1,Thanh Do,https://www.pexels.com/@dothanhyb,pexels,https://www.pexels.com/photo/nha-khach-hao-gia-hotel-5273872/,https://www.openstreetmap.org/node/10294581428,downloaded,https://images.pexels.com/photos/5273872/pexels-photo-5273872.jpeg?auto=compress&cs=tinysrgb&h=350
khach-san-homestay,danangtrip/locations/hana-homestay-danang/loc-189__hana-homestay-danang__p01,downloaded:286494,osm-node-10768167105,https://images.pexels.com/photos/27630279/pexels-photo-27630279.jpeg?auto=compress&cs=tinysrgb&dpr=2&h=650&w=940,loc-189__hana-homestay-danang__osm-node-10768167105__p01__pexels-27630279.jpg,D:\DATN\DATN_Tài liệu\data-center\media-assets\cloudinary-staging\locations\2026-06-04-overpass-published-inactive\originals\loc-189__hana-homestay-danang__osm-node-10768167105__p01__pexels-27630279.jpg,189,Hana Homestay Danang,hana-homestay-danang,inactive,27630279,1,Duc Nguyen,https://www.pexels.com/@duc-nguyen-400576574,pexels,https://www.pexels.com/photo/a-woman-sitting-in-a-round-window-in-a-small-house-27630279/,https://www.openstreetmap.org/node/10768167105,downloaded,https://images.pexels.com/photos/27630279/pexels-photo-27630279.jpeg?auto=compress&cs=tinysrgb&h=350
am-thuc-dia-phuong,danangtrip/locations/hang-s-kitchen/loc-190__hang-s-kitchen__p01,downloaded:391871,osm-node-4694652890,https://images.pexels.com/photos/32831392/pexels-photo-32831392.jpeg?auto=compress&cs=tinysrgb&dpr=2&h=650&w=940,loc-190__hang-s-kitchen__osm-node-4694652890__p01__pexels-32831392.jpg,D:\DATN\DATN_Tài liệu\data-center\media-assets\cloudinary-staging\locations\2026-06-04-overpass-published-inactive\originals\loc-190__hang-s-kitchen__osm-node-4694652890__p01__pexels-32831392.jpg,190,Hang's Kitchen,hang-s-kitchen,inactive,32831392,1,Tuan Vy,https://www.pexels.com/@tuan-vy-903011268,pexels,https://www.pexels.com/photo/street-view-of-vietnamese-restaurant-with-motorbikes-32831392/,https://www.openstreetmap.org/node/4694652890,downloaded,https://images.pexels.com/photos/32831392/pexels-photo-32831392.jpeg?auto=compress&cs=tinysrgb&h=350
am-thuc-dia-phuong,danangtrip/locations/hau-sua-tom-hum/loc-191__hau-sua-tom-hum__p01,downloaded:391871,osm-node-4351989390,https://images.pexels.com/photos/32831392/pexels-photo-32831392.jpeg?auto=compress&cs=tinysrgb&dpr=2&h=650&w=940,loc-191__hau-sua-tom-hum__osm-node-4351989390__p01__pexels-32831392.jpg,D:\DATN\DATN_Tài liệu\data-center\media-assets\cloudinary-staging\locations\2026-06-04-overpass-published-inactive\originals\loc-191__hau-sua-tom-hum__osm-node-4351989390__p01__pexels-32831392.jpg,191,Hau Sua & Tom Hum,hau-sua-tom-hum,inactive,32831392,1,Tuan Vy,https://www.pexels.com/@tuan-vy-903011268,pexels,https://www.pexels.com/photo/street-view-of-vietnamese-restaurant-with-motorbikes-32831392/,https://www.openstreetmap.org/node/4351989390,downloaded,https://images.pexels.com/photos/32831392/pexels-photo-32831392.jpeg?auto=compress&cs=tinysrgb&h=350
khach-san-homestay,danangtrip/locations/herriott/loc-192__herriott__p01,downloaded:158175,osm-node-6544450819,https://images.pexels.com/photos/28226576/pexels-photo-28226576.png?auto=compress&cs=tinysrgb&dpr=2&h=650&w=940,loc-192__herriott__osm-node-6544450819__p01__pexels-28226576.jpg,D:\DATN\DATN_Tài liệu\data-center\media-assets\cloudinary-staging\locations\2026-06-04-overpass-published-inactive\originals\loc-192__herriott__osm-node-6544450819__p01__pexels-28226576.jpg,192,Herriott,herriott,inactive,28226576,1,Tran Tran,https://www.pexels.com/@ola88,pexels,https://www.pexels.com/photo/danang-vietnam-28226576/,https://www.openstreetmap.org/node/6544450819,downloaded,https://images.pexels.com/photos/28226576/pexels-photo-28226576.png?auto=compress&cs=tinysrgb&h=350
khach-san-homestay,danangtrip/locations/hilary-hotel/loc-193__hilary-hotel__p01,downloaded:322828,osm-node-6712140863,https://images.pexels.com/photos/1207515/pexels-photo-1207515.jpeg?auto=compress&cs=tinysrgb&dpr=2&h=650&w=940,loc-193__hilary-hotel__osm-node-6712140863__p01__pexels-1207515.jpg,D:\DATN\DATN_Tài liệu\data-center\media-assets\cloudinary-staging\locations\2026-06-04-overpass-published-inactive\originals\loc-193__hilary-hotel__osm-node-6712140863__p01__pexels-1207515.jpg,193,Hilary Hotel,hilary-hotel,inactive,1207515,1,Min An,https://www.pexels.com/@minan1398,pexels,https://www.pexels.com/photo/concrete-structures-next-to-each-other-1207515/,https://www.openstreetmap.org/node/6712140863,downloaded,https://images.pexels.com/photos/1207515/pexels-photo-1207515.jpeg?auto=compress&cs=tinysrgb&h=350
khach-san-homestay,danangtrip/locations/hilton-garden-inn-da-nang/loc-194__hilton-garden-inn-da-nang__p01,downloaded:492934,osm-node-6125276061,https://images.pexels.com/photos/6875472/pexels-photo-6875472.jpeg?auto=compress&cs=tinysrgb&dpr=2&h=650&w=940,loc-194__hilton-garden-inn-da-nang__osm-node-6125276061__p01__pexels-6875472.jpg,D:\DATN\DATN_Tài liệu\data-center\media-assets\cloudinary-staging\locations\2026-06-04-overpass-published-inactive\originals\loc-194__hilton-garden-inn-da-nang__osm-node-6125276061__p01__pexels-6875472.jpg,194,Hilton Garden Inn Da Nang,hilton-garden-inn-da-nang,inactive,6875472,1,Quang Nguyen Vinh,https://www.pexels.com/@quang-nguyen-vinh-222549,pexels,https://www.pexels.com/photo/aerial-view-of-city-buildings-near-the-ocean-6875472/,https://www.openstreetmap.org/node/6125276061,downloaded,https://images.pexels.com/photos/6875472/pexels-photo-6875472.jpeg?auto=compress&cs=tinysrgb&h=350
khach-san-homestay,danangtrip/locations/hoang-phuong-hotel/loc-195__hoang-phuong-hotel__p01,downloaded:501538,osm-node-4249901095,https://images.pexels.com/photos/5273872/pexels-photo-5273872.jpeg?auto=compress&cs=tinysrgb&dpr=2&h=650&w=940,loc-195__hoang-phuong-hotel__osm-node-4249901095__p01__pexels-5273872.jpg,D:\DATN\DATN_Tài liệu\data-center\media-assets\cloudinary-staging\locations\2026-06-04-overpass-published-inactive\originals\loc-195__hoang-phuong-hotel__osm-node-4249901095__p01__pexels-5273872.jpg,195,Hoang Phuong Hotel,hoang-phuong-hotel,inactive,5273872,1,Thanh Do,https://www.pexels.com/@dothanhyb,pexels,https://www.pexels.com/photo/nha-khach-hao-gia-hotel-5273872/,https://www.openstreetmap.org/node/4249901095,downloaded,https://images.pexels.com/photos/5273872/pexels-photo-5273872.jpeg?auto=compress&cs=tinysrgb&h=350
khach-san-homestay,danangtrip/locations/hodi-hotel/loc-196__hodi-hotel__p01,downloaded:492934,osm-node-12147633201,https://images.pexels.com/photos/6875472/pexels-photo-6875472.jpeg?auto=compress&cs=tinysrgb&dpr=2&h=650&w=940,loc-196__hodi-hotel__osm-node-12147633201__p01__pexels-6875472.jpg,D:\DATN\DATN_Tài liệu\data-center\media-assets\cloudinary-staging\locations\2026-06-04-overpass-published-inactive\originals\loc-196__hodi-hotel__osm-node-12147633201__p01__pexels-6875472.jpg,196,Hodi Hotel,hodi-hotel,inactive,6875472,1,Quang Nguyen Vinh,https://www.pexels.com/@quang-nguyen-vinh-222549,pexels,https://www.pexels.com/photo/aerial-view-of-city-buildings-near-the-ocean-6875472/,https://www.openstreetmap.org/node/12147633201,downloaded,https://images.pexels.com/photos/6875472/pexels-photo-6875472.jpeg?auto=compress&cs=tinysrgb&h=350
khach-san-homestay,danangtrip/locations/homestay-halley/loc-197__homestay-halley__p01,downloaded:286494,osm-node-5426555721,https://images.pexels.com/photos/27630279/pexels-photo-27630279.jpeg?auto=compress&cs=tinysrgb&dpr=2&h=650&w=940,loc-197__homestay-halley__osm-node-5426555721__p01__pexels-27630279.jpg,D:\DATN\DATN_Tài liệu\data-center\media-assets\cloudinary-staging\locations\2026-06-04-overpass-published-inactive\originals\loc-197__homestay-halley__osm-node-5426555721__p01__pexels-27630279.jpg,197,Homestay Halley,homestay-halley,inactive,27630279,1,Duc Nguyen,https://www.pexels.com/@duc-nguyen-400576574,pexels,https://www.pexels.com/photo/a-woman-sitting-in-a-round-window-in-a-small-house-27630279/,https://www.openstreetmap.org/node/5426555721,downloaded,https://images.pexels.com/photos/27630279/pexels-photo-27630279.jpeg?auto=compress&cs=tinysrgb&h=350
khach-san-homestay,danangtrip/locations/homestay-heo-dat/loc-198__homestay-heo-dat__p01,downloaded:286494,osm-node-4677455200,https://images.pexels.com/photos/27630279/pexels-photo-27630279.jpeg?auto=compress&cs=tinysrgb&dpr=2&h=650&w=940,loc-198__homestay-heo-dat__osm-node-4677455200__p01__pexels-27630279.jpg,D:\DATN\DATN_Tài liệu\data-center\media-assets\cloudinary-staging\locations\2026-06-04-overpass-published-inactive\originals\loc-198__homestay-heo-dat__osm-node-4677455200__p01__pexels-27630279.jpg,198,Homestay Heo Dat,homestay-heo-dat,inactive,27630279,1,Duc Nguyen,https://www.pexels.com/@duc-nguyen-400576574,pexels,https://www.pexels.com/photo/a-woman-sitting-in-a-round-window-in-a-small-house-27630279/,https://www.openstreetmap.org/node/4677455200,downloaded,https://images.pexels.com/photos/27630279/pexels-photo-27630279.jpeg?auto=compress&cs=tinysrgb&h=350
ca-phe-tra-sua,danangtrip/locations/homie-coffee/loc-199__homie-coffee__p01,downloaded:159857,osm-node-729406487,https://images.pexels.com/photos/32744958/pexels-photo-32744958.jpeg?auto=compress&cs=tinysrgb&dpr=2&h=650&w=940,loc-199__homie-coffee__osm-node-729406487__p01__pexels-32744958.jpg,D:\DATN\DATN_Tài liệu\data-center\media-assets\cloudinary-staging\locations\2026-06-04-overpass-published-inactive\originals\loc-199__homie-coffee__osm-node-729406487__p01__pexels-32744958.jpg,199,Homie Coffee,homie-coffee,inactive,32744958,1,Nha van,https://www.pexels.com/@nhavan,pexels,https://www.pexels.com/photo/cozy-cafe-table-with-vietnamese-iced-coffee-32744958/,https://www.openstreetmap.org/node/729406487,downloaded,https://images.pexels.com/photos/32744958/pexels-photo-32744958.jpeg?auto=compress&cs=tinysrgb&h=350
khach-san-homestay,danangtrip/locations/hong-chau/loc-200__hong-chau__p01,downloaded:501538,osm-node-12101736706,https://images.pexels.com/photos/5273872/pexels-photo-5273872.jpeg?auto=compress&cs=tinysrgb&dpr=2&h=650&w=940,loc-200__hong-chau__osm-node-12101736706__p01__pexels-5273872.jpg,D:\DATN\DATN_Tài liệu\data-center\media-assets\cloudinary-staging\locations\2026-06-04-overpass-published-inactive\originals\loc-200__hong-chau__osm-node-12101736706__p01__pexels-5273872.jpg,200,Hong Chau,hong-chau,inactive,5273872,1,Thanh Do,https://www.pexels.com/@dothanhyb,pexels,https://www.pexels.com/photo/nha-khach-hao-gia-hotel-5273872/,https://www.openstreetmap.org/node/12101736706,downloaded,https://images.pexels.com/photos/5273872/pexels-photo-5273872.jpeg?auto=compress&cs=tinysrgb&h=350
khach-san-homestay,danangtrip/locations/hue-chi/loc-201__hue-chi__p01,downloaded:501538,osm-node-5249863421,https://images.pexels.com/photos/5273872/pexels-photo-5273872.jpeg?auto=compress&cs=tinysrgb&dpr=2&h=650&w=940,loc-201__hue-chi__osm-node-5249863421__p01__pexels-5273872.jpg,D:\DATN\DATN_Tài liệu\data-center\media-assets\cloudinary-staging\locations\2026-06-04-overpass-published-inactive\originals\loc-201__hue-chi__osm-node-5249863421__p01__pexels-5273872.jpg,201,Hue Chi,hue-chi,inactive,5273872,1,Thanh Do,https://www.pexels.com/@dothanhyb,pexels,https://www.pexels.com/photo/nha-khach-hao-gia-hotel-5273872/,https://www.openstreetmap.org/node/5249863421,downloaded,https://images.pexels.com/photos/5273872/pexels-photo-5273872.jpeg?auto=compress&cs=tinysrgb&h=350
am-thuc-dia-phuong,danangtrip/locations/huong-cau/loc-202__huong-cau__p01,downloaded:391871,osm-node-2988980334,https://images.pexels.com/photos/32831392/pexels-photo-32831392.jpeg?auto=compress&cs=tinysrgb&dpr=2&h=650&w=940,loc-202__huong-cau__osm-node-2988980334__p01__pexels-32831392.jpg,D:\DATN\DATN_Tài liệu\data-center\media-assets\cloudinary-staging\locations\2026-06-04-overpass-published-inactive\originals\loc-202__huong-cau__osm-node-2988980334__p01__pexels-32831392.jpg,202,Huong Cau,huong-cau,inactive,32831392,1,Tuan Vy,https://www.pexels.com/@tuan-vy-903011268,pexels,https://www.pexels.com/photo/street-view-of-vietnamese-restaurant-with-motorbikes-32831392/,https://www.openstreetmap.org/node/2988980334,downloaded,https://images.pexels.com/photos/32831392/pexels-photo-32831392.jpeg?auto=compress&cs=tinysrgb&h=350
khach-san-homestay,danangtrip/locations/iris-hotel/loc-203__iris-hotel__p01,downloaded:322828,osm-node-5412275622,https://images.pexels.com/photos/1207515/pexels-photo-1207515.jpeg?auto=compress&cs=tinysrgb&dpr=2&h=650&w=940,loc-203__iris-hotel__osm-node-5412275622__p01__pexels-1207515.jpg,D:\DATN\DATN_Tài liệu\data-center\media-assets\cloudinary-staging\locations\2026-06-04-overpass-published-inactive\originals\loc-203__iris-hotel__osm-node-5412275622__p01__pexels-1207515.jpg,203,Iris Hotel,iris-hotel,inactive,1207515,1,Min An,https://www.pexels.com/@minan1398,pexels,https://www.pexels.com/photo/concrete-structures-next-to-each-other-1207515/,https://www.openstreetmap.org/node/5412275622,downloaded,https://images.pexels.com/photos/1207515/pexels-photo-1207515.jpeg?auto=compress&cs=tinysrgb&h=350
am-thuc-dia-phuong,danangtrip/locations/kfc/loc-204__kfc__p01,downloaded:391871,osm-node-5699726168,https://images.pexels.com/photos/32831392/pexels-photo-32831392.jpeg?auto=compress&cs=tinysrgb&dpr=2&h=650&w=940,loc-204__kfc__osm-node-5699726168__p01__pexels-32831392.jpg,D:\DATN\DATN_Tài liệu\data-center\media-assets\cloudinary-staging\locations\2026-06-04-overpass-published-inactive\originals\loc-204__kfc__osm-node-5699726168__p01__pexels-32831392.jpg,204,KFC,kfc,inactive,32831392,1,Tuan Vy,https://www.pexels.com/@tuan-vy-903011268,pexels,https://www.pexels.com/photo/street-view-of-vietnamese-restaurant-with-motorbikes-32831392/,https://www.openstreetmap.org/node/5699726168,downloaded,https://images.pexels.com/photos/32831392/pexels-photo-32831392.jpeg?auto=compress&cs=tinysrgb&h=350
khach-san-homestay,danangtrip/locations/khach-san-bon-mua/loc-205__khach-san-bon-mua__p01,downloaded:501538,osm-node-5450558021,https://images.pexels.com/photos/5273872/pexels-photo-5273872.jpeg?auto=compress&cs=tinysrgb&dpr=2&h=650&w=940,loc-205__khach-san-bon-mua__osm-node-5450558021__p01__pexels-5273872.jpg,D:\DATN\DATN_Tài liệu\data-center\media-assets\cloudinary-staging\locations\2026-06-04-overpass-published-inactive\originals\loc-205__khach-san-bon-mua__osm-node-5450558021__p01__pexels-5273872.jpg,205,Khach san Bon Mua,khach-san-bon-mua,inactive,5273872,1,Thanh Do,https://www.pexels.com/@dothanhyb,pexels,https://www.pexels.com/photo/nha-khach-hao-gia-hotel-5273872/,https://www.openstreetmap.org/node/5450558021,downloaded,https://images.pexels.com/photos/5273872/pexels-photo-5273872.jpeg?auto=compress&cs=tinysrgb&h=350
khach-san-homestay,danangtrip/locations/khach-san-hai-an/loc-206__khach-san-hai-an__p01,downloaded:501538,osm-node-4652657809,https://images.pexels.com/photos/5273872/pexels-photo-5273872.jpeg?auto=compress&cs=tinysrgb&dpr=2&h=650&w=940,loc-206__khach-san-hai-an__osm-node-4652657809__p01__pexels-5273872.jpg,D:\DATN\DATN_Tài liệu\data-center\media-assets\cloudinary-staging\locations\2026-06-04-overpass-published-inactive\originals\loc-206__khach-san-hai-an__osm-node-4652657809__p01__pexels-5273872.jpg,206,Khach san Hai An,khach-san-hai-an,inactive,5273872,1,Thanh Do,https://www.pexels.com/@dothanhyb,pexels,https://www.pexels.com/photo/nha-khach-hao-gia-hotel-5273872/,https://www.openstreetmap.org/node/4652657809,downloaded,https://images.pexels.com/photos/5273872/pexels-photo-5273872.jpeg?auto=compress&cs=tinysrgb&h=350
check-in-noi-tieng,danangtrip/locations/khu-van-hoa-tam-linh-da-son/loc-207__khu-van-hoa-tam-linh-da-son__p01,downloaded:318374,osm-node-12404434601,https://images.pexels.com/photos/35132213/pexels-photo-35132213.jpeg?auto=compress&cs=tinysrgb&dpr=2&h=650&w=940,loc-207__khu-van-hoa-tam-linh-da-son__osm-node-12404434601__p01__pexels-35132213.jpg,D:\DATN\DATN_Tài liệu\data-center\media-assets\cloudinary-staging\locations\2026-06-04-overpass-published-inactive\originals\loc-207__khu-van-hoa-tam-linh-da-son__osm-node-12404434601__p01__pexels-35132213.jpg,207,Khu Van hoa Tam linh Da Son,khu-van-hoa-tam-linh-da-son,inactive,35132213,1,Thai Truong Giang,https://www.pexels.com/@tieugiang007,pexels,https://www.pexels.com/photo/reclining-buddha-statue-in-da-nang-vietnam-35132213/,https://www.openstreetmap.org/node/12404434601,downloaded,https://images.pexels.com/photos/35132213/pexels-photo-35132213.jpeg?auto=compress&cs=tinysrgb&h=350
khach-san-homestay,danangtrip/locations/king-garden-hotel/loc-208__king-garden-hotel__p01,downloaded:501538,osm-node-5413973628,https://images.pexels.com/photos/5273872/pexels-photo-5273872.jpeg?auto=compress&cs=tinysrgb&dpr=2&h=650&w=940,loc-208__king-garden-hotel__osm-node-5413973628__p01__pexels-5273872.jpg,D:\DATN\DATN_Tài liệu\data-center\media-assets\cloudinary-staging\locations\2026-06-04-overpass-published-inactive\originals\loc-208__king-garden-hotel__osm-node-5413973628__p01__pexels-5273872.jpg,208,King Garden Hotel,king-garden-hotel,inactive,5273872,1,Thanh Do,https://www.pexels.com/@dothanhyb,pexels,https://www.pexels.com/photo/nha-khach-hao-gia-hotel-5273872/,https://www.openstreetmap.org/node/5413973628,downloaded,https://images.pexels.com/photos/5273872/pexels-photo-5273872.jpeg?auto=compress&cs=tinysrgb&h=350
am-thuc-dia-phuong,danangtrip/locations/koko-green-kafe-63/loc-209__koko-green-kafe-63__p01,downloaded:240025,osm-node-5947905986,https://images.pexels.com/photos/35271944/pexels-photo-35271944.jpeg?auto=compress&cs=tinysrgb&dpr=2&h=650&w=940,loc-209__koko-green-kafe-63__osm-node-5947905986__p01__pexels-35271944.jpg,D:\DATN\DATN_Tài liệu\data-center\media-assets\cloudinary-staging\locations\2026-06-04-overpass-published-inactive\originals\loc-209__koko-green-kafe-63__osm-node-5947905986__p01__pexels-35271944.jpg,209,koko Green kafe 63,koko-green-kafe-63,inactive,35271944,1,Nha van,https://www.pexels.com/@nhavan,pexels,https://www.pexels.com/photo/young-woman-enjoying-vietnamese-meal-indoors-35271944/,https://www.openstreetmap.org/node/5947905986,downloaded,https://images.pexels.com/photos/35271944/pexels-photo-35271944.jpeg?auto=compress&cs=tinysrgb&h=350
khach-san-homestay,danangtrip/locations/kon-tiki-hostel/loc-210__kon-tiki-hostel__p01,downloaded:322828,osm-node-12107623401,https://images.pexels.com/photos/1207515/pexels-photo-1207515.jpeg?auto=compress&cs=tinysrgb&dpr=2&h=650&w=940,loc-210__kon-tiki-hostel__osm-node-12107623401__p01__pexels-1207515.jpg,D:\DATN\DATN_Tài liệu\data-center\media-assets\cloudinary-staging\locations\2026-06-04-overpass-published-inactive\originals\loc-210__kon-tiki-hostel__osm-node-12107623401__p01__pexels-1207515.jpg,210,Kon-Tiki Hostel,kon-tiki-hostel,inactive,1207515,1,Min An,https://www.pexels.com/@minan1398,pexels,https://www.pexels.com/photo/concrete-structures-next-to-each-other-1207515/,https://www.openstreetmap.org/node/12107623401,downloaded,https://images.pexels.com/photos/1207515/pexels-photo-1207515.jpeg?auto=compress&cs=tinysrgb&h=350
khach-san-homestay,danangtrip/locations/la-belle-vie-hottel/loc-211__la-belle-vie-hottel__p01,downloaded:492934,osm-node-11391148269,https://images.pexels.com/photos/6875472/pexels-photo-6875472.jpeg?auto=compress&cs=tinysrgb&dpr=2&h=650&w=940,loc-211__la-belle-vie-hottel__osm-node-11391148269__p01__pexels-6875472.jpg,D:\DATN\DATN_Tài liệu\data-center\media-assets\cloudinary-staging\locations\2026-06-04-overpass-published-inactive\originals\loc-211__la-belle-vie-hottel__osm-node-11391148269__p01__pexels-6875472.jpg,211,La Belle Vie Hottel,la-belle-vie-hottel,inactive,6875472,1,Quang Nguyen Vinh,https://www.pexels.com/@quang-nguyen-vinh-222549,pexels,https://www.pexels.com/photo/aerial-view-of-city-buildings-near-the-ocean-6875472/,https://www.openstreetmap.org/node/11391148269,downloaded,https://images.pexels.com/photos/6875472/pexels-photo-6875472.jpeg?auto=compress&cs=tinysrgb&h=350
khach-san-homestay,danangtrip/locations/la-cool-house-hostel/loc-212__la-cool-house-hostel__p01,downloaded:322828,osm-node-5607040127,https://images.pexels.com/photos/1207515/pexels-photo-1207515.jpeg?auto=compress&cs=tinysrgb&dpr=2&h=650&w=940,loc-212__la-cool-house-hostel__osm-node-5607040127__p01__pexels-1207515.jpg,D:\DATN\DATN_Tài liệu\data-center\media-assets\cloudinary-staging\locations\2026-06-04-overpass-published-inactive\originals\loc-212__la-cool-house-hostel__osm-node-5607040127__p01__pexels-1207515.jpg,212,La COOL House Hostel,la-cool-house-hostel,inactive,1207515,1,Min An,https://www.pexels.com/@minan1398,pexels,https://www.pexels.com/photo/concrete-structures-next-to-each-other-1207515/,https://www.openstreetmap.org/node/5607040127,downloaded,https://images.pexels.com/photos/1207515/pexels-photo-1207515.jpeg?auto=compress&cs=tinysrgb&h=350
am-thuc-dia-phuong,danangtrip/locations/la-luna/loc-213__la-luna__p01,downloaded:391871,osm-node-4150425790,https://images.pexels.com/photos/32831392/pexels-photo-32831392.jpeg?auto=compress&cs=tinysrgb&dpr=2&h=650&w=940,loc-213__la-luna__osm-node-4150425790__p01__pexels-32831392.jpg,D:\DATN\DATN_Tài liệu\data-center\media-assets\cloudinary-staging\locations\2026-06-04-overpass-published-inactive\originals\loc-213__la-luna__osm-node-4150425790__p01__pexels-32831392.jpg,213,La Luna,la-luna,inactive,32831392,1,Tuan Vy,https://www.pexels.com/@tuan-vy-903011268,pexels,https://www.pexels.com/photo/street-view-of-vietnamese-restaurant-with-motorbikes-32831392/,https://www.openstreetmap.org/node/4150425790,downloaded,https://images.pexels.com/photos/32831392/pexels-photo-32831392.jpeg?auto=compress&cs=tinysrgb&h=350
am-thuc-dia-phuong,danangtrip/locations/lam-vien-restaurant/loc-214__lam-vien-restaurant__p01,downloaded:391871,osm-node-5485445021,https://images.pexels.com/photos/32831392/pexels-photo-32831392.jpeg?auto=compress&cs=tinysrgb&dpr=2&h=650&w=940,loc-214__lam-vien-restaurant__osm-node-5485445021__p01__pexels-32831392.jpg,D:\DATN\DATN_Tài liệu\data-center\media-assets\cloudinary-staging\locations\2026-06-04-overpass-published-inactive\originals\loc-214__lam-vien-restaurant__osm-node-5485445021__p01__pexels-32831392.jpg,214,Lam Vien Restaurant,lam-vien-restaurant,inactive,32831392,1,Tuan Vy,https://www.pexels.com/@tuan-vy-903011268,pexels,https://www.pexels.com/photo/street-view-of-vietnamese-restaurant-with-motorbikes-32831392/,https://www.openstreetmap.org/node/5485445021,downloaded,https://images.pexels.com/photos/32831392/pexels-photo-32831392.jpeg?auto=compress&cs=tinysrgb&h=350
khach-san-homestay,danangtrip/locations/lenid/loc-215__lenid__p01,downloaded:492934,osm-node-6544417147,https://images.pexels.com/photos/6875472/pexels-photo-6875472.jpeg?auto=compress&cs=tinysrgb&dpr=2&h=650&w=940,loc-215__lenid__osm-node-6544417147__p01__pexels-6875472.jpg,D:\DATN\DATN_Tài liệu\data-center\media-assets\cloudinary-staging\locations\2026-06-04-overpass-published-inactive\originals\loc-215__lenid__osm-node-6544417147__p01__pexels-6875472.jpg,215,Lenid,lenid,inactive,6875472,1,Quang Nguyen Vinh,https://www.pexels.com/@quang-nguyen-vinh-222549,pexels,https://www.pexels.com/photo/aerial-view-of-city-buildings-near-the-ocean-6875472/,https://www.openstreetmap.org/node/6544417147,downloaded,https://images.pexels.com/photos/6875472/pexels-photo-6875472.jpeg?auto=compress&cs=tinysrgb&h=350
check-in-noi-tieng,danangtrip/locations/linh-phong-bao-thap/loc-216__linh-phong-bao-thap__p01,downloaded:231592,osm-node-13687068650,https://images.pexels.com/photos/37579161/pexels-photo-37579161.jpeg?auto=compress&cs=tinysrgb&dpr=2&h=650&w=940,loc-216__linh-phong-bao-thap__osm-node-13687068650__p01__pexels-37579161.jpg,D:\DATN\DATN_Tài liệu\data-center\media-assets\cloudinary-staging\locations\2026-06-04-overpass-published-inactive\originals\loc-216__linh-phong-bao-thap__osm-node-13687068650__p01__pexels-37579161.jpg,216,Linh Phong Bao Thap,linh-phong-bao-thap,inactive,37579161,1,lhthoai,https://www.pexels.com/@lhthoai-2151363723,pexels,https://www.pexels.com/photo/scenic-view-of-linh-ung-pagoda-and-ocean-37579161/,https://www.openstreetmap.org/node/13687068650,downloaded,https://images.pexels.com/photos/37579161/pexels-photo-37579161.jpeg?auto=compress&cs=tinysrgb&h=350
khach-san-homestay,danangtrip/locations/lu-peaceful-homestay/loc-217__lu-peaceful-homestay__p01,downloaded:286494,osm-node-11889083769,https://images.pexels.com/photos/27630279/pexels-photo-27630279.jpeg?auto=compress&cs=tinysrgb&dpr=2&h=650&w=940,loc-217__lu-peaceful-homestay__osm-node-11889083769__p01__pexels-27630279.jpg,D:\DATN\DATN_Tài liệu\data-center\media-assets\cloudinary-staging\locations\2026-06-04-overpass-published-inactive\originals\loc-217__lu-peaceful-homestay__osm-node-11889083769__p01__pexels-27630279.jpg,217,Lu peaceful homestay,lu-peaceful-homestay,inactive,27630279,1,Duc Nguyen,https://www.pexels.com/@duc-nguyen-400576574,pexels,https://www.pexels.com/photo/a-woman-sitting-in-a-round-window-in-a-small-house-27630279/,https://www.openstreetmap.org/node/11889083769,downloaded,https://images.pexels.com/photos/27630279/pexels-photo-27630279.jpeg?auto=compress&cs=tinysrgb&h=350
khach-san-homestay,danangtrip/locations/luxtery/loc-218__luxtery__p01,downloaded:492934,osm-node-6544417154,https://images.pexels.com/photos/6875472/pexels-photo-6875472.jpeg?auto=compress&cs=tinysrgb&dpr=2&h=650&w=940,loc-218__luxtery__osm-node-6544417154__p01__pexels-6875472.jpg,D:\DATN\DATN_Tài liệu\data-center\media-assets\cloudinary-staging\locations\2026-06-04-overpass-published-inactive\originals\loc-218__luxtery__osm-node-6544417154__p01__pexels-6875472.jpg,218,Luxtery,luxtery,inactive,6875472,1,Quang Nguyen Vinh,https://www.pexels.com/@quang-nguyen-vinh-222549,pexels,https://www.pexels.com/photo/aerial-view-of-city-buildings-near-the-ocean-6875472/,https://www.openstreetmap.org/node/6544417154,downloaded,https://images.pexels.com/photos/6875472/pexels-photo-6875472.jpeg?auto=compress&cs=tinysrgb&h=350
am-thuc-dia-phuong,danangtrip/locations/mama-hotpot/loc-219__mama-hotpot__p01,downloaded:391871,osm-node-5696687927,https://images.pexels.com/photos/32831392/pexels-photo-32831392.jpeg?auto=compress&cs=tinysrgb&dpr=2&h=650&w=940,loc-219__mama-hotpot__osm-node-5696687927__p01__pexels-32831392.jpg,D:\DATN\DATN_Tài liệu\data-center\media-assets\cloudinary-staging\locations\2026-06-04-overpass-published-inactive\originals\loc-219__mama-hotpot__osm-node-5696687927__p01__pexels-32831392.jpg,219,Mama Hotpot,mama-hotpot,inactive,32831392,1,Tuan Vy,https://www.pexels.com/@tuan-vy-903011268,pexels,https://www.pexels.com/photo/street-view-of-vietnamese-restaurant-with-motorbikes-32831392/,https://www.openstreetmap.org/node/5696687927,downloaded,https://images.pexels.com/photos/32831392/pexels-photo-32831392.jpeg?auto=compress&cs=tinysrgb&h=350
khach-san-homestay,danangtrip/locations/mari-gold/loc-220__mari-gold__p01,downloaded:492934,osm-node-6544492198,https://images.pexels.com/photos/6875472/pexels-photo-6875472.jpeg?auto=compress&cs=tinysrgb&dpr=2&h=650&w=940,loc-220__mari-gold__osm-node-6544492198__p01__pexels-6875472.jpg,D:\DATN\DATN_Tài liệu\data-center\media-assets\cloudinary-staging\locations\2026-06-04-overpass-published-inactive\originals\loc-220__mari-gold__osm-node-6544492198__p01__pexels-6875472.jpg,220,Mari Gold,mari-gold,inactive,6875472,1,Quang Nguyen Vinh,https://www.pexels.com/@quang-nguyen-vinh-222549,pexels,https://www.pexels.com/photo/aerial-view-of-city-buildings-near-the-ocean-6875472/,https://www.openstreetmap.org/node/6544492198,downloaded,https://images.pexels.com/photos/6875472/pexels-photo-6875472.jpeg?auto=compress&cs=tinysrgb&h=350
am-thuc-dia-phuong,danangtrip/locations/memory-lounge/loc-221__memory-lounge__p01,downloaded:240025,osm-node-5429221882,https://images.pexels.com/photos/35271944/pexels-photo-35271944.jpeg?auto=compress&cs=tinysrgb&dpr=2&h=650&w=940,loc-221__memory-lounge__osm-node-5429221882__p01__pexels-35271944.jpg,D:\DATN\DATN_Tài liệu\data-center\media-assets\cloudinary-staging\locations\2026-06-04-overpass-published-inactive\originals\loc-221__memory-lounge__osm-node-5429221882__p01__pexels-35271944.jpg,221,Memory Lounge,memory-lounge,inactive,35271944,1,Nha van,https://www.pexels.com/@nhavan,pexels,https://www.pexels.com/photo/young-woman-enjoying-vietnamese-meal-indoors-35271944/,https://www.openstreetmap.org/node/5429221882,downloaded,https://images.pexels.com/photos/35271944/pexels-photo-35271944.jpeg?auto=compress&cs=tinysrgb&h=350
khach-san-homestay,danangtrip/locations/mercure-hotels/loc-222__mercure-hotels__p01,downloaded:492934,osm-node-4401223296,https://images.pexels.com/photos/6875472/pexels-photo-6875472.jpeg?auto=compress&cs=tinysrgb&dpr=2&h=650&w=940,loc-222__mercure-hotels__osm-node-4401223296__p01__pexels-6875472.jpg,D:\DATN\DATN_Tài liệu\data-center\media-assets\cloudinary-staging\locations\2026-06-04-overpass-published-inactive\originals\loc-222__mercure-hotels__osm-node-4401223296__p01__pexels-6875472.jpg,222,Mercure Hotels,mercure-hotels,inactive,6875472,1,Quang Nguyen Vinh,https://www.pexels.com/@quang-nguyen-vinh-222549,pexels,https://www.pexels.com/photo/aerial-view-of-city-buildings-near-the-ocean-6875472/,https://www.openstreetmap.org/node/4401223296,downloaded,https://images.pexels.com/photos/6875472/pexels-photo-6875472.jpeg?auto=compress&cs=tinysrgb&h=350
am-thuc-dia-phuong,danangtrip/locations/mi-quang-1a/loc-223__mi-quang-1a__p01,downloaded:375366,osm-node-4430077491,https://images.pexels.com/photos/33022451/pexels-photo-33022451.jpeg?auto=compress&cs=tinysrgb&dpr=2&h=650&w=940,loc-223__mi-quang-1a__osm-node-4430077491__p01__pexels-33022451.jpg,D:\DATN\DATN_Tài liệu\data-center\media-assets\cloudinary-staging\locations\2026-06-04-overpass-published-inactive\originals\loc-223__mi-quang-1a__osm-node-4430077491__p01__pexels-33022451.jpg,223,Mi Quang 1A,mi-quang-1a,inactive,33022451,1,LUC PH@M,https://www.pexels.com/@peterpham,pexels,https://www.pexels.com/photo/delicious-mi-quang-noodles-in-hoi-an-33022451/,https://www.openstreetmap.org/node/4430077491,downloaded,https://images.pexels.com/photos/33022451/pexels-photo-33022451.jpeg?auto=compress&cs=tinysrgb&h=350
am-thuc-dia-phuong,danangtrip/locations/mi-quang-ech/loc-224__mi-quang-ech__p01,downloaded:375366,osm-node-5116302323,https://images.pexels.com/photos/33022451/pexels-photo-33022451.jpeg?auto=compress&cs=tinysrgb&dpr=2&h=650&w=940,loc-224__mi-quang-ech__osm-node-5116302323__p01__pexels-33022451.jpg,D:\DATN\DATN_Tài liệu\data-center\media-assets\cloudinary-staging\locations\2026-06-04-overpass-published-inactive\originals\loc-224__mi-quang-ech__osm-node-5116302323__p01__pexels-33022451.jpg,224,Mi Quang Ech,mi-quang-ech,inactive,33022451,1,LUC PH@M,https://www.pexels.com/@peterpham,pexels,https://www.pexels.com/photo/delicious-mi-quang-noodles-in-hoi-an-33022451/,https://www.openstreetmap.org/node/5116302323,downloaded,https://images.pexels.com/photos/33022451/pexels-photo-33022451.jpeg?auto=compress&cs=tinysrgb&h=350
am-thuc-dia-phuong,danangtrip/locations/monsieur-crepes/loc-225__monsieur-crepes__p01,downloaded:228923,osm-node-6109158033,https://images.pexels.com/photos/36731635/pexels-photo-36731635.jpeg?auto=compress&cs=tinysrgb&dpr=2&h=650&w=940,loc-225__monsieur-crepes__osm-node-6109158033__p01__pexels-36731635.jpg,D:\DATN\DATN_Tài liệu\data-center\media-assets\cloudinary-staging\locations\2026-06-04-overpass-published-inactive\originals\loc-225__monsieur-crepes__osm-node-6109158033__p01__pexels-36731635.jpg,225,Monsieur Crepes,monsieur-crepes,inactive,36731635,1,TUAN PHAN,https://www.pexels.com/@tuan-phan-2156993475,pexels,https://www.pexels.com/photo/street-vendor-preparing-pancakes-at-night-in-h-i-an-36731635/,https://www.openstreetmap.org/node/6109158033,downloaded,https://images.pexels.com/photos/36731635/pexels-photo-36731635.jpeg?auto=compress&cs=tinysrgb&h=350
am-thuc-dia-phuong,danangtrip/locations/mumtaz/loc-226__mumtaz__p01,downloaded:391871,osm-node-6133794785,https://images.pexels.com/photos/32831392/pexels-photo-32831392.jpeg?auto=compress&cs=tinysrgb&dpr=2&h=650&w=940,loc-226__mumtaz__osm-node-6133794785__p01__pexels-32831392.jpg,D:\DATN\DATN_Tài liệu\data-center\media-assets\cloudinary-staging\locations\2026-06-04-overpass-published-inactive\originals\loc-226__mumtaz__osm-node-6133794785__p01__pexels-32831392.jpg,226,Mumtaz,mumtaz,inactive,32831392,1,Tuan Vy,https://www.pexels.com/@tuan-vy-903011268,pexels,https://www.pexels.com/photo/street-view-of-vietnamese-restaurant-with-motorbikes-32831392/,https://www.openstreetmap.org/node/6133794785,downloaded,https://images.pexels.com/photos/32831392/pexels-photo-32831392.jpeg?auto=compress&cs=tinysrgb&h=350
cong-vien-vuon-hoa,danangtrip/locations/my-khe-beach-park/loc-227__my-khe-beach-park__p01,downloaded:448711,osm-way-780440810,https://images.pexels.com/photos/14021725/pexels-photo-14021725.jpeg?auto=compress&cs=tinysrgb&dpr=2&h=650&w=940,loc-227__my-khe-beach-park__osm-way-780440810__p01__pexels-14021725.jpg,D:\DATN\DATN_Tài liệu\data-center\media-assets\cloudinary-staging\locations\2026-06-04-overpass-published-inactive\originals\loc-227__my-khe-beach-park__osm-way-780440810__p01__pexels-14021725.jpg,227,My Khe Beach Park,my-khe-beach-park,inactive,14021725,1,Quang Nguyen Vinh,https://www.pexels.com/@quang-nguyen-vinh-222549,pexels,https://www.pexels.com/photo/people-standing-near-the-apec-park-14021725/,https://www.openstreetmap.org/way/780440810,downloaded,https://images.pexels.com/photos/14021725/pexels-photo-14021725.jpeg?auto=compress&cs=tinysrgb&h=350
khach-san-homestay,danangtrip/locations/my-little-pig-homestay/loc-228__my-little-pig-homestay__p01,downloaded:286494,osm-node-8446244502,https://images.pexels.com/photos/27630279/pexels-photo-27630279.jpeg?auto=compress&cs=tinysrgb&dpr=2&h=650&w=940,loc-228__my-little-pig-homestay__osm-node-8446244502__p01__pexels-27630279.jpg,D:\DATN\DATN_Tài liệu\data-center\media-assets\cloudinary-staging\locations\2026-06-04-overpass-published-inactive\originals\loc-228__my-little-pig-homestay__osm-node-8446244502__p01__pexels-27630279.jpg,228,My Little Pig Homestay,my-little-pig-homestay,inactive,27630279,1,Duc Nguyen,https://www.pexels.com/@duc-nguyen-400576574,pexels,https://www.pexels.com/photo/a-woman-sitting-in-a-round-window-in-a-small-house-27630279/,https://www.openstreetmap.org/node/8446244502,downloaded,https://images.pexels.com/photos/27630279/pexels-photo-27630279.jpeg?auto=compress&cs=tinysrgb&h=350
khach-san-homestay,danangtrip/locations/new-life-hotel/loc-229__new-life-hotel__p01,downloaded:501538,osm-node-6530479393,https://images.pexels.com/photos/5273872/pexels-photo-5273872.jpeg?auto=compress&cs=tinysrgb&dpr=2&h=650&w=940,loc-229__new-life-hotel__osm-node-6530479393__p01__pexels-5273872.jpg,D:\DATN\DATN_Tài liệu\data-center\media-assets\cloudinary-staging\locations\2026-06-04-overpass-published-inactive\originals\loc-229__new-life-hotel__osm-node-6530479393__p01__pexels-5273872.jpg,229,New Life Hotel,new-life-hotel,inactive,5273872,1,Thanh Do,https://www.pexels.com/@dothanhyb,pexels,https://www.pexels.com/photo/nha-khach-hao-gia-hotel-5273872/,https://www.openstreetmap.org/node/6530479393,downloaded,https://images.pexels.com/photos/5273872/pexels-photo-5273872.jpeg?auto=compress&cs=tinysrgb&h=350
check-in-noi-tieng,danangtrip/locations/ngu-hanh-son/loc-230__ngu-hanh-son__p01,downloaded:426819,osm-relation-8552348,https://images.pexels.com/photos/15747058/pexels-photo-15747058.jpeg?auto=compress&cs=tinysrgb&dpr=2&h=650&w=940,loc-230__ngu-hanh-son__osm-relation-8552348__p01__pexels-15747058.jpg,D:\DATN\DATN_Tài liệu\data-center\media-assets\cloudinary-staging\locations\2026-06-04-overpass-published-inactive\originals\loc-230__ngu-hanh-son__osm-relation-8552348__p01__pexels-15747058.jpg,230,Ngu Hanh Son,ngu-hanh-son,inactive,15747058,1,Vincent Liew,https://www.pexels.com/@vincent-liew-471586480,pexels,https://www.pexels.com/photo/view-from-the-marble-mountains-da-nang-vietnam-15747058/,https://www.openstreetmap.org/relation/8552348,downloaded,https://images.pexels.com/photos/15747058/pexels-photo-15747058.jpeg?auto=compress&cs=tinysrgb&h=350
bao-tang-di-tich,danangtrip/locations/nha-bia/loc-231__nha-bia__p01,downloaded:306213,osm-node-13846529850,https://images.pexels.com/photos/4160742/pexels-photo-4160742.jpeg?auto=compress&cs=tinysrgb&dpr=2&h=650&w=940,loc-231__nha-bia__osm-node-13846529850__p01__pexels-4160742.jpg,D:\DATN\DATN_Tài liệu\data-center\media-assets\cloudinary-staging\locations\2026-06-04-overpass-published-inactive\originals\loc-231__nha-bia__osm-node-13846529850__p01__pexels-4160742.jpg,231,Nha Bia,nha-bia,inactive,4160742,1,HONG SON,https://www.pexels.com/@hson,pexels,https://www.pexels.com/photo/young-happy-woman-resting-near-entrance-of-modern-building-4160742/,https://www.openstreetmap.org/node/13846529850,downloaded,https://images.pexels.com/photos/4160742/pexels-photo-4160742.jpeg?auto=compress&cs=tinysrgb&h=350
khach-san-homestay,danangtrip/locations/nha-chung-homestay/loc-232__nha-chung-homestay__p01,downloaded:501538,osm-node-6654699997,https://images.pexels.com/photos/5273872/pexels-photo-5273872.jpeg?auto=compress&cs=tinysrgb&dpr=2&h=650&w=940,loc-232__nha-chung-homestay__osm-node-6654699997__p01__pexels-5273872.jpg,D:\DATN\DATN_Tài liệu\data-center\media-assets\cloudinary-staging\locations\2026-06-04-overpass-published-inactive\originals\loc-232__nha-chung-homestay__osm-node-6654699997__p01__pexels-5273872.jpg,232,Nha Chung Homestay,nha-chung-homestay,inactive,5273872,1,Thanh Do,https://www.pexels.com/@dothanhyb,pexels,https://www.pexels.com/photo/nha-khach-hao-gia-hotel-5273872/,https://www.openstreetmap.org/node/6654699997,downloaded,https://images.pexels.com/photos/5273872/pexels-photo-5273872.jpeg?auto=compress&cs=tinysrgb&h=350
am-thuc-dia-phuong,danangtrip/locations/nha-hang-chay/loc-233__nha-hang-chay__p01,downloaded:391871,osm-node-5796473953,https://images.pexels.com/photos/32831392/pexels-photo-32831392.jpeg?auto=compress&cs=tinysrgb&dpr=2&h=650&w=940,loc-233__nha-hang-chay__osm-node-5796473953__p01__pexels-32831392.jpg,D:\DATN\DATN_Tài liệu\data-center\media-assets\cloudinary-staging\locations\2026-06-04-overpass-published-inactive\originals\loc-233__nha-hang-chay__osm-node-5796473953__p01__pexels-32831392.jpg,233,Nha hang Chay,nha-hang-chay,inactive,32831392,1,Tuan Vy,https://www.pexels.com/@tuan-vy-903011268,pexels,https://www.pexels.com/photo/street-view-of-vietnamese-restaurant-with-motorbikes-32831392/,https://www.openstreetmap.org/node/5796473953,downloaded,https://images.pexels.com/photos/32831392/pexels-photo-32831392.jpeg?auto=compress&cs=tinysrgb&h=350
am-thuc-dia-phuong,danangtrip/locations/nha-hang-chay-hoa-sen-vegetarian-restaurant/loc-234__nha-hang-chay-hoa-sen-vegetarian-restaurant__p01,downloaded:391871,osm-node-5978084714,https://images.pexels.com/photos/32831392/pexels-photo-32831392.jpeg?auto=compress&cs=tinysrgb&dpr=2&h=650&w=940,loc-234__nha-hang-chay-hoa-sen-vegetarian-restaurant__osm-node-5978084714__p01__pexels-32831392.jpg,D:\DATN\DATN_Tài liệu\data-center\media-assets\cloudinary-staging\locations\2026-06-04-overpass-published-inactive\originals\loc-234__nha-hang-chay-hoa-sen-vegetarian-restaurant__osm-node-5978084714__p01__pexels-32831392.jpg,234,Nha Hang Chay Hoa Sen - Vegetarian Restaurant,nha-hang-chay-hoa-sen-vegetarian-restaurant,inactive,32831392,1,Tuan Vy,https://www.pexels.com/@tuan-vy-903011268,pexels,https://www.pexels.com/photo/street-view-of-vietnamese-restaurant-with-motorbikes-32831392/,https://www.openstreetmap.org/node/5978084714,downloaded,https://images.pexels.com/photos/32831392/pexels-photo-32831392.jpeg?auto=compress&cs=tinysrgb&h=350
am-thuc-dia-phuong,danangtrip/locations/nha-hang-hai-san-be-anh/loc-235__nha-hang-hai-san-be-anh__p01,downloaded:240025,osm-node-5485483822,https://images.pexels.com/photos/35271944/pexels-photo-35271944.jpeg?auto=compress&cs=tinysrgb&dpr=2&h=650&w=940,loc-235__nha-hang-hai-san-be-anh__osm-node-5485483822__p01__pexels-35271944.jpg,D:\DATN\DATN_Tài liệu\data-center\media-assets\cloudinary-staging\locations\2026-06-04-overpass-published-inactive\originals\loc-235__nha-hang-hai-san-be-anh__osm-node-5485483822__p01__pexels-35271944.jpg,235,Nha hang hai san Be Anh,nha-hang-hai-san-be-anh,inactive,35271944,1,Nha van,https://www.pexels.com/@nhavan,pexels,https://www.pexels.com/photo/young-woman-enjoying-vietnamese-meal-indoors-35271944/,https://www.openstreetmap.org/node/5485483822,downloaded,https://images.pexels.com/photos/35271944/pexels-photo-35271944.jpeg?auto=compress&cs=tinysrgb&h=350
am-thuc-dia-phuong,danangtrip/locations/nha-hang-hancook/loc-236__nha-hang-hancook__p01,downloaded:240025,osm-node-4464451390,https://images.pexels.com/photos/35271944/pexels-photo-35271944.jpeg?auto=compress&cs=tinysrgb&dpr=2&h=650&w=940,loc-236__nha-hang-hancook__osm-node-4464451390__p01__pexels-35271944.jpg,D:\DATN\DATN_Tài liệu\data-center\media-assets\cloudinary-staging\locations\2026-06-04-overpass-published-inactive\originals\loc-236__nha-hang-hancook__osm-node-4464451390__p01__pexels-35271944.jpg,236,Nha hang HanCook,nha-hang-hancook,inactive,35271944,1,Nha van,https://www.pexels.com/@nhavan,pexels,https://www.pexels.com/photo/young-woman-enjoying-vietnamese-meal-indoors-35271944/,https://www.openstreetmap.org/node/4464451390,downloaded,https://images.pexels.com/photos/35271944/pexels-photo-35271944.jpeg?auto=compress&cs=tinysrgb&h=350
am-thuc-dia-phuong,danangtrip/locations/nha-hang-hancook/loc-236__nha-hang-hancook__p01,downloaded:240025,osm-node-4339674598,https://images.pexels.com/photos/35271944/pexels-photo-35271944.jpeg?auto=compress&cs=tinysrgb&dpr=2&h=650&w=940,loc-236__nha-hang-hancook__osm-node-4339674598__p01__pexels-35271944.jpg,D:\DATN\DATN_Tài liệu\data-center\media-assets\cloudinary-staging\locations\2026-06-04-overpass-published-inactive\originals\loc-236__nha-hang-hancook__osm-node-4339674598__p01__pexels-35271944.jpg,236,Nha hang HanCook,nha-hang-hancook,inactive,35271944,1,Nha van,https://www.pexels.com/@nhavan,pexels,https://www.pexels.com/photo/young-woman-enjoying-vietnamese-meal-indoors-35271944/,https://www.openstreetmap.org/node/4339674598,downloaded,https://images.pexels.com/photos/35271944/pexels-photo-35271944.jpeg?auto=compress&cs=tinysrgb&h=350
am-thuc-dia-phuong,danangtrip/locations/nha-hang-hancook/loc-236__nha-hang-hancook__p01,downloaded:240025,osm-node-4464451389,https://images.pexels.com/photos/35271944/pexels-photo-35271944.jpeg?auto=compress&cs=tinysrgb&dpr=2&h=650&w=940,loc-236__nha-hang-hancook__osm-node-4464451389__p01__pexels-35271944.jpg,D:\DATN\DATN_Tài liệu\data-center\media-assets\cloudinary-staging\locations\2026-06-04-overpass-published-inactive\originals\loc-236__nha-hang-hancook__osm-node-4464451389__p01__pexels-35271944.jpg,236,Nha hang HanCook,nha-hang-hancook,inactive,35271944,1,Nha van,https://www.pexels.com/@nhavan,pexels,https://www.pexels.com/photo/young-woman-enjoying-vietnamese-meal-indoors-35271944/,https://www.openstreetmap.org/node/4464451389,downloaded,https://images.pexels.com/photos/35271944/pexels-photo-35271944.jpeg?auto=compress&cs=tinysrgb&h=350
khach-san-homestay,danangtrip/locations/nha-tro-dinh-quoc-vuong/loc-239__nha-tro-dinh-quoc-vuong__p01,downloaded:501538,osm-node-3489018330,https://images.pexels.com/photos/5273872/pexels-photo-5273872.jpeg?auto=compress&cs=tinysrgb&dpr=2&h=650&w=940,loc-239__nha-tro-dinh-quoc-vuong__osm-node-3489018330__p01__pexels-5273872.jpg,D:\DATN\DATN_Tài liệu\data-center\media-assets\cloudinary-staging\locations\2026-06-04-overpass-published-inactive\originals\loc-239__nha-tro-dinh-quoc-vuong__osm-node-3489018330__p01__pexels-5273872.jpg,239,Nha tro Dinh Quoc Vuong,nha-tro-dinh-quoc-vuong,inactive,5273872,1,Thanh Do,https://www.pexels.com/@dothanhyb,pexels,https://www.pexels.com/photo/nha-khach-hao-gia-hotel-5273872/,https://www.openstreetmap.org/node/3489018330,downloaded,https://images.pexels.com/photos/5273872/pexels-photo-5273872.jpeg?auto=compress&cs=tinysrgb&h=350
khach-san-homestay,danangtrip/locations/nha-tro-duong-thi-tanh/loc-240__nha-tro-duong-thi-tanh__p01,downloaded:501538,osm-node-3478891526,https://images.pexels.com/photos/5273872/pexels-photo-5273872.jpeg?auto=compress&cs=tinysrgb&dpr=2&h=650&w=940,loc-240__nha-tro-duong-thi-tanh__osm-node-3478891526__p01__pexels-5273872.jpg,D:\DATN\DATN_Tài liệu\data-center\media-assets\cloudinary-staging\locations\2026-06-04-overpass-published-inactive\originals\loc-240__nha-tro-duong-thi-tanh__osm-node-3478891526__p01__pexels-5273872.jpg,240,Nha tro DUong Thi Tanh,nha-tro-duong-thi-tanh,inactive,5273872,1,Thanh Do,https://www.pexels.com/@dothanhyb,pexels,https://www.pexels.com/photo/nha-khach-hao-gia-hotel-5273872/,https://www.openstreetmap.org/node/3478891526,downloaded,https://images.pexels.com/photos/5273872/pexels-photo-5273872.jpeg?auto=compress&cs=tinysrgb&h=350
khach-san-homestay,danangtrip/locations/nha-tro-hoang-van-sinh/loc-241__nha-tro-hoang-van-sinh__p01,downloaded:501538,osm-node-3489018328,https://images.pexels.com/photos/5273872/pexels-photo-5273872.jpeg?auto=compress&cs=tinysrgb&dpr=2&h=650&w=940,loc-241__nha-tro-hoang-van-sinh__osm-node-3489018328__p01__pexels-5273872.jpg,D:\DATN\DATN_Tài liệu\data-center\media-assets\cloudinary-staging\locations\2026-06-04-overpass-published-inactive\originals\loc-241__nha-tro-hoang-van-sinh__osm-node-3489018328__p01__pexels-5273872.jpg,241,Nha tro Hoang Van Sinh,nha-tro-hoang-van-sinh,inactive,5273872,1,Thanh Do,https://www.pexels.com/@dothanhyb,pexels,https://www.pexels.com/photo/nha-khach-hao-gia-hotel-5273872/,https://www.openstreetmap.org/node/3489018328,downloaded,https://images.pexels.com/photos/5273872/pexels-photo-5273872.jpeg?auto=compress&cs=tinysrgb&h=350
khach-san-homestay,danangtrip/locations/nha-tro-hua-dien/loc-242__nha-tro-hua-dien__p01,downloaded:501538,osm-node-3512677311,https://images.pexels.com/photos/5273872/pexels-photo-5273872.jpeg?auto=compress&cs=tinysrgb&dpr=2&h=650&w=940,loc-242__nha-tro-hua-dien__osm-node-3512677311__p01__pexels-5273872.jpg,D:\DATN\DATN_Tài liệu\data-center\media-assets\cloudinary-staging\locations\2026-06-04-overpass-published-inactive\originals\loc-242__nha-tro-hua-dien__osm-node-3512677311__p01__pexels-5273872.jpg,242,Nha tro Hua Dien,nha-tro-hua-dien,inactive,5273872,1,Thanh Do,https://www.pexels.com/@dothanhyb,pexels,https://www.pexels.com/photo/nha-khach-hao-gia-hotel-5273872/,https://www.openstreetmap.org/node/3512677311,downloaded,https://images.pexels.com/photos/5273872/pexels-photo-5273872.jpeg?auto=compress&cs=tinysrgb&h=350
khach-san-homestay,danangtrip/locations/nha-tro-huynh-dinh/loc-243__nha-tro-huynh-dinh__p01,downloaded:501538,osm-node-3455687232,https://images.pexels.com/photos/5273872/pexels-photo-5273872.jpeg?auto=compress&cs=tinysrgb&dpr=2&h=650&w=940,loc-243__nha-tro-huynh-dinh__osm-node-3455687232__p01__pexels-5273872.jpg,D:\DATN\DATN_Tài liệu\data-center\media-assets\cloudinary-staging\locations\2026-06-04-overpass-published-inactive\originals\loc-243__nha-tro-huynh-dinh__osm-node-3455687232__p01__pexels-5273872.jpg,243,Nha tro Huynh Dinh,nha-tro-huynh-dinh,inactive,5273872,1,Thanh Do,https://www.pexels.com/@dothanhyb,pexels,https://www.pexels.com/photo/nha-khach-hao-gia-hotel-5273872/,https://www.openstreetmap.org/node/3455687232,downloaded,https://images.pexels.com/photos/5273872/pexels-photo-5273872.jpeg?auto=compress&cs=tinysrgb&h=350
khach-san-homestay,danangtrip/locations/nha-tro-huynh-dinh-dung/loc-244__nha-tro-huynh-dinh-dung__p01,downloaded:501538,osm-node-3560105163,https://images.pexels.com/photos/5273872/pexels-photo-5273872.jpeg?auto=compress&cs=tinysrgb&dpr=2&h=650&w=940,loc-244__nha-tro-huynh-dinh-dung__osm-node-3560105163__p01__pexels-5273872.jpg,D:\DATN\DATN_Tài liệu\data-center\media-assets\cloudinary-staging\locations\2026-06-04-overpass-published-inactive\originals\loc-244__nha-tro-huynh-dinh-dung__osm-node-3560105163__p01__pexels-5273872.jpg,244,Nha tro Huynh Dinh Dung,nha-tro-huynh-dinh-dung,inactive,5273872,1,Thanh Do,https://www.pexels.com/@dothanhyb,pexels,https://www.pexels.com/photo/nha-khach-hao-gia-hotel-5273872/,https://www.openstreetmap.org/node/3560105163,downloaded,https://images.pexels.com/photos/5273872/pexels-photo-5273872.jpeg?auto=compress&cs=tinysrgb&h=350
khach-san-homestay,danangtrip/locations/nha-tro-le-duc-tin/loc-245__nha-tro-le-duc-tin__p01,downloaded:501538,osm-node-3489018331,https://images.pexels.com/photos/5273872/pexels-photo-5273872.jpeg?auto=compress&cs=tinysrgb&dpr=2&h=650&w=940,loc-245__nha-tro-le-duc-tin__osm-node-3489018331__p01__pexels-5273872.jpg,D:\DATN\DATN_Tài liệu\data-center\media-assets\cloudinary-staging\locations\2026-06-04-overpass-published-inactive\originals\loc-245__nha-tro-le-duc-tin__osm-node-3489018331__p01__pexels-5273872.jpg,245,Nha tro Le Duc Tin,nha-tro-le-duc-tin,inactive,5273872,1,Thanh Do,https://www.pexels.com/@dothanhyb,pexels,https://www.pexels.com/photo/nha-khach-hao-gia-hotel-5273872/,https://www.openstreetmap.org/node/3489018331,downloaded,https://images.pexels.com/photos/5273872/pexels-photo-5273872.jpeg?auto=compress&cs=tinysrgb&h=350
khach-san-homestay,danangtrip/locations/nha-tro-mai-truc-lam/loc-246__nha-tro-mai-truc-lam__p01,downloaded:501538,osm-node-3495233441,https://images.pexels.com/photos/5273872/pexels-photo-5273872.jpeg?auto=compress&cs=tinysrgb&dpr=2&h=650&w=940,loc-246__nha-tro-mai-truc-lam__osm-node-3495233441__p01__pexels-5273872.jpg,D:\DATN\DATN_Tài liệu\data-center\media-assets\cloudinary-staging\locations\2026-06-04-overpass-published-inactive\originals\loc-246__nha-tro-mai-truc-lam__osm-node-3495233441__p01__pexels-5273872.jpg,246,Nha tro Mai Truc Lam,nha-tro-mai-truc-lam,inactive,5273872,1,Thanh Do,https://www.pexels.com/@dothanhyb,pexels,https://www.pexels.com/photo/nha-khach-hao-gia-hotel-5273872/,https://www.openstreetmap.org/node/3495233441,downloaded,https://images.pexels.com/photos/5273872/pexels-photo-5273872.jpeg?auto=compress&cs=tinysrgb&h=350
khach-san-homestay,danangtrip/locations/nha-tro-ngo-dinh-tu/loc-247__nha-tro-ngo-dinh-tu__p01,downloaded:501538,osm-node-3514922511,https://images.pexels.com/photos/5273872/pexels-photo-5273872.jpeg?auto=compress&cs=tinysrgb&dpr=2&h=650&w=940,loc-247__nha-tro-ngo-dinh-tu__osm-node-3514922511__p01__pexels-5273872.jpg,D:\DATN\DATN_Tài liệu\data-center\media-assets\cloudinary-staging\locations\2026-06-04-overpass-published-inactive\originals\loc-247__nha-tro-ngo-dinh-tu__osm-node-3514922511__p01__pexels-5273872.jpg,247,Nha tro Ngo Dinh Tu,nha-tro-ngo-dinh-tu,inactive,5273872,1,Thanh Do,https://www.pexels.com/@dothanhyb,pexels,https://www.pexels.com/photo/nha-khach-hao-gia-hotel-5273872/,https://www.openstreetmap.org/node/3514922511,downloaded,https://images.pexels.com/photos/5273872/pexels-photo-5273872.jpeg?auto=compress&cs=tinysrgb&h=350
khach-san-homestay,danangtrip/locations/nha-tro-nguyen-doan-chinh/loc-248__nha-tro-nguyen-doan-chinh__p01,downloaded:501538,osm-node-3560105167,https://images.pexels.com/photos/5273872/pexels-photo-5273872.jpeg?auto=compress&cs=tinysrgb&dpr=2&h=650&w=940,loc-248__nha-tro-nguyen-doan-chinh__osm-node-3560105167__p01__pexels-5273872.jpg,D:\DATN\DATN_Tài liệu\data-center\media-assets\cloudinary-staging\locations\2026-06-04-overpass-published-inactive\originals\loc-248__nha-tro-nguyen-doan-chinh__osm-node-3560105167__p01__pexels-5273872.jpg,248,Nha tro Nguyen Doan Chinh,nha-tro-nguyen-doan-chinh,inactive,5273872,1,Thanh Do,https://www.pexels.com/@dothanhyb,pexels,https://www.pexels.com/photo/nha-khach-hao-gia-hotel-5273872/,https://www.openstreetmap.org/node/3560105167,downloaded,https://images.pexels.com/photos/5273872/pexels-photo-5273872.jpeg?auto=compress&cs=tinysrgb&h=350
khach-san-homestay,danangtrip/locations/nha-tro-nguyen-huy-vu/loc-249__nha-tro-nguyen-huy-vu__p01,downloaded:501538,osm-node-3560105161,https://images.pexels.com/photos/5273872/pexels-photo-5273872.jpeg?auto=compress&cs=tinysrgb&dpr=2&h=650&w=940,loc-249__nha-tro-nguyen-huy-vu__osm-node-3560105161__p01__pexels-5273872.jpg,D:\DATN\DATN_Tài liệu\data-center\media-assets\cloudinary-staging\locations\2026-06-04-overpass-published-inactive\originals\loc-249__nha-tro-nguyen-huy-vu__osm-node-3560105161__p01__pexels-5273872.jpg,249,Nha tro Nguyen Huy Vu,nha-tro-nguyen-huy-vu,inactive,5273872,1,Thanh Do,https://www.pexels.com/@dothanhyb,pexels,https://www.pexels.com/photo/nha-khach-hao-gia-hotel-5273872/,https://www.openstreetmap.org/node/3560105161,downloaded,https://images.pexels.com/photos/5273872/pexels-photo-5273872.jpeg?auto=compress&cs=tinysrgb&h=350
khach-san-homestay,danangtrip/locations/nha-tro-nguyen-le-viet/loc-250__nha-tro-nguyen-le-viet__p01,downloaded:501538,osm-node-3560105165,https://images.pexels.com/photos/5273872/pexels-photo-5273872.jpeg?auto=compress&cs=tinysrgb&dpr=2&h=650&w=940,loc-250__nha-tro-nguyen-le-viet__osm-node-3560105165__p01__pexels-5273872.jpg,D:\DATN\DATN_Tài liệu\data-center\media-assets\cloudinary-staging\locations\2026-06-04-overpass-published-inactive\originals\loc-250__nha-tro-nguyen-le-viet__osm-node-3560105165__p01__pexels-5273872.jpg,250,Nha tro Nguyen Le Viet,nha-tro-nguyen-le-viet,inactive,5273872,1,Thanh Do,https://www.pexels.com/@dothanhyb,pexels,https://www.pexels.com/photo/nha-khach-hao-gia-hotel-5273872/,https://www.openstreetmap.org/node/3560105165,downloaded,https://images.pexels.com/photos/5273872/pexels-photo-5273872.jpeg?auto=compress&cs=tinysrgb&h=350
khach-san-homestay,danangtrip/locations/nha-tro-nguyen-long/loc-251__nha-tro-nguyen-long__p01,downloaded:501538,osm-node-3516506506,https://images.pexels.com/photos/5273872/pexels-photo-5273872.jpeg?auto=compress&cs=tinysrgb&dpr=2&h=650&w=940,loc-251__nha-tro-nguyen-long__osm-node-3516506506__p01__pexels-5273872.jpg,D:\DATN\DATN_Tài liệu\data-center\media-assets\cloudinary-staging\locations\2026-06-04-overpass-published-inactive\originals\loc-251__nha-tro-nguyen-long__osm-node-3516506506__p01__pexels-5273872.jpg,251,Nha tro Nguyen Long,nha-tro-nguyen-long,inactive,5273872,1,Thanh Do,https://www.pexels.com/@dothanhyb,pexels,https://www.pexels.com/photo/nha-khach-hao-gia-hotel-5273872/,https://www.openstreetmap.org/node/3516506506,downloaded,https://images.pexels.com/photos/5273872/pexels-photo-5273872.jpeg?auto=compress&cs=tinysrgb&h=350
khach-san-homestay,danangtrip/locations/nha-tro-nguyen-ngoc-linh/loc-252__nha-tro-nguyen-ngoc-linh__p01,downloaded:501538,osm-node-3560105160,https://images.pexels.com/photos/5273872/pexels-photo-5273872.jpeg?auto=compress&cs=tinysrgb&dpr=2&h=650&w=940,loc-252__nha-tro-nguyen-ngoc-linh__osm-node-3560105160__p01__pexels-5273872.jpg,D:\DATN\DATN_Tài liệu\data-center\media-assets\cloudinary-staging\locations\2026-06-04-overpass-published-inactive\originals\loc-252__nha-tro-nguyen-ngoc-linh__osm-node-3560105160__p01__pexels-5273872.jpg,252,Nha tro Nguyen Ngoc Linh,nha-tro-nguyen-ngoc-linh,inactive,5273872,1,Thanh Do,https://www.pexels.com/@dothanhyb,pexels,https://www.pexels.com/photo/nha-khach-hao-gia-hotel-5273872/,https://www.openstreetmap.org/node/3560105160,downloaded,https://images.pexels.com/photos/5273872/pexels-photo-5273872.jpeg?auto=compress&cs=tinysrgb&h=350
khach-san-homestay,danangtrip/locations/nha-tro-nguyen-quoc-dung/loc-253__nha-tro-nguyen-quoc-dung__p01,downloaded:501538,osm-node-3496244410,https://images.pexels.com/photos/5273872/pexels-photo-5273872.jpeg?auto=compress&cs=tinysrgb&dpr=2&h=650&w=940,loc-253__nha-tro-nguyen-quoc-dung__osm-node-3496244410__p01__pexels-5273872.jpg,D:\DATN\DATN_Tài liệu\data-center\media-assets\cloudinary-staging\locations\2026-06-04-overpass-published-inactive\originals\loc-253__nha-tro-nguyen-quoc-dung__osm-node-3496244410__p01__pexels-5273872.jpg,253,Nha tro Nguyen Quoc Dung,nha-tro-nguyen-quoc-dung,inactive,5273872,1,Thanh Do,https://www.pexels.com/@dothanhyb,pexels,https://www.pexels.com/photo/nha-khach-hao-gia-hotel-5273872/,https://www.openstreetmap.org/node/3496244410,downloaded,https://images.pexels.com/photos/5273872/pexels-photo-5273872.jpeg?auto=compress&cs=tinysrgb&h=350
khach-san-homestay,danangtrip/locations/nha-tro-nguyen-thi-nga/loc-254__nha-tro-nguyen-thi-nga__p01,downloaded:501538,osm-node-3455679141,https://images.pexels.com/photos/5273872/pexels-photo-5273872.jpeg?auto=compress&cs=tinysrgb&dpr=2&h=650&w=940,loc-254__nha-tro-nguyen-thi-nga__osm-node-3455679141__p01__pexels-5273872.jpg,D:\DATN\DATN_Tài liệu\data-center\media-assets\cloudinary-staging\locations\2026-06-04-overpass-published-inactive\originals\loc-254__nha-tro-nguyen-thi-nga__osm-node-3455679141__p01__pexels-5273872.jpg,254,Nha tro Nguyen Thi Nga,nha-tro-nguyen-thi-nga,inactive,5273872,1,Thanh Do,https://www.pexels.com/@dothanhyb,pexels,https://www.pexels.com/photo/nha-khach-hao-gia-hotel-5273872/,https://www.openstreetmap.org/node/3455679141,downloaded,https://images.pexels.com/photos/5273872/pexels-photo-5273872.jpeg?auto=compress&cs=tinysrgb&h=350
khach-san-homestay,danangtrip/locations/nha-tro-nguyen-thi-thu-ha/loc-255__nha-tro-nguyen-thi-thu-ha__p01,downloaded:501538,osm-node-3560105166,https://images.pexels.com/photos/5273872/pexels-photo-5273872.jpeg?auto=compress&cs=tinysrgb&dpr=2&h=650&w=940,loc-255__nha-tro-nguyen-thi-thu-ha__osm-node-3560105166__p01__pexels-5273872.jpg,D:\DATN\DATN_Tài liệu\data-center\media-assets\cloudinary-staging\locations\2026-06-04-overpass-published-inactive\originals\loc-255__nha-tro-nguyen-thi-thu-ha__osm-node-3560105166__p01__pexels-5273872.jpg,255,Nha tro Nguyen Thi Thu Ha,nha-tro-nguyen-thi-thu-ha,inactive,5273872,1,Thanh Do,https://www.pexels.com/@dothanhyb,pexels,https://www.pexels.com/photo/nha-khach-hao-gia-hotel-5273872/,https://www.openstreetmap.org/node/3560105166,downloaded,https://images.pexels.com/photos/5273872/pexels-photo-5273872.jpeg?auto=compress&cs=tinysrgb&h=350
khach-san-homestay,danangtrip/locations/nha-tro-nguyen-van-hung/loc-256__nha-tro-nguyen-van-hung__p01,downloaded:501538,osm-node-3497145815,https://images.pexels.com/photos/5273872/pexels-photo-5273872.jpeg?auto=compress&cs=tinysrgb&dpr=2&h=650&w=940,loc-256__nha-tro-nguyen-van-hung__osm-node-3497145815__p01__pexels-5273872.jpg,D:\DATN\DATN_Tài liệu\data-center\media-assets\cloudinary-staging\locations\2026-06-04-overpass-published-inactive\originals\loc-256__nha-tro-nguyen-van-hung__osm-node-3497145815__p01__pexels-5273872.jpg,256,Nha tro Nguyen Van Hung,nha-tro-nguyen-van-hung,inactive,5273872,1,Thanh Do,https://www.pexels.com/@dothanhyb,pexels,https://www.pexels.com/photo/nha-khach-hao-gia-hotel-5273872/,https://www.openstreetmap.org/node/3497145815,downloaded,https://images.pexels.com/photos/5273872/pexels-photo-5273872.jpeg?auto=compress&cs=tinysrgb&h=350
khach-san-homestay,danangtrip/locations/nha-tro-nguyen-van-sy/loc-257__nha-tro-nguyen-van-sy__p01,downloaded:501538,osm-node-3495233434,https://images.pexels.com/photos/5273872/pexels-photo-5273872.jpeg?auto=compress&cs=tinysrgb&dpr=2&h=650&w=940,loc-257__nha-tro-nguyen-van-sy__osm-node-3495233434__p01__pexels-5273872.jpg,D:\DATN\DATN_Tài liệu\data-center\media-assets\cloudinary-staging\locations\2026-06-04-overpass-published-inactive\originals\loc-257__nha-tro-nguyen-van-sy__osm-node-3495233434__p01__pexels-5273872.jpg,257,Nha tro Nguyen Van Sy,nha-tro-nguyen-van-sy,inactive,5273872,1,Thanh Do,https://www.pexels.com/@dothanhyb,pexels,https://www.pexels.com/photo/nha-khach-hao-gia-hotel-5273872/,https://www.openstreetmap.org/node/3495233434,downloaded,https://images.pexels.com/photos/5273872/pexels-photo-5273872.jpeg?auto=compress&cs=tinysrgb&h=350
khach-san-homestay,danangtrip/locations/nha-tro-pham-ngoc-hai/loc-258__nha-tro-pham-ngoc-hai__p01,downloaded:501538,osm-node-3497145814,https://images.pexels.com/photos/5273872/pexels-photo-5273872.jpeg?auto=compress&cs=tinysrgb&dpr=2&h=650&w=940,loc-258__nha-tro-pham-ngoc-hai__osm-node-3497145814__p01__pexels-5273872.jpg,D:\DATN\DATN_Tài liệu\data-center\media-assets\cloudinary-staging\locations\2026-06-04-overpass-published-inactive\originals\loc-258__nha-tro-pham-ngoc-hai__osm-node-3497145814__p01__pexels-5273872.jpg,258,Nha tro Pham Ngoc Hai,nha-tro-pham-ngoc-hai,inactive,5273872,1,Thanh Do,https://www.pexels.com/@dothanhyb,pexels,https://www.pexels.com/photo/nha-khach-hao-gia-hotel-5273872/,https://www.openstreetmap.org/node/3497145814,downloaded,https://images.pexels.com/photos/5273872/pexels-photo-5273872.jpeg?auto=compress&cs=tinysrgb&h=350
khach-san-homestay,danangtrip/locations/nha-tro-pham-nhat-tan/loc-259__nha-tro-pham-nhat-tan__p01,downloaded:501538,osm-node-3560105162,https://images.pexels.com/photos/5273872/pexels-photo-5273872.jpeg?auto=compress&cs=tinysrgb&dpr=2&h=650&w=940,loc-259__nha-tro-pham-nhat-tan__osm-node-3560105162__p01__pexels-5273872.jpg,D:\DATN\DATN_Tài liệu\data-center\media-assets\cloudinary-staging\locations\2026-06-04-overpass-published-inactive\originals\loc-259__nha-tro-pham-nhat-tan__osm-node-3560105162__p01__pexels-5273872.jpg,259,Nha tro Pham Nhat Tan,nha-tro-pham-nhat-tan,inactive,5273872,1,Thanh Do,https://www.pexels.com/@dothanhyb,pexels,https://www.pexels.com/photo/nha-khach-hao-gia-hotel-5273872/,https://www.openstreetmap.org/node/3560105162,downloaded,https://images.pexels.com/photos/5273872/pexels-photo-5273872.jpeg?auto=compress&cs=tinysrgb&h=350
khach-san-homestay,danangtrip/locations/nha-tro-phan-thanh-huan/loc-260__nha-tro-phan-thanh-huan__p01,downloaded:501538,osm-node-3560105164,https://images.pexels.com/photos/5273872/pexels-photo-5273872.jpeg?auto=compress&cs=tinysrgb&dpr=2&h=650&w=940,loc-260__nha-tro-phan-thanh-huan__osm-node-3560105164__p01__pexels-5273872.jpg,D:\DATN\DATN_Tài liệu\data-center\media-assets\cloudinary-staging\locations\2026-06-04-overpass-published-inactive\originals\loc-260__nha-tro-phan-thanh-huan__osm-node-3560105164__p01__pexels-5273872.jpg,260,Nha tro Phan Thanh Huan,nha-tro-phan-thanh-huan,inactive,5273872,1,Thanh Do,https://www.pexels.com/@dothanhyb,pexels,https://www.pexels.com/photo/nha-khach-hao-gia-hotel-5273872/,https://www.openstreetmap.org/node/3560105164,downloaded,https://images.pexels.com/photos/5273872/pexels-photo-5273872.jpeg?auto=compress&cs=tinysrgb&h=350
khach-san-homestay,danangtrip/locations/nha-tro-tan-canh/loc-261__nha-tro-tan-canh__p01,downloaded:501538,osm-node-3495233433,https://images.pexels.com/photos/5273872/pexels-photo-5273872.jpeg?auto=compress&cs=tinysrgb&dpr=2&h=650&w=940,loc-261__nha-tro-tan-canh__osm-node-3495233433__p01__pexels-5273872.jpg,D:\DATN\DATN_Tài liệu\data-center\media-assets\cloudinary-staging\locations\2026-06-04-overpass-published-inactive\originals\loc-261__nha-tro-tan-canh__osm-node-3495233433__p01__pexels-5273872.jpg,261,Nha tro Tan Canh,nha-tro-tan-canh,inactive,5273872,1,Thanh Do,https://www.pexels.com/@dothanhyb,pexels,https://www.pexels.com/photo/nha-khach-hao-gia-hotel-5273872/,https://www.openstreetmap.org/node/3495233433,downloaded,https://images.pexels.com/photos/5273872/pexels-photo-5273872.jpeg?auto=compress&cs=tinysrgb&h=350
khach-san-homestay,danangtrip/locations/nha-tro-tan-thanh-huyen/loc-262__nha-tro-tan-thanh-huyen__p01,downloaded:501538,osm-node-3478891527,https://images.pexels.com/photos/5273872/pexels-photo-5273872.jpeg?auto=compress&cs=tinysrgb&dpr=2&h=650&w=940,loc-262__nha-tro-tan-thanh-huyen__osm-node-3478891527__p01__pexels-5273872.jpg,D:\DATN\DATN_Tài liệu\data-center\media-assets\cloudinary-staging\locations\2026-06-04-overpass-published-inactive\originals\loc-262__nha-tro-tan-thanh-huyen__osm-node-3478891527__p01__pexels-5273872.jpg,262,Nha tro Tan Thanh Huyen,nha-tro-tan-thanh-huyen,inactive,5273872,1,Thanh Do,https://www.pexels.com/@dothanhyb,pexels,https://www.pexels.com/photo/nha-khach-hao-gia-hotel-5273872/,https://www.openstreetmap.org/node/3478891527,downloaded,https://images.pexels.com/photos/5273872/pexels-photo-5273872.jpeg?auto=compress&cs=tinysrgb&h=350
khach-san-homestay,danangtrip/locations/nha-tro-tran-hung-sang/loc-263__nha-tro-tran-hung-sang__p01,downloaded:501538,osm-node-3512677310,https://images.pexels.com/photos/5273872/pexels-photo-5273872.jpeg?auto=compress&cs=tinysrgb&dpr=2&h=650&w=940,loc-263__nha-tro-tran-hung-sang__osm-node-3512677310__p01__pexels-5273872.jpg,D:\DATN\DATN_Tài liệu\data-center\media-assets\cloudinary-staging\locations\2026-06-04-overpass-published-inactive\originals\loc-263__nha-tro-tran-hung-sang__osm-node-3512677310__p01__pexels-5273872.jpg,263,Nha tro Tran Hung Sang,nha-tro-tran-hung-sang,inactive,5273872,1,Thanh Do,https://www.pexels.com/@dothanhyb,pexels,https://www.pexels.com/photo/nha-khach-hao-gia-hotel-5273872/,https://www.openstreetmap.org/node/3512677310,downloaded,https://images.pexels.com/photos/5273872/pexels-photo-5273872.jpeg?auto=compress&cs=tinysrgb&h=350
khach-san-homestay,danangtrip/locations/nha-tro-tran-quan/loc-264__nha-tro-tran-quan__p01,downloaded:501538,osm-node-3495233439,https://images.pexels.com/photos/5273872/pexels-photo-5273872.jpeg?auto=compress&cs=tinysrgb&dpr=2&h=650&w=940,loc-264__nha-tro-tran-quan__osm-node-3495233439__p01__pexels-5273872.jpg,D:\DATN\DATN_Tài liệu\data-center\media-assets\cloudinary-staging\locations\2026-06-04-overpass-published-inactive\originals\loc-264__nha-tro-tran-quan__osm-node-3495233439__p01__pexels-5273872.jpg,264,Nha tro Tran Quan,nha-tro-tran-quan,inactive,5273872,1,Thanh Do,https://www.pexels.com/@dothanhyb,pexels,https://www.pexels.com/photo/nha-khach-hao-gia-hotel-5273872/,https://www.openstreetmap.org/node/3495233439,downloaded,https://images.pexels.com/photos/5273872/pexels-photo-5273872.jpeg?auto=compress&cs=tinysrgb&h=350
khach-san-homestay,danangtrip/locations/nha-tro-tran-thai-phuong/loc-265__nha-tro-tran-thai-phuong__p01,downloaded:501538,osm-node-3514922509,https://images.pexels.com/photos/5273872/pexels-photo-5273872.jpeg?auto=compress&cs=tinysrgb&dpr=2&h=650&w=940,loc-265__nha-tro-tran-thai-phuong__osm-node-3514922509__p01__pexels-5273872.jpg,D:\DATN\DATN_Tài liệu\data-center\media-assets\cloudinary-staging\locations\2026-06-04-overpass-published-inactive\originals\loc-265__nha-tro-tran-thai-phuong__osm-node-3514922509__p01__pexels-5273872.jpg,265,Nha tro Tran Thai Phuong,nha-tro-tran-thai-phuong,inactive,5273872,1,Thanh Do,https://www.pexels.com/@dothanhyb,pexels,https://www.pexels.com/photo/nha-khach-hao-gia-hotel-5273872/,https://www.openstreetmap.org/node/3514922509,downloaded,https://images.pexels.com/photos/5273872/pexels-photo-5273872.jpeg?auto=compress&cs=tinysrgb&h=350
khach-san-homestay,danangtrip/locations/nha-tro-tran-trong-khiem/loc-266__nha-tro-tran-trong-khiem__p01,downloaded:501538,osm-node-3516506507,https://images.pexels.com/photos/5273872/pexels-photo-5273872.jpeg?auto=compress&cs=tinysrgb&dpr=2&h=650&w=940,loc-266__nha-tro-tran-trong-khiem__osm-node-3516506507__p01__pexels-5273872.jpg,D:\DATN\DATN_Tài liệu\data-center\media-assets\cloudinary-staging\locations\2026-06-04-overpass-published-inactive\originals\loc-266__nha-tro-tran-trong-khiem__osm-node-3516506507__p01__pexels-5273872.jpg,266,Nha tro Tran Trong Khiem,nha-tro-tran-trong-khiem,inactive,5273872,1,Thanh Do,https://www.pexels.com/@dothanhyb,pexels,https://www.pexels.com/photo/nha-khach-hao-gia-hotel-5273872/,https://www.openstreetmap.org/node/3516506507,downloaded,https://images.pexels.com/photos/5273872/pexels-photo-5273872.jpeg?auto=compress&cs=tinysrgb&h=350
khach-san-homestay,danangtrip/locations/nha-tro-tran-van-hieu/loc-267__nha-tro-tran-van-hieu__p01,downloaded:501538,osm-node-3489018329,https://images.pexels.com/photos/5273872/pexels-photo-5273872.jpeg?auto=compress&cs=tinysrgb&dpr=2&h=650&w=940,loc-267__nha-tro-tran-van-hieu__osm-node-3489018329__p01__pexels-5273872.jpg,D:\DATN\DATN_Tài liệu\data-center\media-assets\cloudinary-staging\locations\2026-06-04-overpass-published-inactive\originals\loc-267__nha-tro-tran-van-hieu__osm-node-3489018329__p01__pexels-5273872.jpg,267,Nha tro Tran Van Hieu,nha-tro-tran-van-hieu,inactive,5273872,1,Thanh Do,https://www.pexels.com/@dothanhyb,pexels,https://www.pexels.com/photo/nha-khach-hao-gia-hotel-5273872/,https://www.openstreetmap.org/node/3489018329,downloaded,https://images.pexels.com/photos/5273872/pexels-photo-5273872.jpeg?auto=compress&cs=tinysrgb&h=350
khach-san-homestay,danangtrip/locations/nha-tro-vtv/loc-268__nha-tro-vtv__p01,downloaded:501538,osm-node-4704794989,https://images.pexels.com/photos/5273872/pexels-photo-5273872.jpeg?auto=compress&cs=tinysrgb&dpr=2&h=650&w=940,loc-268__nha-tro-vtv__osm-node-4704794989__p01__pexels-5273872.jpg,D:\DATN\DATN_Tài liệu\data-center\media-assets\cloudinary-staging\locations\2026-06-04-overpass-published-inactive\originals\loc-268__nha-tro-vtv__osm-node-4704794989__p01__pexels-5273872.jpg,268,Nha tro VTV,nha-tro-vtv,inactive,5273872,1,Thanh Do,https://www.pexels.com/@dothanhyb,pexels,https://www.pexels.com/photo/nha-khach-hao-gia-hotel-5273872/,https://www.openstreetmap.org/node/4704794989,downloaded,https://images.pexels.com/photos/5273872/pexels-photo-5273872.jpeg?auto=compress&cs=tinysrgb&h=350
ca-phe-tra-sua,danangtrip/locations/nhatha-coffee-ice-cream/loc-269__nhatha-coffee-ice-cream__p01,downloaded:151885,osm-node-729406447,https://images.pexels.com/photos/32744966/pexels-photo-32744966.jpeg?auto=compress&cs=tinysrgb&dpr=2&h=650&w=940,loc-269__nhatha-coffee-ice-cream__osm-node-729406447__p01__pexels-32744966.jpg,D:\DATN\DATN_Tài liệu\data-center\media-assets\cloudinary-staging\locations\2026-06-04-overpass-published-inactive\originals\loc-269__nhatha-coffee-ice-cream__osm-node-729406447__p01__pexels-32744966.jpg,269,NhatHa Coffee Ice Cream,nhatha-coffee-ice-cream,inactive,32744966,1,Nha van,https://www.pexels.com/@nhavan,pexels,https://www.pexels.com/photo/warm-vietnamese-coffee-by-a-bright-window-32744966/,https://www.openstreetmap.org/node/729406447,downloaded,https://images.pexels.com/photos/32744966/pexels-photo-32744966.jpeg?auto=compress&cs=tinysrgb&h=350
khach-san-homestay,danangtrip/locations/noi-o/loc-270__noi-o__p01,downloaded:492934,osm-node-4855468621,https://images.pexels.com/photos/6875472/pexels-photo-6875472.jpeg?auto=compress&cs=tinysrgb&dpr=2&h=650&w=940,loc-270__noi-o__osm-node-4855468621__p01__pexels-6875472.jpg,D:\DATN\DATN_Tài liệu\data-center\media-assets\cloudinary-staging\locations\2026-06-04-overpass-published-inactive\originals\loc-270__noi-o__osm-node-4855468621__p01__pexels-6875472.jpg,270,Noi o,noi-o,inactive,6875472,1,Quang Nguyen Vinh,https://www.pexels.com/@quang-nguyen-vinh-222549,pexels,https://www.pexels.com/photo/aerial-view-of-city-buildings-near-the-ocean-6875472/,https://www.openstreetmap.org/node/4855468621,downloaded,https://images.pexels.com/photos/6875472/pexels-photo-6875472.jpeg?auto=compress&cs=tinysrgb&h=350
hang-dong-nui-non,danangtrip/locations/nui-son-tra/loc-271__nui-son-tra__p01,downloaded:337100,osm-node-1623183649,https://images.pexels.com/photos/20563034/pexels-photo-20563034.jpeg?auto=compress&cs=tinysrgb&dpr=2&h=650&w=940,loc-271__nui-son-tra__osm-node-1623183649__p01__pexels-20563034.jpg,D:\DATN\DATN_Tài liệu\data-center\media-assets\cloudinary-staging\locations\2026-06-04-overpass-published-inactive\originals\loc-271__nui-son-tra__osm-node-1623183649__p01__pexels-20563034.jpg,271,Nui Son Tra,nui-son-tra,inactive,20563034,1,Kirandeep Singh Walia,https://www.pexels.com/@kirandeepsingh,pexels,https://www.pexels.com/photo/a-city-by-a-sea-20563034/,https://www.openstreetmap.org/node/1623183649,downloaded,https://images.pexels.com/photos/20563034/pexels-photo-20563034.jpeg?auto=compress&cs=tinysrgb&h=350
am-thuc-dia-phuong,danangtrip/locations/oasis-tapas-bar/loc-272__oasis-tapas-bar__p01,downloaded:391871,osm-node-5696882723,https://images.pexels.com/photos/32831392/pexels-photo-32831392.jpeg?auto=compress&cs=tinysrgb&dpr=2&h=650&w=940,loc-272__oasis-tapas-bar__osm-node-5696882723__p01__pexels-32831392.jpg,D:\DATN\DATN_Tài liệu\data-center\media-assets\cloudinary-staging\locations\2026-06-04-overpass-published-inactive\originals\loc-272__oasis-tapas-bar__osm-node-5696882723__p01__pexels-32831392.jpg,272,Oasis Tapas Bar,oasis-tapas-bar,inactive,32831392,1,Tuan Vy,https://www.pexels.com/@tuan-vy-903011268,pexels,https://www.pexels.com/photo/street-view-of-vietnamese-restaurant-with-motorbikes-32831392/,https://www.openstreetmap.org/node/5696882723,downloaded,https://images.pexels.com/photos/32831392/pexels-photo-32831392.jpeg?auto=compress&cs=tinysrgb&h=350
khach-san-homestay,danangtrip/locations/oc-tien-sa-hotel/loc-273__oc-tien-sa-hotel__p01,downloaded:158175,osm-node-3842864143,https://images.pexels.com/photos/28226576/pexels-photo-28226576.png?auto=compress&cs=tinysrgb&dpr=2&h=650&w=940,loc-273__oc-tien-sa-hotel__osm-node-3842864143__p01__pexels-28226576.jpg,D:\DATN\DATN_Tài liệu\data-center\media-assets\cloudinary-staging\locations\2026-06-04-overpass-published-inactive\originals\loc-273__oc-tien-sa-hotel__osm-node-3842864143__p01__pexels-28226576.jpg,273,Oc Tien Sa Hotel,oc-tien-sa-hotel,inactive,28226576,1,Tran Tran,https://www.pexels.com/@ola88,pexels,https://www.pexels.com/photo/danang-vietnam-28226576/,https://www.openstreetmap.org/node/3842864143,downloaded,https://images.pexels.com/photos/28226576/pexels-photo-28226576.png?auto=compress&cs=tinysrgb&h=350
am-thuc-dia-phuong,danangtrip/locations/ong-minh/loc-274__ong-minh__p01,downloaded:391871,osm-node-4352303490,https://images.pexels.com/photos/32831392/pexels-photo-32831392.jpeg?auto=compress&cs=tinysrgb&dpr=2&h=650&w=940,loc-274__ong-minh__osm-node-4352303490__p01__pexels-32831392.jpg,D:\DATN\DATN_Tài liệu\data-center\media-assets\cloudinary-staging\locations\2026-06-04-overpass-published-inactive\originals\loc-274__ong-minh__osm-node-4352303490__p01__pexels-32831392.jpg,274,Ong Minh,ong-minh,inactive,32831392,1,Tuan Vy,https://www.pexels.com/@tuan-vy-903011268,pexels,https://www.pexels.com/photo/street-view-of-vietnamese-restaurant-with-motorbikes-32831392/,https://www.openstreetmap.org/node/4352303490,downloaded,https://images.pexels.com/photos/32831392/pexels-photo-32831392.jpeg?auto=compress&cs=tinysrgb&h=350
am-thuc-dia-phuong,danangtrip/locations/pavilion/loc-275__pavilion__p01,downloaded:391871,osm-node-5558491521,https://images.pexels.com/photos/32831392/pexels-photo-32831392.jpeg?auto=compress&cs=tinysrgb&dpr=2&h=650&w=940,loc-275__pavilion__osm-node-5558491521__p01__pexels-32831392.jpg,D:\DATN\DATN_Tài liệu\data-center\media-assets\cloudinary-staging\locations\2026-06-04-overpass-published-inactive\originals\loc-275__pavilion__osm-node-5558491521__p01__pexels-32831392.jpg,275,Pavilion,pavilion,inactive,32831392,1,Tuan Vy,https://www.pexels.com/@tuan-vy-903011268,pexels,https://www.pexels.com/photo/street-view-of-vietnamese-restaurant-with-motorbikes-32831392/,https://www.openstreetmap.org/node/5558491521,downloaded,https://images.pexels.com/photos/32831392/pexels-photo-32831392.jpeg?auto=compress&cs=tinysrgb&h=350
khach-san-homestay,danangtrip/locations/pha-le-hotel/loc-276__pha-le-hotel__p01,downloaded:492934,osm-node-12109686301,https://images.pexels.com/photos/6875472/pexels-photo-6875472.jpeg?auto=compress&cs=tinysrgb&dpr=2&h=650&w=940,loc-276__pha-le-hotel__osm-node-12109686301__p01__pexels-6875472.jpg,D:\DATN\DATN_Tài liệu\data-center\media-assets\cloudinary-staging\locations\2026-06-04-overpass-published-inactive\originals\loc-276__pha-le-hotel__osm-node-12109686301__p01__pexels-6875472.jpg,276,Pha Le Hotel,pha-le-hotel,inactive,6875472,1,Quang Nguyen Vinh,https://www.pexels.com/@quang-nguyen-vinh-222549,pexels,https://www.pexels.com/photo/aerial-view-of-city-buildings-near-the-ocean-6875472/,https://www.openstreetmap.org/node/12109686301,downloaded,https://images.pexels.com/photos/6875472/pexels-photo-6875472.jpeg?auto=compress&cs=tinysrgb&h=350
am-thuc-dia-phuong,danangtrip/locations/pho-phu-gia/loc-277__pho-phu-gia__p01,downloaded:391871,osm-node-4118223690,https://images.pexels.com/photos/32831392/pexels-photo-32831392.jpeg?auto=compress&cs=tinysrgb&dpr=2&h=650&w=940,loc-277__pho-phu-gia__osm-node-4118223690__p01__pexels-32831392.jpg,D:\DATN\DATN_Tài liệu\data-center\media-assets\cloudinary-staging\locations\2026-06-04-overpass-published-inactive\originals\loc-277__pho-phu-gia__osm-node-4118223690__p01__pexels-32831392.jpg,277,pho phu gia,pho-phu-gia,inactive,32831392,1,Tuan Vy,https://www.pexels.com/@tuan-vy-903011268,pexels,https://www.pexels.com/photo/street-view-of-vietnamese-restaurant-with-motorbikes-32831392/,https://www.openstreetmap.org/node/4118223690,downloaded,https://images.pexels.com/photos/32831392/pexels-photo-32831392.jpeg?auto=compress&cs=tinysrgb&h=350
am-thuc-dia-phuong,danangtrip/locations/phu-my-thanh-nha-hang/loc-278__phu-my-thanh-nha-hang__p01,downloaded:240025,osm-node-4860107522,https://images.pexels.com/photos/35271944/pexels-photo-35271944.jpeg?auto=compress&cs=tinysrgb&dpr=2&h=650&w=940,loc-278__phu-my-thanh-nha-hang__osm-node-4860107522__p01__pexels-35271944.jpg,D:\DATN\DATN_Tài liệu\data-center\media-assets\cloudinary-staging\locations\2026-06-04-overpass-published-inactive\originals\loc-278__phu-my-thanh-nha-hang__osm-node-4860107522__p01__pexels-35271944.jpg,278,phu my thanh nha hang,phu-my-thanh-nha-hang,inactive,35271944,1,Nha van,https://www.pexels.com/@nhavan,pexels,https://www.pexels.com/photo/young-woman-enjoying-vietnamese-meal-indoors-35271944/,https://www.openstreetmap.org/node/4860107522,downloaded,https://images.pexels.com/photos/35271944/pexels-photo-35271944.jpeg?auto=compress&cs=tinysrgb&h=350
khach-san-homestay,danangtrip/locations/ponte-boutique-da-nang/loc-279__ponte-boutique-da-nang__p01,downloaded:322828,osm-node-11433787697,https://images.pexels.com/photos/1207515/pexels-photo-1207515.jpeg?auto=compress&cs=tinysrgb&dpr=2&h=650&w=940,loc-279__ponte-boutique-da-nang__osm-node-11433787697__p01__pexels-1207515.jpg,D:\DATN\DATN_Tài liệu\data-center\media-assets\cloudinary-staging\locations\2026-06-04-overpass-published-inactive\originals\loc-279__ponte-boutique-da-nang__osm-node-11433787697__p01__pexels-1207515.jpg,279,Ponte Boutique Da Nang,ponte-boutique-da-nang,inactive,1207515,1,Min An,https://www.pexels.com/@minan1398,pexels,https://www.pexels.com/photo/concrete-structures-next-to-each-other-1207515/,https://www.openstreetmap.org/node/11433787697,downloaded,https://images.pexels.com/photos/1207515/pexels-photo-1207515.jpeg?auto=compress&cs=tinysrgb&h=350
am-thuc-dia-phuong,danangtrip/locations/qquan-chay-dieu-hoa/loc-280__qquan-chay-dieu-hoa__p01,downloaded:391871,osm-node-5791814653,https://images.pexels.com/photos/32831392/pexels-photo-32831392.jpeg?auto=compress&cs=tinysrgb&dpr=2&h=650&w=940,loc-280__qquan-chay-dieu-hoa__osm-node-5791814653__p01__pexels-32831392.jpg,D:\DATN\DATN_Tài liệu\data-center\media-assets\cloudinary-staging\locations\2026-06-04-overpass-published-inactive\originals\loc-280__qquan-chay-dieu-hoa__osm-node-5791814653__p01__pexels-32831392.jpg,280,Qquan Chay Dieu Hoa,qquan-chay-dieu-hoa,inactive,32831392,1,Tuan Vy,https://www.pexels.com/@tuan-vy-903011268,pexels,https://www.pexels.com/photo/street-view-of-vietnamese-restaurant-with-motorbikes-32831392/,https://www.openstreetmap.org/node/5791814653,downloaded,https://images.pexels.com/photos/32831392/pexels-photo-32831392.jpeg?auto=compress&cs=tinysrgb&h=350
am-thuc-dia-phuong,danangtrip/locations/quan-an-bun-cha-ca/loc-281__quan-an-bun-cha-ca__p01,downloaded:391871,osm-node-4948013624,https://images.pexels.com/photos/32831392/pexels-photo-32831392.jpeg?auto=compress&cs=tinysrgb&dpr=2&h=650&w=940,loc-281__quan-an-bun-cha-ca__osm-node-4948013624__p01__pexels-32831392.jpg,D:\DATN\DATN_Tài liệu\data-center\media-assets\cloudinary-staging\locations\2026-06-04-overpass-published-inactive\originals\loc-281__quan-an-bun-cha-ca__osm-node-4948013624__p01__pexels-32831392.jpg,281,Quan An Bun Cha Ca,quan-an-bun-cha-ca,inactive,32831392,1,Tuan Vy,https://www.pexels.com/@tuan-vy-903011268,pexels,https://www.pexels.com/photo/street-view-of-vietnamese-restaurant-with-motorbikes-32831392/,https://www.openstreetmap.org/node/4948013624,downloaded,https://images.pexels.com/photos/32831392/pexels-photo-32831392.jpeg?auto=compress&cs=tinysrgb&h=350
am-thuc-dia-phuong,danangtrip/locations/quan-an-ngon-thia-go-danang-style/loc-282__quan-an-ngon-thia-go-danang-style__p01,downloaded:391871,osm-node-6120622785,https://images.pexels.com/photos/32831392/pexels-photo-32831392.jpeg?auto=compress&cs=tinysrgb&dpr=2&h=650&w=940,loc-282__quan-an-ngon-thia-go-danang-style__osm-node-6120622785__p01__pexels-32831392.jpg,D:\DATN\DATN_Tài liệu\data-center\media-assets\cloudinary-staging\locations\2026-06-04-overpass-published-inactive\originals\loc-282__quan-an-ngon-thia-go-danang-style__osm-node-6120622785__p01__pexels-32831392.jpg,282,Quan an ngon Thia Go Danang-style,quan-an-ngon-thia-go-danang-style,inactive,32831392,1,Tuan Vy,https://www.pexels.com/@tuan-vy-903011268,pexels,https://www.pexels.com/photo/street-view-of-vietnamese-restaurant-with-motorbikes-32831392/,https://www.openstreetmap.org/node/6120622785,downloaded,https://images.pexels.com/photos/32831392/pexels-photo-32831392.jpeg?auto=compress&cs=tinysrgb&h=350
am-thuc-dia-phuong,danangtrip/locations/quan-an-tuk-tuk/loc-283__quan-an-tuk-tuk__p01,downloaded:391871,osm-node-5047614532,https://images.pexels.com/photos/32831392/pexels-photo-32831392.jpeg?auto=compress&cs=tinysrgb&dpr=2&h=650&w=940,loc-283__quan-an-tuk-tuk__osm-node-5047614532__p01__pexels-32831392.jpg,D:\DATN\DATN_Tài liệu\data-center\media-assets\cloudinary-staging\locations\2026-06-04-overpass-published-inactive\originals\loc-283__quan-an-tuk-tuk__osm-node-5047614532__p01__pexels-32831392.jpg,283,Quan An Tuk Tuk,quan-an-tuk-tuk,inactive,32831392,1,Tuan Vy,https://www.pexels.com/@tuan-vy-903011268,pexels,https://www.pexels.com/photo/street-view-of-vietnamese-restaurant-with-motorbikes-32831392/,https://www.openstreetmap.org/node/5047614532,downloaded,https://images.pexels.com/photos/32831392/pexels-photo-32831392.jpeg?auto=compress&cs=tinysrgb&h=350
am-thuc-dia-phuong,danangtrip/locations/quan-bun-lieu/loc-284__quan-bun-lieu__p01,downloaded:391871,osm-node-4076171123,https://images.pexels.com/photos/32831392/pexels-photo-32831392.jpeg?auto=compress&cs=tinysrgb&dpr=2&h=650&w=940,loc-284__quan-bun-lieu__osm-node-4076171123__p01__pexels-32831392.jpg,D:\DATN\DATN_Tài liệu\data-center\media-assets\cloudinary-staging\locations\2026-06-04-overpass-published-inactive\originals\loc-284__quan-bun-lieu__osm-node-4076171123__p01__pexels-32831392.jpg,284,Quan bun Lieu,quan-bun-lieu,inactive,32831392,1,Tuan Vy,https://www.pexels.com/@tuan-vy-903011268,pexels,https://www.pexels.com/photo/street-view-of-vietnamese-restaurant-with-motorbikes-32831392/,https://www.openstreetmap.org/node/4076171123,downloaded,https://images.pexels.com/photos/32831392/pexels-photo-32831392.jpeg?auto=compress&cs=tinysrgb&h=350
am-thuc-dia-phuong,danangtrip/locations/quan-chay-hang-ngay/loc-285__quan-chay-hang-ngay__p01,downloaded:391871,osm-node-5864570785,https://images.pexels.com/photos/32831392/pexels-photo-32831392.jpeg?auto=compress&cs=tinysrgb&dpr=2&h=650&w=940,loc-285__quan-chay-hang-ngay__osm-node-5864570785__p01__pexels-32831392.jpg,D:\DATN\DATN_Tài liệu\data-center\media-assets\cloudinary-staging\locations\2026-06-04-overpass-published-inactive\originals\loc-285__quan-chay-hang-ngay__osm-node-5864570785__p01__pexels-32831392.jpg,285,Quan Chay Hang Ngay,quan-chay-hang-ngay,inactive,32831392,1,Tuan Vy,https://www.pexels.com/@tuan-vy-903011268,pexels,https://www.pexels.com/photo/street-view-of-vietnamese-restaurant-with-motorbikes-32831392/,https://www.openstreetmap.org/node/5864570785,downloaded,https://images.pexels.com/photos/32831392/pexels-photo-32831392.jpeg?auto=compress&cs=tinysrgb&h=350
am-thuc-dia-phuong,danangtrip/locations/quan-chay-xuan/loc-286__quan-chay-xuan__p01,downloaded:391871,osm-node-4900701521,https://images.pexels.com/photos/32831392/pexels-photo-32831392.jpeg?auto=compress&cs=tinysrgb&dpr=2&h=650&w=940,loc-286__quan-chay-xuan__osm-node-4900701521__p01__pexels-32831392.jpg,D:\DATN\DATN_Tài liệu\data-center\media-assets\cloudinary-staging\locations\2026-06-04-overpass-published-inactive\originals\loc-286__quan-chay-xuan__osm-node-4900701521__p01__pexels-32831392.jpg,286,Quan Chay XUAN,quan-chay-xuan,inactive,32831392,1,Tuan Vy,https://www.pexels.com/@tuan-vy-903011268,pexels,https://www.pexels.com/photo/street-view-of-vietnamese-restaurant-with-motorbikes-32831392/,https://www.openstreetmap.org/node/4900701521,downloaded,https://images.pexels.com/photos/32831392/pexels-photo-32831392.jpeg?auto=compress&cs=tinysrgb&h=350
am-thuc-dia-phuong,danangtrip/locations/quan-com-08/loc-287__quan-com-08__p01,downloaded:391871,osm-node-4076169309,https://images.pexels.com/photos/32831392/pexels-photo-32831392.jpeg?auto=compress&cs=tinysrgb&dpr=2&h=650&w=940,loc-287__quan-com-08__osm-node-4076169309__p01__pexels-32831392.jpg,D:\DATN\DATN_Tài liệu\data-center\media-assets\cloudinary-staging\locations\2026-06-04-overpass-published-inactive\originals\loc-287__quan-com-08__osm-node-4076169309__p01__pexels-32831392.jpg,287,Quan com 08,quan-com-08,inactive,32831392,1,Tuan Vy,https://www.pexels.com/@tuan-vy-903011268,pexels,https://www.pexels.com/photo/street-view-of-vietnamese-restaurant-with-motorbikes-32831392/,https://www.openstreetmap.org/node/4076169309,downloaded,https://images.pexels.com/photos/32831392/pexels-photo-32831392.jpeg?auto=compress&cs=tinysrgb&h=350
am-thuc-dia-phuong,danangtrip/locations/quan-mau-banh-trang-thit-heo/loc-288__quan-mau-banh-trang-thit-heo__p01,downloaded:391871,osm-node-6152679485,https://images.pexels.com/photos/32831392/pexels-photo-32831392.jpeg?auto=compress&cs=tinysrgb&dpr=2&h=650&w=940,loc-288__quan-mau-banh-trang-thit-heo__osm-node-6152679485__p01__pexels-32831392.jpg,D:\DATN\DATN_Tài liệu\data-center\media-assets\cloudinary-staging\locations\2026-06-04-overpass-published-inactive\originals\loc-288__quan-mau-banh-trang-thit-heo__osm-node-6152679485__p01__pexels-32831392.jpg,288,Quan Mau - Banh trang thit heo,quan-mau-banh-trang-thit-heo,inactive,32831392,1,Tuan Vy,https://www.pexels.com/@tuan-vy-903011268,pexels,https://www.pexels.com/photo/street-view-of-vietnamese-restaurant-with-motorbikes-32831392/,https://www.openstreetmap.org/node/6152679485,downloaded,https://images.pexels.com/photos/32831392/pexels-photo-32831392.jpeg?auto=compress&cs=tinysrgb&h=350
am-thuc-dia-phuong,danangtrip/locations/quan-nhau-loc-vien/loc-289__quan-nhau-loc-vien__p01,downloaded:391871,osm-node-4875985021,https://images.pexels.com/photos/32831392/pexels-photo-32831392.jpeg?auto=compress&cs=tinysrgb&dpr=2&h=650&w=940,loc-289__quan-nhau-loc-vien__osm-node-4875985021__p01__pexels-32831392.jpg,D:\DATN\DATN_Tài liệu\data-center\media-assets\cloudinary-staging\locations\2026-06-04-overpass-published-inactive\originals\loc-289__quan-nhau-loc-vien__osm-node-4875985021__p01__pexels-32831392.jpg,289,quan nhau loc vien,quan-nhau-loc-vien,inactive,32831392,1,Tuan Vy,https://www.pexels.com/@tuan-vy-903011268,pexels,https://www.pexels.com/photo/street-view-of-vietnamese-restaurant-with-motorbikes-32831392/,https://www.openstreetmap.org/node/4875985021,downloaded,https://images.pexels.com/photos/32831392/pexels-photo-32831392.jpeg?auto=compress&cs=tinysrgb&h=350
khach-san-homestay,danangtrip/locations/quan-quan-hotel/loc-290__quan-quan-hotel__p01,downloaded:322828,osm-node-5535905123,https://images.pexels.com/photos/1207515/pexels-photo-1207515.jpeg?auto=compress&cs=tinysrgb&dpr=2&h=650&w=940,loc-290__quan-quan-hotel__osm-node-5535905123__p01__pexels-1207515.jpg,D:\DATN\DATN_Tài liệu\data-center\media-assets\cloudinary-staging\locations\2026-06-04-overpass-published-inactive\originals\loc-290__quan-quan-hotel__osm-node-5535905123__p01__pexels-1207515.jpg,290,quan quan hotel,quan-quan-hotel,inactive,1207515,1,Min An,https://www.pexels.com/@minan1398,pexels,https://www.pexels.com/photo/concrete-structures-next-to-each-other-1207515/,https://www.openstreetmap.org/node/5535905123,downloaded,https://images.pexels.com/photos/1207515/pexels-photo-1207515.jpeg?auto=compress&cs=tinysrgb&h=350
am-thuc-dia-phuong,danangtrip/locations/ram-cuon-cai-di-hoa/loc-291__ram-cuon-cai-di-hoa__p01,downloaded:391871,osm-node-6152681085,https://images.pexels.com/photos/32831392/pexels-photo-32831392.jpeg?auto=compress&cs=tinysrgb&dpr=2&h=650&w=940,loc-291__ram-cuon-cai-di-hoa__osm-node-6152681085__p01__pexels-32831392.jpg,D:\DATN\DATN_Tài liệu\data-center\media-assets\cloudinary-staging\locations\2026-06-04-overpass-published-inactive\originals\loc-291__ram-cuon-cai-di-hoa__osm-node-6152681085__p01__pexels-32831392.jpg,291,Ram cuon cai Di Hoa,ram-cuon-cai-di-hoa,inactive,32831392,1,Tuan Vy,https://www.pexels.com/@tuan-vy-903011268,pexels,https://www.pexels.com/photo/street-view-of-vietnamese-restaurant-with-motorbikes-32831392/,https://www.openstreetmap.org/node/6152681085,downloaded,https://images.pexels.com/photos/32831392/pexels-photo-32831392.jpeg?auto=compress&cs=tinysrgb&h=350
khach-san-homestay,danangtrip/locations/red-palace-hotel/loc-292__red-palace-hotel__p01,downloaded:322828,osm-node-5413973113,https://images.pexels.com/photos/1207515/pexels-photo-1207515.jpeg?auto=compress&cs=tinysrgb&dpr=2&h=650&w=940,loc-292__red-palace-hotel__osm-node-5413973113__p01__pexels-1207515.jpg,D:\DATN\DATN_Tài liệu\data-center\media-assets\cloudinary-staging\locations\2026-06-04-overpass-published-inactive\originals\loc-292__red-palace-hotel__osm-node-5413973113__p01__pexels-1207515.jpg,292,Red Palace Hotel,red-palace-hotel,inactive,1207515,1,Min An,https://www.pexels.com/@minan1398,pexels,https://www.pexels.com/photo/concrete-structures-next-to-each-other-1207515/,https://www.openstreetmap.org/node/5413973113,downloaded,https://images.pexels.com/photos/1207515/pexels-photo-1207515.jpeg?auto=compress&cs=tinysrgb&h=350
khach-san-homestay,danangtrip/locations/roll-hostel-pub/loc-293__roll-hostel-pub__p01,downloaded:322828,osm-node-5432955721,https://images.pexels.com/photos/1207515/pexels-photo-1207515.jpeg?auto=compress&cs=tinysrgb&dpr=2&h=650&w=940,loc-293__roll-hostel-pub__osm-node-5432955721__p01__pexels-1207515.jpg,D:\DATN\DATN_Tài liệu\data-center\media-assets\cloudinary-staging\locations\2026-06-04-overpass-published-inactive\originals\loc-293__roll-hostel-pub__osm-node-5432955721__p01__pexels-1207515.jpg,293,ROLL hostel & pub,roll-hostel-pub,inactive,1207515,1,Min An,https://www.pexels.com/@minan1398,pexels,https://www.pexels.com/photo/concrete-structures-next-to-each-other-1207515/,https://www.openstreetmap.org/node/5432955721,downloaded,https://images.pexels.com/photos/1207515/pexels-photo-1207515.jpeg?auto=compress&cs=tinysrgb&h=350
khach-san-homestay,danangtrip/locations/rom-casa-hostel/loc-294__rom-casa-hostel__p01,downloaded:501538,osm-node-10747827206,https://images.pexels.com/photos/5273872/pexels-photo-5273872.jpeg?auto=compress&cs=tinysrgb&dpr=2&h=650&w=940,loc-294__rom-casa-hostel__osm-node-10747827206__p01__pexels-5273872.jpg,D:\DATN\DATN_Tài liệu\data-center\media-assets\cloudinary-staging\locations\2026-06-04-overpass-published-inactive\originals\loc-294__rom-casa-hostel__osm-node-10747827206__p01__pexels-5273872.jpg,294,Rom Casa Hostel,rom-casa-hostel,inactive,5273872,1,Thanh Do,https://www.pexels.com/@dothanhyb,pexels,https://www.pexels.com/photo/nha-khach-hao-gia-hotel-5273872/,https://www.openstreetmap.org/node/10747827206,downloaded,https://images.pexels.com/photos/5273872/pexels-photo-5273872.jpeg?auto=compress&cs=tinysrgb&h=350
khach-san-homestay,danangtrip/locations/rosabella-boutique-hotel/loc-295__rosabella-boutique-hotel__p01,downloaded:322828,osm-node-10727065505,https://images.pexels.com/photos/1207515/pexels-photo-1207515.jpeg?auto=compress&cs=tinysrgb&dpr=2&h=650&w=940,loc-295__rosabella-boutique-hotel__osm-node-10727065505__p01__pexels-1207515.jpg,D:\DATN\DATN_Tài liệu\data-center\media-assets\cloudinary-staging\locations\2026-06-04-overpass-published-inactive\originals\loc-295__rosabella-boutique-hotel__osm-node-10727065505__p01__pexels-1207515.jpg,295,Rosabella Boutique Hotel,rosabella-boutique-hotel,inactive,1207515,1,Min An,https://www.pexels.com/@minan1398,pexels,https://www.pexels.com/photo/concrete-structures-next-to-each-other-1207515/,https://www.openstreetmap.org/node/10727065505,downloaded,https://images.pexels.com/photos/1207515/pexels-photo-1207515.jpeg?auto=compress&cs=tinysrgb&h=350
khach-san-homestay,danangtrip/locations/rosetta/loc-296__rosetta__p01,downloaded:492934,osm-node-6544495730,https://images.pexels.com/photos/6875472/pexels-photo-6875472.jpeg?auto=compress&cs=tinysrgb&dpr=2&h=650&w=940,loc-296__rosetta__osm-node-6544495730__p01__pexels-6875472.jpg,D:\DATN\DATN_Tài liệu\data-center\media-assets\cloudinary-staging\locations\2026-06-04-overpass-published-inactive\originals\loc-296__rosetta__osm-node-6544495730__p01__pexels-6875472.jpg,296,Rosetta,rosetta,inactive,6875472,1,Quang Nguyen Vinh,https://www.pexels.com/@quang-nguyen-vinh-222549,pexels,https://www.pexels.com/photo/aerial-view-of-city-buildings-near-the-ocean-6875472/,https://www.openstreetmap.org/node/6544495730,downloaded,https://images.pexels.com/photos/6875472/pexels-photo-6875472.jpeg?auto=compress&cs=tinysrgb&h=350
khach-san-homestay,danangtrip/locations/royal-apartment/loc-297__royal-apartment__p01,downloaded:492934,osm-node-11896574769,https://images.pexels.com/photos/6875472/pexels-photo-6875472.jpeg?auto=compress&cs=tinysrgb&dpr=2&h=650&w=940,loc-297__royal-apartment__osm-node-11896574769__p01__pexels-6875472.jpg,D:\DATN\DATN_Tài liệu\data-center\media-assets\cloudinary-staging\locations\2026-06-04-overpass-published-inactive\originals\loc-297__royal-apartment__osm-node-11896574769__p01__pexels-6875472.jpg,297,Royal apartment,royal-apartment,inactive,6875472,1,Quang Nguyen Vinh,https://www.pexels.com/@quang-nguyen-vinh-222549,pexels,https://www.pexels.com/photo/aerial-view-of-city-buildings-near-the-ocean-6875472/,https://www.openstreetmap.org/node/11896574769,downloaded,https://images.pexels.com/photos/6875472/pexels-photo-6875472.jpeg?auto=compress&cs=tinysrgb&h=350
am-thuc-dia-phuong,danangtrip/locations/samwon/loc-298__samwon__p01,downloaded:391871,osm-node-5437839417,https://images.pexels.com/photos/32831392/pexels-photo-32831392.jpeg?auto=compress&cs=tinysrgb&dpr=2&h=650&w=940,loc-298__samwon__osm-node-5437839417__p01__pexels-32831392.jpg,D:\DATN\DATN_Tài liệu\data-center\media-assets\cloudinary-staging\locations\2026-06-04-overpass-published-inactive\originals\loc-298__samwon__osm-node-5437839417__p01__pexels-32831392.jpg,298,Samwon,samwon,inactive,32831392,1,Tuan Vy,https://www.pexels.com/@tuan-vy-903011268,pexels,https://www.pexels.com/photo/street-view-of-vietnamese-restaurant-with-motorbikes-32831392/,https://www.openstreetmap.org/node/5437839417,downloaded,https://images.pexels.com/photos/32831392/pexels-photo-32831392.jpeg?auto=compress&cs=tinysrgb&h=350
khach-san-homestay,danangtrip/locations/san-san-hotel/loc-299__san-san-hotel__p01,downloaded:322828,osm-node-4900673921,https://images.pexels.com/photos/1207515/pexels-photo-1207515.jpeg?auto=compress&cs=tinysrgb&dpr=2&h=650&w=940,loc-299__san-san-hotel__osm-node-4900673921__p01__pexels-1207515.jpg,D:\DATN\DATN_Tài liệu\data-center\media-assets\cloudinary-staging\locations\2026-06-04-overpass-published-inactive\originals\loc-299__san-san-hotel__osm-node-4900673921__p01__pexels-1207515.jpg,299,San San Hotel,san-san-hotel,inactive,1207515,1,Min An,https://www.pexels.com/@minan1398,pexels,https://www.pexels.com/photo/concrete-structures-next-to-each-other-1207515/,https://www.openstreetmap.org/node/4900673921,downloaded,https://images.pexels.com/photos/1207515/pexels-photo-1207515.jpeg?auto=compress&cs=tinysrgb&h=350
khach-san-homestay,danangtrip/locations/sanouva-danang-hotel/loc-300__sanouva-danang-hotel__p01,downloaded:455440,osm-node-2985700733,https://images.pexels.com/photos/32824424/pexels-photo-32824424.jpeg?auto=compress&cs=tinysrgb&dpr=2&h=650&w=940,loc-300__sanouva-danang-hotel__osm-node-2985700733__p01__pexels-32824424.jpg,D:\DATN\DATN_Tài liệu\data-center\media-assets\cloudinary-staging\locations\2026-06-04-overpass-published-inactive\originals\loc-300__sanouva-danang-hotel__osm-node-2985700733__p01__pexels-32824424.jpg,300,Sanouva Danang Hotel,sanouva-danang-hotel,inactive,32824424,1,Hieu Le,https://www.pexels.com/@hi-u-le-921253873,pexels,https://www.pexels.com/photo/aerial-view-of-coastal-resort-and-beachfront-32824424/,https://www.openstreetmap.org/node/2985700733,downloaded,https://images.pexels.com/photos/32824424/pexels-photo-32824424.jpeg?auto=compress&cs=tinysrgb&h=350
khach-san-homestay,danangtrip/locations/sea-phoenix-hotel/loc-301__sea-phoenix-hotel__p01,downloaded:158175,osm-node-4612193833,https://images.pexels.com/photos/28226576/pexels-photo-28226576.png?auto=compress&cs=tinysrgb&dpr=2&h=650&w=940,loc-301__sea-phoenix-hotel__osm-node-4612193833__p01__pexels-28226576.jpg,D:\DATN\DATN_Tài liệu\data-center\media-assets\cloudinary-staging\locations\2026-06-04-overpass-published-inactive\originals\loc-301__sea-phoenix-hotel__osm-node-4612193833__p01__pexels-28226576.jpg,301,Sea Phoenix Hotel,sea-phoenix-hotel,inactive,28226576,1,Tran Tran,https://www.pexels.com/@ola88,pexels,https://www.pexels.com/photo/danang-vietnam-28226576/,https://www.openstreetmap.org/node/4612193833,downloaded,https://images.pexels.com/photos/28226576/pexels-photo-28226576.png?auto=compress&cs=tinysrgb&h=350
khach-san-homestay,danangtrip/locations/senorita-boutique-hotel/loc-302__senorita-boutique-hotel__p01,downloaded:322828,osm-node-11680377169,https://images.pexels.com/photos/1207515/pexels-photo-1207515.jpeg?auto=compress&cs=tinysrgb&dpr=2&h=650&w=940,loc-302__senorita-boutique-hotel__osm-node-11680377169__p01__pexels-1207515.jpg,D:\DATN\DATN_Tài liệu\data-center\media-assets\cloudinary-staging\locations\2026-06-04-overpass-published-inactive\originals\loc-302__senorita-boutique-hotel__osm-node-11680377169__p01__pexels-1207515.jpg,302,Senorita boutique hotel,senorita-boutique-hotel,inactive,1207515,1,Min An,https://www.pexels.com/@minan1398,pexels,https://www.pexels.com/photo/concrete-structures-next-to-each-other-1207515/,https://www.openstreetmap.org/node/11680377169,downloaded,https://images.pexels.com/photos/1207515/pexels-photo-1207515.jpeg?auto=compress&cs=tinysrgb&h=350
khach-san-homestay,danangtrip/locations/sepon-blue-hotel/loc-303__sepon-blue-hotel__p01,downloaded:158175,osm-node-5950397485,https://images.pexels.com/photos/28226576/pexels-photo-28226576.png?auto=compress&cs=tinysrgb&dpr=2&h=650&w=940,loc-303__sepon-blue-hotel__osm-node-5950397485__p01__pexels-28226576.jpg,D:\DATN\DATN_Tài liệu\data-center\media-assets\cloudinary-staging\locations\2026-06-04-overpass-published-inactive\originals\loc-303__sepon-blue-hotel__osm-node-5950397485__p01__pexels-28226576.jpg,303,Sepon Blue Hotel,sepon-blue-hotel,inactive,28226576,1,Tran Tran,https://www.pexels.com/@ola88,pexels,https://www.pexels.com/photo/danang-vietnam-28226576/,https://www.openstreetmap.org/node/5950397485,downloaded,https://images.pexels.com/photos/28226576/pexels-photo-28226576.png?auto=compress&cs=tinysrgb&h=350
am-thuc-dia-phuong,danangtrip/locations/simpur/loc-304__simpur__p01,downloaded:391871,osm-node-5360440323,https://images.pexels.com/photos/32831392/pexels-photo-32831392.jpeg?auto=compress&cs=tinysrgb&dpr=2&h=650&w=940,loc-304__simpur__osm-node-5360440323__p01__pexels-32831392.jpg,D:\DATN\DATN_Tài liệu\data-center\media-assets\cloudinary-staging\locations\2026-06-04-overpass-published-inactive\originals\loc-304__simpur__osm-node-5360440323__p01__pexels-32831392.jpg,304,Simpur,simpur,inactive,32831392,1,Tuan Vy,https://www.pexels.com/@tuan-vy-903011268,pexels,https://www.pexels.com/photo/street-view-of-vietnamese-restaurant-with-motorbikes-32831392/,https://www.openstreetmap.org/node/5360440323,downloaded,https://images.pexels.com/photos/32831392/pexels-photo-32831392.jpeg?auto=compress&cs=tinysrgb&h=350
khach-san-homestay,danangtrip/locations/siro-house-homestay/loc-305__siro-house-homestay__p01,downloaded:286494,osm-node-12103878902,https://images.pexels.com/photos/27630279/pexels-photo-27630279.jpeg?auto=compress&cs=tinysrgb&dpr=2&h=650&w=940,loc-305__siro-house-homestay__osm-node-12103878902__p01__pexels-27630279.jpg,D:\DATN\DATN_Tài liệu\data-center\media-assets\cloudinary-staging\locations\2026-06-04-overpass-published-inactive\originals\loc-305__siro-house-homestay__osm-node-12103878902__p01__pexels-27630279.jpg,305,Siro House Homestay,siro-house-homestay,inactive,27630279,1,Duc Nguyen,https://www.pexels.com/@duc-nguyen-400576574,pexels,https://www.pexels.com/photo/a-woman-sitting-in-a-round-window-in-a-small-house-27630279/,https://www.openstreetmap.org/node/12103878902,downloaded,https://images.pexels.com/photos/27630279/pexels-photo-27630279.jpeg?auto=compress&cs=tinysrgb&h=350
am-thuc-dia-phuong,danangtrip/locations/so-zach/loc-306__so-zach__p01,downloaded:391871,osm-node-5964310288,https://images.pexels.com/photos/32831392/pexels-photo-32831392.jpeg?auto=compress&cs=tinysrgb&dpr=2&h=650&w=940,loc-306__so-zach__osm-node-5964310288__p01__pexels-32831392.jpg,D:\DATN\DATN_Tài liệu\data-center\media-assets\cloudinary-staging\locations\2026-06-04-overpass-published-inactive\originals\loc-306__so-zach__osm-node-5964310288__p01__pexels-32831392.jpg,306,So Zach,so-zach,inactive,32831392,1,Tuan Vy,https://www.pexels.com/@tuan-vy-903011268,pexels,https://www.pexels.com/photo/street-view-of-vietnamese-restaurant-with-motorbikes-32831392/,https://www.openstreetmap.org/node/5964310288,downloaded,https://images.pexels.com/photos/32831392/pexels-photo-32831392.jpeg?auto=compress&cs=tinysrgb&h=350
khach-san-homestay,danangtrip/locations/solar-hotel/loc-307__solar-hotel__p01,downloaded:492934,osm-node-6514131805,https://images.pexels.com/photos/6875472/pexels-photo-6875472.jpeg?auto=compress&cs=tinysrgb&dpr=2&h=650&w=940,loc-307__solar-hotel__osm-node-6514131805__p01__pexels-6875472.jpg,D:\DATN\DATN_Tài liệu\data-center\media-assets\cloudinary-staging\locations\2026-06-04-overpass-published-inactive\originals\loc-307__solar-hotel__osm-node-6514131805__p01__pexels-6875472.jpg,307,Solar Hotel,solar-hotel,inactive,6875472,1,Quang Nguyen Vinh,https://www.pexels.com/@quang-nguyen-vinh-222549,pexels,https://www.pexels.com/photo/aerial-view-of-city-buildings-near-the-ocean-6875472/,https://www.openstreetmap.org/node/6514131805,downloaded,https://images.pexels.com/photos/6875472/pexels-photo-6875472.jpeg?auto=compress&cs=tinysrgb&h=350
khach-san-homestay,danangtrip/locations/son-tra-green-hotel/loc-308__son-tra-green-hotel__p01,downloaded:158175,osm-node-6355823385,https://images.pexels.com/photos/28226576/pexels-photo-28226576.png?auto=compress&cs=tinysrgb&dpr=2&h=650&w=940,loc-308__son-tra-green-hotel__osm-node-6355823385__p01__pexels-28226576.jpg,D:\DATN\DATN_Tài liệu\data-center\media-assets\cloudinary-staging\locations\2026-06-04-overpass-published-inactive\originals\loc-308__son-tra-green-hotel__osm-node-6355823385__p01__pexels-28226576.jpg,308,Son Tra Green Hotel,son-tra-green-hotel,inactive,28226576,1,Tran Tran,https://www.pexels.com/@ola88,pexels,https://www.pexels.com/photo/danang-vietnam-28226576/,https://www.openstreetmap.org/node/6355823385,downloaded,https://images.pexels.com/photos/28226576/pexels-photo-28226576.png?auto=compress&cs=tinysrgb&h=350
cong-vien-vuon-hoa,danangtrip/locations/son-tra-ocean-view-pool-spa/loc-309__son-tra-ocean-view-pool-spa__p01,downloaded:448711,osm-way-780440511,https://images.pexels.com/photos/14021725/pexels-photo-14021725.jpeg?auto=compress&cs=tinysrgb&dpr=2&h=650&w=940,loc-309__son-tra-ocean-view-pool-spa__osm-way-780440511__p01__pexels-14021725.jpg,D:\DATN\DATN_Tài liệu\data-center\media-assets\cloudinary-staging\locations\2026-06-04-overpass-published-inactive\originals\loc-309__son-tra-ocean-view-pool-spa__osm-way-780440511__p01__pexels-14021725.jpg,309,Son Tra Ocean View Pool & Spa,son-tra-ocean-view-pool-spa,inactive,14021725,1,Quang Nguyen Vinh,https://www.pexels.com/@quang-nguyen-vinh-222549,pexels,https://www.pexels.com/photo/people-standing-near-the-apec-park-14021725/,https://www.openstreetmap.org/way/780440511,downloaded,https://images.pexels.com/photos/14021725/pexels-photo-14021725.jpeg?auto=compress&cs=tinysrgb&h=350
khach-san-homestay,danangtrip/locations/star-near-me-hotel/loc-310__star-near-me-hotel__p01,downloaded:492934,osm-node-12129062601,https://images.pexels.com/photos/6875472/pexels-photo-6875472.jpeg?auto=compress&cs=tinysrgb&dpr=2&h=650&w=940,loc-310__star-near-me-hotel__osm-node-12129062601__p01__pexels-6875472.jpg,D:\DATN\DATN_Tài liệu\data-center\media-assets\cloudinary-staging\locations\2026-06-04-overpass-published-inactive\originals\loc-310__star-near-me-hotel__osm-node-12129062601__p01__pexels-6875472.jpg,310,Star near me Hotel,star-near-me-hotel,inactive,6875472,1,Quang Nguyen Vinh,https://www.pexels.com/@quang-nguyen-vinh-222549,pexels,https://www.pexels.com/photo/aerial-view-of-city-buildings-near-the-ocean-6875472/,https://www.openstreetmap.org/node/12129062601,downloaded,https://images.pexels.com/photos/6875472/pexels-photo-6875472.jpeg?auto=compress&cs=tinysrgb&h=350
am-thuc-dia-phuong,danangtrip/locations/sua-chua-nep-cam-co-phuc/loc-311__sua-chua-nep-cam-co-phuc__p01,downloaded:391871,osm-node-6152585585,https://images.pexels.com/photos/32831392/pexels-photo-32831392.jpeg?auto=compress&cs=tinysrgb&dpr=2&h=650&w=940,loc-311__sua-chua-nep-cam-co-phuc__osm-node-6152585585__p01__pexels-32831392.jpg,D:\DATN\DATN_Tài liệu\data-center\media-assets\cloudinary-staging\locations\2026-06-04-overpass-published-inactive\originals\loc-311__sua-chua-nep-cam-co-phuc__osm-node-6152585585__p01__pexels-32831392.jpg,311,Sua chua nep cam Co Phuc,sua-chua-nep-cam-co-phuc,inactive,32831392,1,Tuan Vy,https://www.pexels.com/@tuan-vy-903011268,pexels,https://www.pexels.com/photo/street-view-of-vietnamese-restaurant-with-motorbikes-32831392/,https://www.openstreetmap.org/node/6152585585,downloaded,https://images.pexels.com/photos/32831392/pexels-photo-32831392.jpeg?auto=compress&cs=tinysrgb&h=350
am-thuc-dia-phuong,danangtrip/locations/suon-nuong-cao-boi/loc-312__suon-nuong-cao-boi__p01,downloaded:391871,osm-node-4805182821,https://images.pexels.com/photos/32831392/pexels-photo-32831392.jpeg?auto=compress&cs=tinysrgb&dpr=2&h=650&w=940,loc-312__suon-nuong-cao-boi__osm-node-4805182821__p01__pexels-32831392.jpg,D:\DATN\DATN_Tài liệu\data-center\media-assets\cloudinary-staging\locations\2026-06-04-overpass-published-inactive\originals\loc-312__suon-nuong-cao-boi__osm-node-4805182821__p01__pexels-32831392.jpg,312,Suon Nuong Cao Boi,suon-nuong-cao-boi,inactive,32831392,1,Tuan Vy,https://www.pexels.com/@tuan-vy-903011268,pexels,https://www.pexels.com/photo/street-view-of-vietnamese-restaurant-with-motorbikes-32831392/,https://www.openstreetmap.org/node/4805182821,downloaded,https://images.pexels.com/photos/32831392/pexels-photo-32831392.jpeg?auto=compress&cs=tinysrgb&h=350
khach-san-homestay,danangtrip/locations/tabii/loc-313__tabii__p01,downloaded:492934,osm-node-6544417152,https://images.pexels.com/photos/6875472/pexels-photo-6875472.jpeg?auto=compress&cs=tinysrgb&dpr=2&h=650&w=940,loc-313__tabii__osm-node-6544417152__p01__pexels-6875472.jpg,D:\DATN\DATN_Tài liệu\data-center\media-assets\cloudinary-staging\locations\2026-06-04-overpass-published-inactive\originals\loc-313__tabii__osm-node-6544417152__p01__pexels-6875472.jpg,313,Tabii,tabii,inactive,6875472,1,Quang Nguyen Vinh,https://www.pexels.com/@quang-nguyen-vinh-222549,pexels,https://www.pexels.com/photo/aerial-view-of-city-buildings-near-the-ocean-6875472/,https://www.openstreetmap.org/node/6544417152,downloaded,https://images.pexels.com/photos/6875472/pexels-photo-6875472.jpeg?auto=compress&cs=tinysrgb&h=350
khach-san-homestay,danangtrip/locations/tam-house-villa-hotel/loc-314__tam-house-villa-hotel__p01,downloaded:492934,osm-node-5602509021,https://images.pexels.com/photos/6875472/pexels-photo-6875472.jpeg?auto=compress&cs=tinysrgb&dpr=2&h=650&w=940,loc-314__tam-house-villa-hotel__osm-node-5602509021__p01__pexels-6875472.jpg,D:\DATN\DATN_Tài liệu\data-center\media-assets\cloudinary-staging\locations\2026-06-04-overpass-published-inactive\originals\loc-314__tam-house-villa-hotel__osm-node-5602509021__p01__pexels-6875472.jpg,314,Tam House Villa Hotel,tam-house-villa-hotel,inactive,6875472,1,Quang Nguyen Vinh,https://www.pexels.com/@quang-nguyen-vinh-222549,pexels,https://www.pexels.com/photo/aerial-view-of-city-buildings-near-the-ocean-6875472/,https://www.openstreetmap.org/node/5602509021,downloaded,https://images.pexels.com/photos/6875472/pexels-photo-6875472.jpeg?auto=compress&cs=tinysrgb&h=350
khach-san-homestay,danangtrip/locations/tashi-park-view-hotel-apartment/loc-315__tashi-park-view-hotel-apartment__p01,downloaded:322828,osm-node-12098065601,https://images.pexels.com/photos/1207515/pexels-photo-1207515.jpeg?auto=compress&cs=tinysrgb&dpr=2&h=650&w=940,loc-315__tashi-park-view-hotel-apartment__osm-node-12098065601__p01__pexels-1207515.jpg,D:\DATN\DATN_Tài liệu\data-center\media-assets\cloudinary-staging\locations\2026-06-04-overpass-published-inactive\originals\loc-315__tashi-park-view-hotel-apartment__osm-node-12098065601__p01__pexels-1207515.jpg,315,Tashi Park View Hotel & Apartment,tashi-park-view-hotel-apartment,inactive,1207515,1,Min An,https://www.pexels.com/@minan1398,pexels,https://www.pexels.com/photo/concrete-structures-next-to-each-other-1207515/,https://www.openstreetmap.org/node/12098065601,downloaded,https://images.pexels.com/photos/1207515/pexels-photo-1207515.jpeg?auto=compress&cs=tinysrgb&h=350
am-thuc-dia-phuong,danangtrip/locations/teddy-garden-burgers/loc-316__teddy-garden-burgers__p01,downloaded:119149,osm-node-6079848286,https://images.pexels.com/photos/534285/pexels-photo-534285.jpeg?auto=compress&cs=tinysrgb&dpr=2&h=650&w=940,loc-316__teddy-garden-burgers__osm-node-6079848286__p01__pexels-534285.jpg,D:\DATN\DATN_Tài liệu\data-center\media-assets\cloudinary-staging\locations\2026-06-04-overpass-published-inactive\originals\loc-316__teddy-garden-burgers__osm-node-6079848286__p01__pexels-534285.jpg,316,Teddy Garden burgers,teddy-garden-burgers,inactive,534285,1,Pixabay,https://www.pexels.com/@pixabay,pexels,https://www.pexels.com/photo/person-holding-two-hamburgers-534285/,https://www.openstreetmap.org/node/6079848286,downloaded,https://images.pexels.com/photos/534285/pexels-photo-534285.jpeg?auto=compress&cs=tinysrgb&h=350
am-thuc-dia-phuong,danangtrip/locations/thang-bom/loc-317__thang-bom__p01,downloaded:391871,osm-node-2623768438,https://images.pexels.com/photos/32831392/pexels-photo-32831392.jpeg?auto=compress&cs=tinysrgb&dpr=2&h=650&w=940,loc-317__thang-bom__osm-node-2623768438__p01__pexels-32831392.jpg,D:\DATN\DATN_Tài liệu\data-center\media-assets\cloudinary-staging\locations\2026-06-04-overpass-published-inactive\originals\loc-317__thang-bom__osm-node-2623768438__p01__pexels-32831392.jpg,317,Thang Bom,thang-bom,inactive,32831392,1,Tuan Vy,https://www.pexels.com/@tuan-vy-903011268,pexels,https://www.pexels.com/photo/street-view-of-vietnamese-restaurant-with-motorbikes-32831392/,https://www.openstreetmap.org/node/2623768438,downloaded,https://images.pexels.com/photos/32831392/pexels-photo-32831392.jpeg?auto=compress&cs=tinysrgb&h=350
khach-san-homestay,danangtrip/locations/thanh-nhung/loc-318__thanh-nhung__p01,downloaded:501538,osm-node-6544417146,https://images.pexels.com/photos/5273872/pexels-photo-5273872.jpeg?auto=compress&cs=tinysrgb&dpr=2&h=650&w=940,loc-318__thanh-nhung__osm-node-6544417146__p01__pexels-5273872.jpg,D:\DATN\DATN_Tài liệu\data-center\media-assets\cloudinary-staging\locations\2026-06-04-overpass-published-inactive\originals\loc-318__thanh-nhung__osm-node-6544417146__p01__pexels-5273872.jpg,318,Thanh Nhung,thanh-nhung,inactive,5273872,1,Thanh Do,https://www.pexels.com/@dothanhyb,pexels,https://www.pexels.com/photo/nha-khach-hao-gia-hotel-5273872/,https://www.openstreetmap.org/node/6544417146,downloaded,https://images.pexels.com/photos/5273872/pexels-photo-5273872.jpeg?auto=compress&cs=tinysrgb&h=350
am-thuc-dia-phuong,danangtrip/locations/the-amazing-taco-in-da-nang/loc-319__the-amazing-taco-in-da-nang__p01,downloaded:254428,osm-node-4260382168,https://images.pexels.com/photos/37578549/pexels-photo-37578549.jpeg?auto=compress&cs=tinysrgb&dpr=2&h=650&w=940,loc-319__the-amazing-taco-in-da-nang__osm-node-4260382168__p01__pexels-37578549.jpg,D:\DATN\DATN_Tài liệu\data-center\media-assets\cloudinary-staging\locations\2026-06-04-overpass-published-inactive\originals\loc-319__the-amazing-taco-in-da-nang__osm-node-4260382168__p01__pexels-37578549.jpg,319,The Amazing Taco | In Da Nang,the-amazing-taco-in-da-nang,inactive,37578549,1,Nha van,https://www.pexels.com/@nhavan,pexels,https://www.pexels.com/photo/woman-enjoying-vietnamese-cuisine-in-da-nang-37578549/,https://www.openstreetmap.org/node/4260382168,downloaded,https://images.pexels.com/photos/37578549/pexels-photo-37578549.jpeg?auto=compress&cs=tinysrgb&h=350
am-thuc-dia-phuong,danangtrip/locations/the-choi-s-kitchen/loc-320__the-choi-s-kitchen__p01,downloaded:391871,osm-node-4814994722,https://images.pexels.com/photos/32831392/pexels-photo-32831392.jpeg?auto=compress&cs=tinysrgb&dpr=2&h=650&w=940,loc-320__the-choi-s-kitchen__osm-node-4814994722__p01__pexels-32831392.jpg,D:\DATN\DATN_Tài liệu\data-center\media-assets\cloudinary-staging\locations\2026-06-04-overpass-published-inactive\originals\loc-320__the-choi-s-kitchen__osm-node-4814994722__p01__pexels-32831392.jpg,320,The Choi's Kitchen,the-choi-s-kitchen,inactive,32831392,1,Tuan Vy,https://www.pexels.com/@tuan-vy-903011268,pexels,https://www.pexels.com/photo/street-view-of-vietnamese-restaurant-with-motorbikes-32831392/,https://www.openstreetmap.org/node/4814994722,downloaded,https://images.pexels.com/photos/32831392/pexels-photo-32831392.jpeg?auto=compress&cs=tinysrgb&h=350
am-thuc-dia-phuong,danangtrip/locations/the-pizza-company/loc-321__the-pizza-company__p01,downloaded:240025,osm-node-5699718559,https://images.pexels.com/photos/35271944/pexels-photo-35271944.jpeg?auto=compress&cs=tinysrgb&dpr=2&h=650&w=940,loc-321__the-pizza-company__osm-node-5699718559__p01__pexels-35271944.jpg,D:\DATN\DATN_Tài liệu\data-center\media-assets\cloudinary-staging\locations\2026-06-04-overpass-published-inactive\originals\loc-321__the-pizza-company__osm-node-5699718559__p01__pexels-35271944.jpg,321,The Pizza Company,the-pizza-company,inactive,35271944,1,Nha van,https://www.pexels.com/@nhavan,pexels,https://www.pexels.com/photo/young-woman-enjoying-vietnamese-meal-indoors-35271944/,https://www.openstreetmap.org/node/5699718559,downloaded,https://images.pexels.com/photos/35271944/pexels-photo-35271944.jpeg?auto=compress&cs=tinysrgb&h=350
am-thuc-dia-phuong,danangtrip/locations/thung-phi-bbq/loc-322__thung-phi-bbq__p01,downloaded:391871,osm-node-4430077492,https://images.pexels.com/photos/32831392/pexels-photo-32831392.jpeg?auto=compress&cs=tinysrgb&dpr=2&h=650&w=940,loc-322__thung-phi-bbq__osm-node-4430077492__p01__pexels-32831392.jpg,D:\DATN\DATN_Tài liệu\data-center\media-assets\cloudinary-staging\locations\2026-06-04-overpass-published-inactive\originals\loc-322__thung-phi-bbq__osm-node-4430077492__p01__pexels-32831392.jpg,322,Thung Phi BBQ,thung-phi-bbq,inactive,32831392,1,Tuan Vy,https://www.pexels.com/@tuan-vy-903011268,pexels,https://www.pexels.com/photo/street-view-of-vietnamese-restaurant-with-motorbikes-32831392/,https://www.openstreetmap.org/node/4430077492,downloaded,https://images.pexels.com/photos/32831392/pexels-photo-32831392.jpeg?auto=compress&cs=tinysrgb&h=350
am-thuc-dia-phuong,danangtrip/locations/tiem-an-vu-gia/loc-323__tiem-an-vu-gia__p01,downloaded:391871,osm-node-5110691331,https://images.pexels.com/photos/32831392/pexels-photo-32831392.jpeg?auto=compress&cs=tinysrgb&dpr=2&h=650&w=940,loc-323__tiem-an-vu-gia__osm-node-5110691331__p01__pexels-32831392.jpg,D:\DATN\DATN_Tài liệu\data-center\media-assets\cloudinary-staging\locations\2026-06-04-overpass-published-inactive\originals\loc-323__tiem-an-vu-gia__osm-node-5110691331__p01__pexels-32831392.jpg,323,Tiem An Vu Gia,tiem-an-vu-gia,inactive,32831392,1,Tuan Vy,https://www.pexels.com/@tuan-vy-903011268,pexels,https://www.pexels.com/photo/street-view-of-vietnamese-restaurant-with-motorbikes-32831392/,https://www.openstreetmap.org/node/5110691331,downloaded,https://images.pexels.com/photos/32831392/pexels-photo-32831392.jpeg?auto=compress&cs=tinysrgb&h=350
am-thuc-dia-phuong,danangtrip/locations/tokbokki-ly/loc-324__tokbokki-ly__p01,downloaded:391871,osm-node-6108930790,https://images.pexels.com/photos/32831392/pexels-photo-32831392.jpeg?auto=compress&cs=tinysrgb&dpr=2&h=650&w=940,loc-324__tokbokki-ly__osm-node-6108930790__p01__pexels-32831392.jpg,D:\DATN\DATN_Tài liệu\data-center\media-assets\cloudinary-staging\locations\2026-06-04-overpass-published-inactive\originals\loc-324__tokbokki-ly__osm-node-6108930790__p01__pexels-32831392.jpg,324,Tokbokki Ly,tokbokki-ly,inactive,32831392,1,Tuan Vy,https://www.pexels.com/@tuan-vy-903011268,pexels,https://www.pexels.com/photo/street-view-of-vietnamese-restaurant-with-motorbikes-32831392/,https://www.openstreetmap.org/node/6108930790,downloaded,https://images.pexels.com/photos/32831392/pexels-photo-32831392.jpeg?auto=compress&cs=tinysrgb&h=350
ca-phe-tra-sua,danangtrip/locations/tru-vu-tra-quan/loc-325__tru-vu-tra-quan__p01,downloaded:159857,osm-way-1109970012,https://images.pexels.com/photos/32744958/pexels-photo-32744958.jpeg?auto=compress&cs=tinysrgb&dpr=2&h=650&w=940,loc-325__tru-vu-tra-quan__osm-way-1109970012__p01__pexels-32744958.jpg,D:\DATN\DATN_Tài liệu\data-center\media-assets\cloudinary-staging\locations\2026-06-04-overpass-published-inactive\originals\loc-325__tru-vu-tra-quan__osm-way-1109970012__p01__pexels-32744958.jpg,325,Tru Vu Tra Quan,tru-vu-tra-quan,inactive,32744958,1,Nha van,https://www.pexels.com/@nhavan,pexels,https://www.pexels.com/photo/cozy-cafe-table-with-vietnamese-iced-coffee-32744958/,https://www.openstreetmap.org/way/1109970012,downloaded,https://images.pexels.com/photos/32744958/pexels-photo-32744958.jpeg?auto=compress&cs=tinysrgb&h=350
cong-vien-nuoc,danangtrip/locations/trung-tam-giai-tri-phuc-hop-helio-center/loc-326__trung-tam-giai-tri-phuc-hop-helio-center__p01,downloaded:448711,osm-node-4807957148,https://images.pexels.com/photos/14021725/pexels-photo-14021725.jpeg?auto=compress&cs=tinysrgb&dpr=2&h=650&w=940,loc-326__trung-tam-giai-tri-phuc-hop-helio-center__osm-node-4807957148__p01__pexels-14021725.jpg,D:\DATN\DATN_Tài liệu\data-center\media-assets\cloudinary-staging\locations\2026-06-04-overpass-published-inactive\originals\loc-326__trung-tam-giai-tri-phuc-hop-helio-center__osm-node-4807957148__p01__pexels-14021725.jpg,326,Trung tam Giai tri Phuc hop Helio Center,trung-tam-giai-tri-phuc-hop-helio-center,inactive,14021725,1,Quang Nguyen Vinh,https://www.pexels.com/@quang-nguyen-vinh-222549,pexels,https://www.pexels.com/photo/people-standing-near-the-apec-park-14021725/,https://www.openstreetmap.org/node/4807957148,downloaded,https://images.pexels.com/photos/14021725/pexels-photo-14021725.jpeg?auto=compress&cs=tinysrgb&h=350
cong-vien-vuon-hoa,danangtrip/locations/trung-tam-van-hoa-the-thao-quan-thanh-khe/loc-327__trung-tam-van-hoa-the-thao-quan-thanh-khe__p01,downloaded:448711,osm-way-846695791,https://images.pexels.com/photos/14021725/pexels-photo-14021725.jpeg?auto=compress&cs=tinysrgb&dpr=2&h=650&w=940,loc-327__trung-tam-van-hoa-the-thao-quan-thanh-khe__osm-way-846695791__p01__pexels-14021725.jpg,D:\DATN\DATN_Tài liệu\data-center\media-assets\cloudinary-staging\locations\2026-06-04-overpass-published-inactive\originals\loc-327__trung-tam-van-hoa-the-thao-quan-thanh-khe__osm-way-846695791__p01__pexels-14021725.jpg,327,Trung tam Van hoa - The thao quan Thanh Khe,trung-tam-van-hoa-the-thao-quan-thanh-khe,inactive,14021725,1,Quang Nguyen Vinh,https://www.pexels.com/@quang-nguyen-vinh-222549,pexels,https://www.pexels.com/photo/people-standing-near-the-apec-park-14021725/,https://www.openstreetmap.org/way/846695791,downloaded,https://images.pexels.com/photos/14021725/pexels-photo-14021725.jpeg?auto=compress&cs=tinysrgb&h=350
khach-san-homestay,danangtrip/locations/truongvuhouse-s/loc-328__truongvuhouse-s__p01,downloaded:492934,osm-node-4931062422,https://images.pexels.com/photos/6875472/pexels-photo-6875472.jpeg?auto=compress&cs=tinysrgb&dpr=2&h=650&w=940,loc-328__truongvuhouse-s__osm-node-4931062422__p01__pexels-6875472.jpg,D:\DATN\DATN_Tài liệu\data-center\media-assets\cloudinary-staging\locations\2026-06-04-overpass-published-inactive\originals\loc-328__truongvuhouse-s__osm-node-4931062422__p01__pexels-6875472.jpg,328,TruongVuHouse's,truongvuhouse-s,inactive,6875472,1,Quang Nguyen Vinh,https://www.pexels.com/@quang-nguyen-vinh-222549,pexels,https://www.pexels.com/photo/aerial-view-of-city-buildings-near-the-ocean-6875472/,https://www.openstreetmap.org/node/4931062422,downloaded,https://images.pexels.com/photos/6875472/pexels-photo-6875472.jpeg?auto=compress&cs=tinysrgb&h=350
bao-tang-di-tich,danangtrip/locations/tuong-phat-phuoc-ly/loc-329__tuong-phat-phuoc-ly__p01,downloaded:261930,osm-node-13734880501,https://images.pexels.com/photos/24800156/pexels-photo-24800156.jpeg?auto=compress&cs=tinysrgb&dpr=2&h=650&w=940,loc-329__tuong-phat-phuoc-ly__osm-node-13734880501__p01__pexels-24800156.jpg,D:\DATN\DATN_Tài liệu\data-center\media-assets\cloudinary-staging\locations\2026-06-04-overpass-published-inactive\originals\loc-329__tuong-phat-phuoc-ly__osm-node-13734880501__p01__pexels-24800156.jpg,329,Tuong Phat Phuoc Ly,tuong-phat-phuoc-ly,inactive,24800156,1,Lucas Tran,https://www.pexels.com/@lucastranimages,pexels,https://www.pexels.com/photo/ancient-buddhist-phat-tich-pagoda-in-vietnam-24800156/,https://www.openstreetmap.org/node/13734880501,downloaded,https://images.pexels.com/photos/24800156/pexels-photo-24800156.jpeg?auto=compress&cs=tinysrgb&h=350
khach-san-homestay,danangtrip/locations/ty-house-homestay-da-nang/loc-330__ty-house-homestay-da-nang__p01,downloaded:322828,osm-node-11896312469,https://images.pexels.com/photos/1207515/pexels-photo-1207515.jpeg?auto=compress&cs=tinysrgb&dpr=2&h=650&w=940,loc-330__ty-house-homestay-da-nang__osm-node-11896312469__p01__pexels-1207515.jpg,D:\DATN\DATN_Tài liệu\data-center\media-assets\cloudinary-staging\locations\2026-06-04-overpass-published-inactive\originals\loc-330__ty-house-homestay-da-nang__osm-node-11896312469__p01__pexels-1207515.jpg,330,Ty house homestay da nang,ty-house-homestay-da-nang,inactive,1207515,1,Min An,https://www.pexels.com/@minan1398,pexels,https://www.pexels.com/photo/concrete-structures-next-to-each-other-1207515/,https://www.openstreetmap.org/node/11896312469,downloaded,https://images.pexels.com/photos/1207515/pexels-photo-1207515.jpeg?auto=compress&cs=tinysrgb&h=350
hang-dong-nui-non,danangtrip/locations/vinh-da-nang/loc-331__vinh-da-nang__p01,downloaded:426819,osm-relation-16028838,https://images.pexels.com/photos/15747058/pexels-photo-15747058.jpeg?auto=compress&cs=tinysrgb&dpr=2&h=650&w=940,loc-331__vinh-da-nang__osm-relation-16028838__p01__pexels-15747058.jpg,D:\DATN\DATN_Tài liệu\data-center\media-assets\cloudinary-staging\locations\2026-06-04-overpass-published-inactive\originals\loc-331__vinh-da-nang__osm-relation-16028838__p01__pexels-15747058.jpg,331,Vinh Da Nang,vinh-da-nang,inactive,15747058,1,Vincent Liew,https://www.pexels.com/@vincent-liew-471586480,pexels,https://www.pexels.com/photo/view-from-the-marble-mountains-da-nang-vietnam-15747058/,https://www.openstreetmap.org/relation/16028838,downloaded,https://images.pexels.com/photos/15747058/pexels-photo-15747058.jpeg?auto=compress&cs=tinysrgb&h=350
am-thuc-dia-phuong,danangtrip/locations/xoi-ga-ba-be/loc-332__xoi-ga-ba-be__p01,downloaded:428748,osm-node-6152595285,https://images.pexels.com/photos/34332795/pexels-photo-34332795.jpeg?auto=compress&cs=tinysrgb&dpr=2&h=650&w=940,loc-332__xoi-ga-ba-be__osm-node-6152595285__p01__pexels-34332795.jpg,D:\DATN\DATN_Tài liệu\data-center\media-assets\cloudinary-staging\locations\2026-06-04-overpass-published-inactive\originals\loc-332__xoi-ga-ba-be__osm-node-6152595285__p01__pexels-34332795.jpg,332,Xoi ga Ba Be,xoi-ga-ba-be,inactive,34332795,1,AN Nhol,https://www.pexels.com/@an-nhol-2477401,pexels,https://www.pexels.com/photo/lively-vietnamese-street-food-vendor-scene-34332795/,https://www.openstreetmap.org/node/6152595285,downloaded,https://images.pexels.com/photos/34332795/pexels-photo-34332795.jpeg?auto=compress&cs=tinysrgb&h=350
am-thuc-dia-phuong,danangtrip/locations/xuan-toi/loc-333__xuan-toi__p01,downloaded:391871,osm-node-5271605921,https://images.pexels.com/photos/32831392/pexels-photo-32831392.jpeg?auto=compress&cs=tinysrgb&dpr=2&h=650&w=940,loc-333__xuan-toi__osm-node-5271605921__p01__pexels-32831392.jpg,D:\DATN\DATN_Tài liệu\data-center\media-assets\cloudinary-staging\locations\2026-06-04-overpass-published-inactive\originals\loc-333__xuan-toi__osm-node-5271605921__p01__pexels-32831392.jpg,333,Xuan Toi,xuan-toi,inactive,32831392,1,Tuan Vy,https://www.pexels.com/@tuan-vy-903011268,pexels,https://www.pexels.com/photo/street-view-of-vietnamese-restaurant-with-motorbikes-32831392/,https://www.openstreetmap.org/node/5271605921,downloaded,https://images.pexels.com/photos/32831392/pexels-photo-32831392.jpeg?auto=compress&cs=tinysrgb&h=350
am-thuc-dia-phuong,danangtrip/locations/yaourt-muoi-cay-bang/loc-334__yaourt-muoi-cay-bang__p01,downloaded:391871,osm-node-6151202686,https://images.pexels.com/photos/32831392/pexels-photo-32831392.jpeg?auto=compress&cs=tinysrgb&dpr=2&h=650&w=940,loc-334__yaourt-muoi-cay-bang__osm-node-6151202686__p01__pexels-32831392.jpg,D:\DATN\DATN_Tài liệu\data-center\media-assets\cloudinary-staging\locations\2026-06-04-overpass-published-inactive\originals\loc-334__yaourt-muoi-cay-bang__osm-node-6151202686__p01__pexels-32831392.jpg,334,Yaourt muoi Cay Bang,yaourt-muoi-cay-bang,inactive,32831392,1,Tuan Vy,https://www.pexels.com/@tuan-vy-903011268,pexels,https://www.pexels.com/photo/street-view-of-vietnamese-restaurant-with-motorbikes-32831392/,https://www.openstreetmap.org/node/6151202686,downloaded,https://images.pexels.com/photos/32831392/pexels-photo-32831392.jpeg?auto=compress&cs=tinysrgb&h=350
