asset_id,bytes,category_slug,cloudinary_public_id,download_message,external_id,format,height,image_url,local_file,local_path,location_id,location_name,location_slug,location_status,photo_id,photo_index,photographer,photographer_url,provider,provider_page_url,public_id,secure_url,source_url,status,thumbnail_url,upload_status,version,width
1818188714bdcab0926e5158cfcb95b8,492934,khach-san-homestay,danangtrip/locations/139nguyen-ducedm/loc-113__139nguyen-ducedm__p01,,osm-node-7143487885,jpg,1253,https://images.pexels.com/photos/6875472/pexels-photo-6875472.jpeg?auto=compress&cs=tinysrgb&dpr=2&h=650&w=940,loc-113__139nguyen-ducedm__osm-node-7143487885__p01__pexels-6875472.jpg,D:\DATN\DATN_Tài liệu\data-center\media-assets\cloudinary-staging\locations\2026-06-04-overpass-published-inactive\originals\loc-113__139nguyen-ducedm__osm-node-7143487885__p01__pexels-6875472.jpg,113,139nguyen ducedm,139nguyen-ducedm,inactive,6875472,1,Quang Nguyen Vinh,https://www.pexels.com/@quang-nguyen-vinh-222549,pexels,https://www.pexels.com/photo/aerial-view-of-city-buildings-near-the-ocean-6875472/,danangtrip/locations/139nguyen-ducedm/loc-113__139nguyen-ducedm__p01,https://res.cloudinary.com/dmukxquza/image/upload/v1780559280/danangtrip/locations/139nguyen-ducedm/loc-113__139nguyen-ducedm__p01.jpg,https://www.openstreetmap.org/node/7143487885,already_downloaded,https://images.pexels.com/photos/6875472/pexels-photo-6875472.jpeg?auto=compress&cs=tinysrgb&h=350,uploaded,1780559280,1880
d129c401278ec02a27b781c0a4a0e309,245719,khach-san-homestay,danangtrip/locations/4-seasons-danang-hostel/loc-114__4-seasons-danang-hostel__p01,,osm-node-5893704690,jpg,1271,https://images.pexels.com/photos/26550067/pexels-photo-26550067.jpeg?auto=compress&cs=tinysrgb&dpr=2&h=650&w=940,loc-114__4-seasons-danang-hostel__osm-node-5893704690__p01__pexels-26550067.jpg,D:\DATN\DATN_Tài liệu\data-center\media-assets\cloudinary-staging\locations\2026-06-04-overpass-published-inactive\originals\loc-114__4-seasons-danang-hostel__osm-node-5893704690__p01__pexels-26550067.jpg,114,4 Seasons Danang Hostel,4-seasons-danang-hostel,inactive,26550067,1,Pragyan Bezbaruah,https://www.pexels.com/@pragyanbezbo,pexels,https://www.pexels.com/photo/da-nang-city-name-at-beach-26550067/,danangtrip/locations/4-seasons-danang-hostel/loc-114__4-seasons-danang-hostel__p01,https://res.cloudinary.com/dmukxquza/image/upload/v1780559283/danangtrip/locations/4-seasons-danang-hostel/loc-114__4-seasons-danang-hostel__p01.jpg,https://www.openstreetmap.org/node/5893704690,already_downloaded,https://images.pexels.com/photos/26550067/pexels-photo-26550067.jpeg?auto=compress&cs=tinysrgb&h=350,uploaded,1780559283,1880
3c7f204d26b573ca361a5db8481a957a,391871,am-thuc-dia-phuong,danangtrip/locations/a-nang-com-chay-2/loc-115__a-nang-com-chay-2__p01,,osm-node-5804107053,jpg,1253,https://images.pexels.com/photos/32831392/pexels-photo-32831392.jpeg?auto=compress&cs=tinysrgb&dpr=2&h=650&w=940,loc-115__a-nang-com-chay-2__osm-node-5804107053__p01__pexels-32831392.jpg,D:\DATN\DATN_Tài liệu\data-center\media-assets\cloudinary-staging\locations\2026-06-04-overpass-published-inactive\originals\loc-115__a-nang-com-chay-2__osm-node-5804107053__p01__pexels-32831392.jpg,115,a Nang Com Chay 2,a-nang-com-chay-2,inactive,32831392,1,Tuan Vy,https://www.pexels.com/@tuan-vy-903011268,pexels,https://www.pexels.com/photo/street-view-of-vietnamese-restaurant-with-motorbikes-32831392/,danangtrip/locations/a-nang-com-chay-2/loc-115__a-nang-com-chay-2__p01,https://res.cloudinary.com/dmukxquza/image/upload/v1780559286/danangtrip/locations/a-nang-com-chay-2/loc-115__a-nang-com-chay-2__p01.jpg,https://www.openstreetmap.org/node/5804107053,already_downloaded,https://images.pexels.com/photos/32831392/pexels-photo-32831392.jpeg?auto=compress&cs=tinysrgb&h=350,uploaded,1780559286,1880
fa92e78981c1a797f7e8e277c91a4368,391871,am-thuc-dia-phuong,danangtrip/locations/a-tri/loc-116__a-tri__p01,,osm-node-5911447385,jpg,1253,https://images.pexels.com/photos/32831392/pexels-photo-32831392.jpeg?auto=compress&cs=tinysrgb&dpr=2&h=650&w=940,loc-116__a-tri__osm-node-5911447385__p01__pexels-32831392.jpg,D:\DATN\DATN_Tài liệu\data-center\media-assets\cloudinary-staging\locations\2026-06-04-overpass-published-inactive\originals\loc-116__a-tri__osm-node-5911447385__p01__pexels-32831392.jpg,116,A tri,a-tri,inactive,32831392,1,Tuan Vy,https://www.pexels.com/@tuan-vy-903011268,pexels,https://www.pexels.com/photo/street-view-of-vietnamese-restaurant-with-motorbikes-32831392/,danangtrip/locations/a-tri/loc-116__a-tri__p01,https://res.cloudinary.com/dmukxquza/image/upload/v1780559289/danangtrip/locations/a-tri/loc-116__a-tri__p01.jpg,https://www.openstreetmap.org/node/5911447385,already_downloaded,https://images.pexels.com/photos/32831392/pexels-photo-32831392.jpeg?auto=compress&cs=tinysrgb&h=350,uploaded,1780559289,1880
9a6811eff4bf99d5806c89d1540bd5a4,492934,khach-san-homestay,danangtrip/locations/adela/loc-117__adela__p01,,osm-node-12163654196,jpg,1253,https://images.pexels.com/photos/6875472/pexels-photo-6875472.jpeg?auto=compress&cs=tinysrgb&dpr=2&h=650&w=940,loc-117__adela__osm-node-12163654196__p01__pexels-6875472.jpg,D:\DATN\DATN_Tài liệu\data-center\media-assets\cloudinary-staging\locations\2026-06-04-overpass-published-inactive\originals\loc-117__adela__osm-node-12163654196__p01__pexels-6875472.jpg,117,Adela,adela,inactive,6875472,1,Quang Nguyen Vinh,https://www.pexels.com/@quang-nguyen-vinh-222549,pexels,https://www.pexels.com/photo/aerial-view-of-city-buildings-near-the-ocean-6875472/,danangtrip/locations/adela/loc-117__adela__p01,https://res.cloudinary.com/dmukxquza/image/upload/v1780559292/danangtrip/locations/adela/loc-117__adela__p01.jpg,https://www.openstreetmap.org/node/12163654196,already_downloaded,https://images.pexels.com/photos/6875472/pexels-photo-6875472.jpeg?auto=compress&cs=tinysrgb&h=350,uploaded,1780559292,1880
a7b97e49163df4e532eb7b684c15c34b,492934,khach-san-homestay,danangtrip/locations/altara-suites/loc-118__altara-suites__p01,,osm-node-12030866669,jpg,1253,https://images.pexels.com/photos/6875472/pexels-photo-6875472.jpeg?auto=compress&cs=tinysrgb&dpr=2&h=650&w=940,loc-118__altara-suites__osm-node-12030866669__p01__pexels-6875472.jpg,D:\DATN\DATN_Tài liệu\data-center\media-assets\cloudinary-staging\locations\2026-06-04-overpass-published-inactive\originals\loc-118__altara-suites__osm-node-12030866669__p01__pexels-6875472.jpg,118,Altara Suites,altara-suites,inactive,6875472,1,Quang Nguyen Vinh,https://www.pexels.com/@quang-nguyen-vinh-222549,pexels,https://www.pexels.com/photo/aerial-view-of-city-buildings-near-the-ocean-6875472/,danangtrip/locations/altara-suites/loc-118__altara-suites__p01,https://res.cloudinary.com/dmukxquza/image/upload/v1780559329/danangtrip/locations/altara-suites/loc-118__altara-suites__p01.jpg,https://www.openstreetmap.org/node/12030866669,already_downloaded,https://images.pexels.com/photos/6875472/pexels-photo-6875472.jpeg?auto=compress&cs=tinysrgb&h=350,uploaded,1780559329,1880
b6fd4cf63474f33c613af9becedf188e,322828,khach-san-homestay,danangtrip/locations/alyssa-hotel/loc-119__alyssa-hotel__p01,,osm-node-11888983269,jpg,1240,https://images.pexels.com/photos/1207515/pexels-photo-1207515.jpeg?auto=compress&cs=tinysrgb&dpr=2&h=650&w=940,loc-119__alyssa-hotel__osm-node-11888983269__p01__pexels-1207515.jpg,D:\DATN\DATN_Tài liệu\data-center\media-assets\cloudinary-staging\locations\2026-06-04-overpass-published-inactive\originals\loc-119__alyssa-hotel__osm-node-11888983269__p01__pexels-1207515.jpg,119,Alyssa hotel,alyssa-hotel,inactive,1207515,1,Min An,https://www.pexels.com/@minan1398,pexels,https://www.pexels.com/photo/concrete-structures-next-to-each-other-1207515/,danangtrip/locations/alyssa-hotel/loc-119__alyssa-hotel__p01,https://res.cloudinary.com/dmukxquza/image/upload/v1780559332/danangtrip/locations/alyssa-hotel/loc-119__alyssa-hotel__p01.jpg,https://www.openstreetmap.org/node/11888983269,already_downloaded,https://images.pexels.com/photos/1207515/pexels-photo-1207515.jpeg?auto=compress&cs=tinysrgb&h=350,uploaded,1780559332,1880
e4bdcf9b8fa255d7d71f4f18af68e87f,492934,khach-san-homestay,danangtrip/locations/aria-da-nang/loc-120__aria-da-nang__p01,,osm-node-9243903065,jpg,1253,https://images.pexels.com/photos/6875472/pexels-photo-6875472.jpeg?auto=compress&cs=tinysrgb&dpr=2&h=650&w=940,loc-120__aria-da-nang__osm-node-9243903065__p01__pexels-6875472.jpg,D:\DATN\DATN_Tài liệu\data-center\media-assets\cloudinary-staging\locations\2026-06-04-overpass-published-inactive\originals\loc-120__aria-da-nang__osm-node-9243903065__p01__pexels-6875472.jpg,120,Aria Da Nang,aria-da-nang,inactive,6875472,1,Quang Nguyen Vinh,https://www.pexels.com/@quang-nguyen-vinh-222549,pexels,https://www.pexels.com/photo/aerial-view-of-city-buildings-near-the-ocean-6875472/,danangtrip/locations/aria-da-nang/loc-120__aria-da-nang__p01,https://res.cloudinary.com/dmukxquza/image/upload/v1780559335/danangtrip/locations/aria-da-nang/loc-120__aria-da-nang__p01.jpg,https://www.openstreetmap.org/node/9243903065,already_downloaded,https://images.pexels.com/photos/6875472/pexels-photo-6875472.jpeg?auto=compress&cs=tinysrgb&h=350,uploaded,1780559335,1880
8559edb259816d1c20f6a1c75a282515,306213,bao-tang-di-tich,danangtrip/locations/art-in-paradise-da-nang-3d-museum/loc-121__art-in-paradise-da-nang-3d-museum__p01,,osm-node-5817580453,jpg,1253,https://images.pexels.com/photos/4160742/pexels-photo-4160742.jpeg?auto=compress&cs=tinysrgb&dpr=2&h=650&w=940,loc-121__art-in-paradise-da-nang-3d-museum__osm-node-5817580453__p01__pexels-4160742.jpg,D:\DATN\DATN_Tài liệu\data-center\media-assets\cloudinary-staging\locations\2026-06-04-overpass-published-inactive\originals\loc-121__art-in-paradise-da-nang-3d-museum__osm-node-5817580453__p01__pexels-4160742.jpg,121,Art in Paradise Da Nang 3D Museum,art-in-paradise-da-nang-3d-museum,inactive,4160742,1,HONG SON,https://www.pexels.com/@hson,pexels,https://www.pexels.com/photo/young-happy-woman-resting-near-entrance-of-modern-building-4160742/,danangtrip/locations/art-in-paradise-da-nang-3d-museum/loc-121__art-in-paradise-da-nang-3d-museum__p01,https://res.cloudinary.com/dmukxquza/image/upload/v1780559338/danangtrip/locations/art-in-paradise-da-nang-3d-museum/loc-121__art-in-paradise-da-nang-3d-museum__p01.jpg,https://www.openstreetmap.org/node/5817580453,already_downloaded,https://images.pexels.com/photos/4160742/pexels-photo-4160742.jpeg?auto=compress&cs=tinysrgb&h=350,uploaded,1780559338,1880
717ac1377ddd584245b3ee4a03b71973,269782,am-thuc-dia-phuong,danangtrip/locations/babylon-steakgarden/loc-122__babylon-steakgarden__p01,,osm-node-4352266089,jpg,1253,https://images.pexels.com/photos/37578551/pexels-photo-37578551.jpeg?auto=compress&cs=tinysrgb&dpr=2&h=650&w=940,loc-122__babylon-steakgarden__osm-node-4352266089__p01__pexels-37578551.jpg,D:\DATN\DATN_Tài liệu\data-center\media-assets\cloudinary-staging\locations\2026-06-04-overpass-published-inactive\originals\loc-122__babylon-steakgarden__osm-node-4352266089__p01__pexels-37578551.jpg,122,Babylon Steakgarden,babylon-steakgarden,inactive,37578551,1,Nha van,https://www.pexels.com/@nhavan,pexels,https://www.pexels.com/photo/joyful-dining-experience-in-da-nang-vietnam-37578551/,danangtrip/locations/babylon-steakgarden/loc-122__babylon-steakgarden__p01,https://res.cloudinary.com/dmukxquza/image/upload/v1780559341/danangtrip/locations/babylon-steakgarden/loc-122__babylon-steakgarden__p01.jpg,https://www.openstreetmap.org/node/4352266089,already_downloaded,https://images.pexels.com/photos/37578551/pexels-photo-37578551.jpeg?auto=compress&cs=tinysrgb&h=350,uploaded,1780559341,1880
4066592fb297401fa3ae85aeba0ad214,136240,check-in-noi-tieng,danangtrip/locations/bai-bien-my-khe/loc-123__bai-bien-my-khe__p01,downloaded:136240,osm-relation-19000664,jpg,1300,https://images.pexels.com/photos/32428875/pexels-photo-32428875.jpeg?auto=compress&cs=tinysrgb&dpr=2&h=650&w=940,loc-123__bai-bien-my-khe__osm-relation-19000664__p01__pexels-32428875.jpg,D:\DATN\DATN_Tài liệu\data-center\media-assets\cloudinary-staging\locations\2026-06-04-overpass-published-inactive\originals\loc-123__bai-bien-my-khe__osm-relation-19000664__p01__pexels-32428875.jpg,123,Bai bien My Khe,bai-bien-my-khe,inactive,32428875,1,one second before sunset,https://www.pexels.com/@onesecondbeforesunset,pexels,https://www.pexels.com/photo/scenic-beach-view-with-visitors-in-vietnam-32428875/,danangtrip/locations/bai-bien-my-khe/loc-123__bai-bien-my-khe__p01,https://res.cloudinary.com/dmukxquza/image/upload/v1780559343/danangtrip/locations/bai-bien-my-khe/loc-123__bai-bien-my-khe__p01.jpg,https://www.openstreetmap.org/relation/19000664,downloaded,https://images.pexels.com/photos/32428875/pexels-photo-32428875.jpeg?auto=compress&cs=tinysrgb&h=350,uploaded,1780559343,1733
e28bcbda370b2036827bd3263cccafca,337100,check-in-noi-tieng,danangtrip/locations/bai-bien-son-tra/loc-124__bai-bien-son-tra__p01,downloaded:337100,osm-node-12647208262,jpg,1253,https://images.pexels.com/photos/20563034/pexels-photo-20563034.jpeg?auto=compress&cs=tinysrgb&dpr=2&h=650&w=940,loc-124__bai-bien-son-tra__osm-node-12647208262__p01__pexels-20563034.jpg,D:\DATN\DATN_Tài liệu\data-center\media-assets\cloudinary-staging\locations\2026-06-04-overpass-published-inactive\originals\loc-124__bai-bien-son-tra__osm-node-12647208262__p01__pexels-20563034.jpg,124,Bai Bien Son Tra,bai-bien-son-tra,inactive,20563034,1,Kirandeep Singh Walia,https://www.pexels.com/@kirandeepsingh,pexels,https://www.pexels.com/photo/a-city-by-a-sea-20563034/,danangtrip/locations/bai-bien-son-tra/loc-124__bai-bien-son-tra__p01,https://res.cloudinary.com/dmukxquza/image/upload/v1780559346/danangtrip/locations/bai-bien-son-tra/loc-124__bai-bien-son-tra__p01.jpg,https://www.openstreetmap.org/node/12647208262,downloaded,https://images.pexels.com/photos/20563034/pexels-photo-20563034.jpeg?auto=compress&cs=tinysrgb&h=350,uploaded,1780559346,1880
93850fa9240fcf509c8234bc6e877a17,245719,check-in-noi-tieng,danangtrip/locations/bai-bien-tien-sa/loc-125__bai-bien-tien-sa__p01,downloaded:245719,osm-way-630377259,jpg,1271,https://images.pexels.com/photos/26550067/pexels-photo-26550067.jpeg?auto=compress&cs=tinysrgb&dpr=2&h=650&w=940,loc-125__bai-bien-tien-sa__osm-way-630377259__p01__pexels-26550067.jpg,D:\DATN\DATN_Tài liệu\data-center\media-assets\cloudinary-staging\locations\2026-06-04-overpass-published-inactive\originals\loc-125__bai-bien-tien-sa__osm-way-630377259__p01__pexels-26550067.jpg,125,Bai bien Tien Sa,bai-bien-tien-sa,inactive,26550067,1,Pragyan Bezbaruah,https://www.pexels.com/@pragyanbezbo,pexels,https://www.pexels.com/photo/da-nang-city-name-at-beach-26550067/,danangtrip/locations/bai-bien-tien-sa/loc-125__bai-bien-tien-sa__p01,https://res.cloudinary.com/dmukxquza/image/upload/v1780559349/danangtrip/locations/bai-bien-tien-sa/loc-125__bai-bien-tien-sa__p01.jpg,https://www.openstreetmap.org/way/630377259,downloaded,https://images.pexels.com/photos/26550067/pexels-photo-26550067.jpeg?auto=compress&cs=tinysrgb&h=350,uploaded,1780559349,1880
9fb3bbaa971568145ad0ab995ab52367,367637,check-in-noi-tieng,danangtrip/locations/bai-tam-non-nuoc/loc-126__bai-tam-non-nuoc__p01,downloaded:367637,osm-way-1204900824,jpg,1264,https://images.pexels.com/photos/16069032/pexels-photo-16069032.jpeg?auto=compress&cs=tinysrgb&dpr=2&h=650&w=940,loc-126__bai-tam-non-nuoc__osm-way-1204900824__p01__pexels-16069032.jpg,D:\DATN\DATN_Tài liệu\data-center\media-assets\cloudinary-staging\locations\2026-06-04-overpass-published-inactive\originals\loc-126__bai-tam-non-nuoc__osm-way-1204900824__p01__pexels-16069032.jpg,126,Bai tam Non Nuoc,bai-tam-non-nuoc,inactive,16069032,1,Linh Bo,https://www.pexels.com/@pulnb,pexels,https://www.pexels.com/photo/non-nuoc-pagoda-in-vietnam-16069032/,danangtrip/locations/bai-tam-non-nuoc/loc-126__bai-tam-non-nuoc__p01,https://res.cloudinary.com/dmukxquza/image/upload/v1780559352/danangtrip/locations/bai-tam-non-nuoc/loc-126__bai-tam-non-nuoc__p01.jpg,https://www.openstreetmap.org/way/1204900824,downloaded,https://images.pexels.com/photos/16069032/pexels-photo-16069032.jpeg?auto=compress&cs=tinysrgb&h=350,uploaded,1780559352,1880
107c0dd03351998a1f74a9d2d97ad53e,395536,check-in-noi-tieng,danangtrip/locations/ban-co-peak/loc-127__ban-co-peak__p01,downloaded:395536,osm-node-1538334281,jpg,1252,https://images.pexels.com/photos/14024061/pexels-photo-14024061.jpeg?auto=compress&cs=tinysrgb&dpr=2&h=650&w=940,loc-127__ban-co-peak__osm-node-1538334281__p01__pexels-14024061.jpg,D:\DATN\DATN_Tài liệu\data-center\media-assets\cloudinary-staging\locations\2026-06-04-overpass-published-inactive\originals\loc-127__ban-co-peak__osm-node-1538334281__p01__pexels-14024061.jpg,127,Ban Co Peak,ban-co-peak,inactive,14024061,1,Quang Nguyen Vinh,https://www.pexels.com/@quang-nguyen-vinh-222549,pexels,https://www.pexels.com/photo/city-at-the-sea-14024061/,danangtrip/locations/ban-co-peak/loc-127__ban-co-peak__p01,https://res.cloudinary.com/dmukxquza/image/upload/v1780559354/danangtrip/locations/ban-co-peak/loc-127__ban-co-peak__p01.jpg,https://www.openstreetmap.org/node/1538334281,downloaded,https://images.pexels.com/photos/14024061/pexels-photo-14024061.jpeg?auto=compress&cs=tinysrgb&h=350,uploaded,1780559354,1880
07822d27c2c66446de370b440d1695db,223528,am-thuc-dia-phuong,danangtrip/locations/banh-beo-291-nguyen-chi-thanh/loc-128__banh-beo-291-nguyen-chi-thanh__p01,downloaded:223528,osm-node-2988814633,jpg,1300,https://images.pexels.com/photos/29677176/pexels-photo-29677176.jpeg?auto=compress&cs=tinysrgb&dpr=2&h=650&w=940,loc-128__banh-beo-291-nguyen-chi-thanh__osm-node-2988814633__p01__pexels-29677176.jpg,D:\DATN\DATN_Tài liệu\data-center\media-assets\cloudinary-staging\locations\2026-06-04-overpass-published-inactive\originals\loc-128__banh-beo-291-nguyen-chi-thanh__osm-node-2988814633__p01__pexels-29677176.jpg,128,Banh beo 291 Nguyen Chi Thanh,banh-beo-291-nguyen-chi-thanh,inactive,29677176,1,Vo Van Tien,https://www.pexels.com/@vo-van-ti-n-2037497312,pexels,https://www.pexels.com/photo/vietnamese-banh-beo-with-savory-toppings-29677176/,danangtrip/locations/banh-beo-291-nguyen-chi-thanh/loc-128__banh-beo-291-nguyen-chi-thanh__p01,https://res.cloudinary.com/dmukxquza/image/upload/v1780559357/danangtrip/locations/banh-beo-291-nguyen-chi-thanh/loc-128__banh-beo-291-nguyen-chi-thanh__p01.jpg,https://www.openstreetmap.org/node/2988814633,downloaded,https://images.pexels.com/photos/29677176/pexels-photo-29677176.jpeg?auto=compress&cs=tinysrgb&h=350,uploaded,1780559357,1647
c94400cdfbe159fe8bd68c958751dedf,498070,am-thuc-dia-phuong,danangtrip/locations/banh-mi/loc-129__banh-mi__p01,downloaded:498070,osm-node-4656790491,jpg,1253,https://images.pexels.com/photos/32961655/pexels-photo-32961655.jpeg?auto=compress&cs=tinysrgb&dpr=2&h=650&w=940,loc-129__banh-mi__osm-node-4656790491__p01__pexels-32961655.jpg,D:\DATN\DATN_Tài liệu\data-center\media-assets\cloudinary-staging\locations\2026-06-04-overpass-published-inactive\originals\loc-129__banh-mi__osm-node-4656790491__p01__pexels-32961655.jpg,129,Banh mi,banh-mi,inactive,32961655,1,Hau Mai,https://www.pexels.com/@h-u-mai-2153907229,pexels,https://www.pexels.com/photo/delicious-vietnamese-banh-mi-on-newspaper-32961655/,danangtrip/locations/banh-mi/loc-129__banh-mi__p01,https://res.cloudinary.com/dmukxquza/image/upload/v1780559360/danangtrip/locations/banh-mi/loc-129__banh-mi__p01.jpg,https://www.openstreetmap.org/node/4656790491,downloaded,https://images.pexels.com/photos/32961655/pexels-photo-32961655.jpeg?auto=compress&cs=tinysrgb&h=350,uploaded,1780559360,1880
a0d0e67ed9a56b3fc59d1e6de245b922,286561,am-thuc-dia-phuong,danangtrip/locations/banh-mi-cham-pate/loc-130__banh-mi-cham-pate__p01,downloaded:286561,osm-node-6152597685,jpg,1253,https://images.pexels.com/photos/32961654/pexels-photo-32961654.jpeg?auto=compress&cs=tinysrgb&dpr=2&h=650&w=940,loc-130__banh-mi-cham-pate__osm-node-6152597685__p01__pexels-32961654.jpg,D:\DATN\DATN_Tài liệu\data-center\media-assets\cloudinary-staging\locations\2026-06-04-overpass-published-inactive\originals\loc-130__banh-mi-cham-pate__osm-node-6152597685__p01__pexels-32961654.jpg,130,Banh mi cham Pate,banh-mi-cham-pate,inactive,32961654,1,Hau Mai,https://www.pexels.com/@h-u-mai-2153907229,pexels,https://www.pexels.com/photo/delicious-vietnamese-banh-mi-sandwich-on-newspaper-32961654/,danangtrip/locations/banh-mi-cham-pate/loc-130__banh-mi-cham-pate__p01,https://res.cloudinary.com/dmukxquza/image/upload/v1780559363/danangtrip/locations/banh-mi-cham-pate/loc-130__banh-mi-cham-pate__p01.jpg,https://www.openstreetmap.org/node/6152597685,downloaded,https://images.pexels.com/photos/32961654/pexels-photo-32961654.jpeg?auto=compress&cs=tinysrgb&h=350,uploaded,1780559363,1880
f8688b1a4ef281a353e58681dc92a4d1,391871,am-thuc-dia-phuong,danangtrip/locations/banh-xeo-ba-duong/loc-131__banh-xeo-ba-duong__p01,downloaded:391871,osm-node-4541527689,jpg,1253,https://images.pexels.com/photos/32831392/pexels-photo-32831392.jpeg?auto=compress&cs=tinysrgb&dpr=2&h=650&w=940,loc-131__banh-xeo-ba-duong__osm-node-4541527689__p01__pexels-32831392.jpg,D:\DATN\DATN_Tài liệu\data-center\media-assets\cloudinary-staging\locations\2026-06-04-overpass-published-inactive\originals\loc-131__banh-xeo-ba-duong__osm-node-4541527689__p01__pexels-32831392.jpg,131,Banh Xeo Ba Duong,banh-xeo-ba-duong,inactive,32831392,1,Tuan Vy,https://www.pexels.com/@tuan-vy-903011268,pexels,https://www.pexels.com/photo/street-view-of-vietnamese-restaurant-with-motorbikes-32831392/,danangtrip/locations/banh-xeo-ba-duong/loc-131__banh-xeo-ba-duong__p01,https://res.cloudinary.com/dmukxquza/image/upload/v1780559365/danangtrip/locations/banh-xeo-ba-duong/loc-131__banh-xeo-ba-duong__p01.jpg,https://www.openstreetmap.org/node/4541527689,downloaded,https://images.pexels.com/photos/32831392/pexels-photo-32831392.jpeg?auto=compress&cs=tinysrgb&h=350,uploaded,1780559365,1880
8b58f208c39ef68b004958860ca04758,391871,am-thuc-dia-phuong,danangtrip/locations/bao-an-macrobiotic/loc-132__bao-an-macrobiotic__p01,downloaded:391871,osm-node-5947469393,jpg,1253,https://images.pexels.com/photos/32831392/pexels-photo-32831392.jpeg?auto=compress&cs=tinysrgb&dpr=2&h=650&w=940,loc-132__bao-an-macrobiotic__osm-node-5947469393__p01__pexels-32831392.jpg,D:\DATN\DATN_Tài liệu\data-center\media-assets\cloudinary-staging\locations\2026-06-04-overpass-published-inactive\originals\loc-132__bao-an-macrobiotic__osm-node-5947469393__p01__pexels-32831392.jpg,132,Bao An Macrobiotic,bao-an-macrobiotic,inactive,32831392,1,Tuan Vy,https://www.pexels.com/@tuan-vy-903011268,pexels,https://www.pexels.com/photo/street-view-of-vietnamese-restaurant-with-motorbikes-32831392/,danangtrip/locations/bao-an-macrobiotic/loc-132__bao-an-macrobiotic__p01,https://res.cloudinary.com/dmukxquza/image/upload/v1780559368/danangtrip/locations/bao-an-macrobiotic/loc-132__bao-an-macrobiotic__p01.jpg,https://www.openstreetmap.org/node/5947469393,downloaded,https://images.pexels.com/photos/32831392/pexels-photo-32831392.jpeg?auto=compress&cs=tinysrgb&h=350,uploaded,1780559368,1880
10249de9276d2c50b802749722532747,306213,bao-tang-di-tich,danangtrip/locations/bao-tang-da-nang/loc-133__bao-tang-da-nang__p01,downloaded:306213,osm-way-302618031,jpg,1253,https://images.pexels.com/photos/4160742/pexels-photo-4160742.jpeg?auto=compress&cs=tinysrgb&dpr=2&h=650&w=940,loc-133__bao-tang-da-nang__osm-way-302618031__p01__pexels-4160742.jpg,D:\DATN\DATN_Tài liệu\data-center\media-assets\cloudinary-staging\locations\2026-06-04-overpass-published-inactive\originals\loc-133__bao-tang-da-nang__osm-way-302618031__p01__pexels-4160742.jpg,133,Bao tang Da Nang,bao-tang-da-nang,inactive,4160742,1,HONG SON,https://www.pexels.com/@hson,pexels,https://www.pexels.com/photo/young-happy-woman-resting-near-entrance-of-modern-building-4160742/,danangtrip/locations/bao-tang-da-nang/loc-133__bao-tang-da-nang__p01,https://res.cloudinary.com/dmukxquza/image/upload/v1780559371/danangtrip/locations/bao-tang-da-nang/loc-133__bao-tang-da-nang__p01.jpg,https://www.openstreetmap.org/way/302618031,downloaded,https://images.pexels.com/photos/4160742/pexels-photo-4160742.jpeg?auto=compress&cs=tinysrgb&h=350,uploaded,1780559371,1880
2edb28a00d7bc894b83c63dc2d36f930,306213,bao-tang-di-tich,danangtrip/locations/bao-tang-ho-chi-minh/loc-134__bao-tang-ho-chi-minh__p01,downloaded:306213,osm-way-303341669,jpg,1253,https://images.pexels.com/photos/4160742/pexels-photo-4160742.jpeg?auto=compress&cs=tinysrgb&dpr=2&h=650&w=940,loc-134__bao-tang-ho-chi-minh__osm-way-303341669__p01__pexels-4160742.jpg,D:\DATN\DATN_Tài liệu\data-center\media-assets\cloudinary-staging\locations\2026-06-04-overpass-published-inactive\originals\loc-134__bao-tang-ho-chi-minh__osm-way-303341669__p01__pexels-4160742.jpg,134,Bao tang Ho Chi Minh,bao-tang-ho-chi-minh,inactive,4160742,1,HONG SON,https://www.pexels.com/@hson,pexels,https://www.pexels.com/photo/young-happy-woman-resting-near-entrance-of-modern-building-4160742/,danangtrip/locations/bao-tang-ho-chi-minh/loc-134__bao-tang-ho-chi-minh__p01,https://res.cloudinary.com/dmukxquza/image/upload/v1780559373/danangtrip/locations/bao-tang-ho-chi-minh/loc-134__bao-tang-ho-chi-minh__p01.jpg,https://www.openstreetmap.org/way/303341669,downloaded,https://images.pexels.com/photos/4160742/pexels-photo-4160742.jpeg?auto=compress&cs=tinysrgb&h=350,uploaded,1780559373,1880
cddd37decdf898bdc5f8d69fa20e0fa8,306213,bao-tang-di-tich,danangtrip/locations/bao-tang-phat-giao/loc-135__bao-tang-phat-giao__p01,downloaded:306213,osm-node-8474743417,jpg,1253,https://images.pexels.com/photos/4160742/pexels-photo-4160742.jpeg?auto=compress&cs=tinysrgb&dpr=2&h=650&w=940,loc-135__bao-tang-phat-giao__osm-node-8474743417__p01__pexels-4160742.jpg,D:\DATN\DATN_Tài liệu\data-center\media-assets\cloudinary-staging\locations\2026-06-04-overpass-published-inactive\originals\loc-135__bao-tang-phat-giao__osm-node-8474743417__p01__pexels-4160742.jpg,135,Bao tang Phat giao,bao-tang-phat-giao,inactive,4160742,1,HONG SON,https://www.pexels.com/@hson,pexels,https://www.pexels.com/photo/young-happy-woman-resting-near-entrance-of-modern-building-4160742/,danangtrip/locations/bao-tang-phat-giao/loc-135__bao-tang-phat-giao__p01,https://res.cloudinary.com/dmukxquza/image/upload/v1780559376/danangtrip/locations/bao-tang-phat-giao/loc-135__bao-tang-phat-giao__p01.jpg,https://www.openstreetmap.org/node/8474743417,downloaded,https://images.pexels.com/photos/4160742/pexels-photo-4160742.jpeg?auto=compress&cs=tinysrgb&h=350,uploaded,1780559376,1880
2d2bd2bfe942fd8709810fecdec555a4,306213,bao-tang-di-tich,danangtrip/locations/bao-tang-quan-khu-5/loc-136__bao-tang-quan-khu-5__p01,downloaded:306213,osm-way-118691767,jpg,1253,https://images.pexels.com/photos/4160742/pexels-photo-4160742.jpeg?auto=compress&cs=tinysrgb&dpr=2&h=650&w=940,loc-136__bao-tang-quan-khu-5__osm-way-118691767__p01__pexels-4160742.jpg,D:\DATN\DATN_Tài liệu\data-center\media-assets\cloudinary-staging\locations\2026-06-04-overpass-published-inactive\originals\loc-136__bao-tang-quan-khu-5__osm-way-118691767__p01__pexels-4160742.jpg,136,Bao tang Quan khu 5,bao-tang-quan-khu-5,inactive,4160742,1,HONG SON,https://www.pexels.com/@hson,pexels,https://www.pexels.com/photo/young-happy-woman-resting-near-entrance-of-modern-building-4160742/,danangtrip/locations/bao-tang-quan-khu-5/loc-136__bao-tang-quan-khu-5__p01,https://res.cloudinary.com/dmukxquza/image/upload/v1780559379/danangtrip/locations/bao-tang-quan-khu-5/loc-136__bao-tang-quan-khu-5__p01.jpg,https://www.openstreetmap.org/way/118691767,downloaded,https://images.pexels.com/photos/4160742/pexels-photo-4160742.jpeg?auto=compress&cs=tinysrgb&h=350,uploaded,1780559379,1880
e67555a0deea56a292c6a3de2474c811,322828,khach-san-homestay,danangtrip/locations/barney-s-danang-backpacker-s-hostel/loc-137__barney-s-danang-backpacker-s-hostel__p01,downloaded:322828,osm-node-4483622590,jpg,1240,https://images.pexels.com/photos/1207515/pexels-photo-1207515.jpeg?auto=compress&cs=tinysrgb&dpr=2&h=650&w=940,loc-137__barney-s-danang-backpacker-s-hostel__osm-node-4483622590__p01__pexels-1207515.jpg,D:\DATN\DATN_Tài liệu\data-center\media-assets\cloudinary-staging\locations\2026-06-04-overpass-published-inactive\originals\loc-137__barney-s-danang-backpacker-s-hostel__osm-node-4483622590__p01__pexels-1207515.jpg,137,Barney's Danang Backpacker's Hostel,barney-s-danang-backpacker-s-hostel,inactive,1207515,1,Min An,https://www.pexels.com/@minan1398,pexels,https://www.pexels.com/photo/concrete-structures-next-to-each-other-1207515/,danangtrip/locations/barney-s-danang-backpacker-s-hostel/loc-137__barney-s-danang-backpacker-s-hostel__p01,https://res.cloudinary.com/dmukxquza/image/upload/v1780559381/danangtrip/locations/barney-s-danang-backpacker-s-hostel/loc-137__barney-s-danang-backpacker-s-hostel__p01.jpg,https://www.openstreetmap.org/node/4483622590,downloaded,https://images.pexels.com/photos/1207515/pexels-photo-1207515.jpeg?auto=compress&cs=tinysrgb&h=350,uploaded,1780559381,1880
d36eb08a49b4d76f19dbd630455fd2bd,391871,am-thuc-dia-phuong,danangtrip/locations/be-thui/loc-138__be-thui__p01,downloaded:391871,osm-node-4118223691,jpg,1253,https://images.pexels.com/photos/32831392/pexels-photo-32831392.jpeg?auto=compress&cs=tinysrgb&dpr=2&h=650&w=940,loc-138__be-thui__osm-node-4118223691__p01__pexels-32831392.jpg,D:\DATN\DATN_Tài liệu\data-center\media-assets\cloudinary-staging\locations\2026-06-04-overpass-published-inactive\originals\loc-138__be-thui__osm-node-4118223691__p01__pexels-32831392.jpg,138,Be thui,be-thui,inactive,32831392,1,Tuan Vy,https://www.pexels.com/@tuan-vy-903011268,pexels,https://www.pexels.com/photo/street-view-of-vietnamese-restaurant-with-motorbikes-32831392/,danangtrip/locations/be-thui/loc-138__be-thui__p01,https://res.cloudinary.com/dmukxquza/image/upload/v1780559384/danangtrip/locations/be-thui/loc-138__be-thui__p01.jpg,https://www.openstreetmap.org/node/4118223691,downloaded,https://images.pexels.com/photos/32831392/pexels-photo-32831392.jpeg?auto=compress&cs=tinysrgb&h=350,uploaded,1780559384,1880
8b96ae9e3802f56a86e22b38f5c3f6f5,391871,am-thuc-dia-phuong,danangtrip/locations/be-thui-100/loc-139__be-thui-100__p01,downloaded:391871,osm-node-4109054391,jpg,1253,https://images.pexels.com/photos/32831392/pexels-photo-32831392.jpeg?auto=compress&cs=tinysrgb&dpr=2&h=650&w=940,loc-139__be-thui-100__osm-node-4109054391__p01__pexels-32831392.jpg,D:\DATN\DATN_Tài liệu\data-center\media-assets\cloudinary-staging\locations\2026-06-04-overpass-published-inactive\originals\loc-139__be-thui-100__osm-node-4109054391__p01__pexels-32831392.jpg,139,be thui 100,be-thui-100,inactive,32831392,1,Tuan Vy,https://www.pexels.com/@tuan-vy-903011268,pexels,https://www.pexels.com/photo/street-view-of-vietnamese-restaurant-with-motorbikes-32831392/,danangtrip/locations/be-thui-100/loc-139__be-thui-100__p01,https://res.cloudinary.com/dmukxquza/image/upload/v1780559387/danangtrip/locations/be-thui-100/loc-139__be-thui-100__p01.jpg,https://www.openstreetmap.org/node/4109054391,downloaded,https://images.pexels.com/photos/32831392/pexels-photo-32831392.jpeg?auto=compress&cs=tinysrgb&h=350,uploaded,1780559387,1880
e07e11c9c143e9f6b9b3dca56fcf981d,322828,khach-san-homestay,danangtrip/locations/bella-boutique-villa/loc-140__bella-boutique-villa__p01,downloaded:322828,osm-node-6313525388,jpg,1240,https://images.pexels.com/photos/1207515/pexels-photo-1207515.jpeg?auto=compress&cs=tinysrgb&dpr=2&h=650&w=940,loc-140__bella-boutique-villa__osm-node-6313525388__p01__pexels-1207515.jpg,D:\DATN\DATN_Tài liệu\data-center\media-assets\cloudinary-staging\locations\2026-06-04-overpass-published-inactive\originals\loc-140__bella-boutique-villa__osm-node-6313525388__p01__pexels-1207515.jpg,140,bella boutique Villa,bella-boutique-villa,inactive,1207515,1,Min An,https://www.pexels.com/@minan1398,pexels,https://www.pexels.com/photo/concrete-structures-next-to-each-other-1207515/,danangtrip/locations/bella-boutique-villa/loc-140__bella-boutique-villa__p01,https://res.cloudinary.com/dmukxquza/image/upload/v1780559390/danangtrip/locations/bella-boutique-villa/loc-140__bella-boutique-villa__p01.jpg,https://www.openstreetmap.org/node/6313525388,downloaded,https://images.pexels.com/photos/1207515/pexels-photo-1207515.jpeg?auto=compress&cs=tinysrgb&h=350,uploaded,1780559390,1880
921a4842b5bc81a01d40f305cdf282cb,158175,khach-san-homestay,danangtrip/locations/bien-vang-hotel/loc-141__bien-vang-hotel__p01,downloaded:158175,osm-node-4401174794,jpg,1253,https://images.pexels.com/photos/28226576/pexels-photo-28226576.png?auto=compress&cs=tinysrgb&dpr=2&h=650&w=940,loc-141__bien-vang-hotel__osm-node-4401174794__p01__pexels-28226576.jpg,D:\DATN\DATN_Tài liệu\data-center\media-assets\cloudinary-staging\locations\2026-06-04-overpass-published-inactive\originals\loc-141__bien-vang-hotel__osm-node-4401174794__p01__pexels-28226576.jpg,141,Bien Vang Hotel,bien-vang-hotel,inactive,28226576,1,Tran Tran,https://www.pexels.com/@ola88,pexels,https://www.pexels.com/photo/danang-vietnam-28226576/,danangtrip/locations/bien-vang-hotel/loc-141__bien-vang-hotel__p01,https://res.cloudinary.com/dmukxquza/image/upload/v1780559392/danangtrip/locations/bien-vang-hotel/loc-141__bien-vang-hotel__p01.jpg,https://www.openstreetmap.org/node/4401174794,downloaded,https://images.pexels.com/photos/28226576/pexels-photo-28226576.png?auto=compress&cs=tinysrgb&h=350,uploaded,1780559392,1880
63fe97f6ebbae167ae0fed178c67cb6c,391871,am-thuc-dia-phuong,danangtrip/locations/bo-ne-quoc-minh/loc-142__bo-ne-quoc-minh__p01,downloaded:391871,osm-node-4755650721,jpg,1253,https://images.pexels.com/photos/32831392/pexels-photo-32831392.jpeg?auto=compress&cs=tinysrgb&dpr=2&h=650&w=940,loc-142__bo-ne-quoc-minh__osm-node-4755650721__p01__pexels-32831392.jpg,D:\DATN\DATN_Tài liệu\data-center\media-assets\cloudinary-staging\locations\2026-06-04-overpass-published-inactive\originals\loc-142__bo-ne-quoc-minh__osm-node-4755650721__p01__pexels-32831392.jpg,142,Bo Ne Quoc Minh,bo-ne-quoc-minh,inactive,32831392,1,Tuan Vy,https://www.pexels.com/@tuan-vy-903011268,pexels,https://www.pexels.com/photo/street-view-of-vietnamese-restaurant-with-motorbikes-32831392/,danangtrip/locations/bo-ne-quoc-minh/loc-142__bo-ne-quoc-minh__p01,https://res.cloudinary.com/dmukxquza/image/upload/v1780559395/danangtrip/locations/bo-ne-quoc-minh/loc-142__bo-ne-quoc-minh__p01.jpg,https://www.openstreetmap.org/node/4755650721,downloaded,https://images.pexels.com/photos/32831392/pexels-photo-32831392.jpeg?auto=compress&cs=tinysrgb&h=350,uploaded,1780559395,1880
e01611cca8bf3d3d5776adbbd486c478,391871,am-thuc-dia-phuong,danangtrip/locations/bun-bo-ba-dieu/loc-143__bun-bo-ba-dieu__p01,downloaded:391871,osm-node-6147088185,jpg,1253,https://images.pexels.com/photos/32831392/pexels-photo-32831392.jpeg?auto=compress&cs=tinysrgb&dpr=2&h=650&w=940,loc-143__bun-bo-ba-dieu__osm-node-6147088185__p01__pexels-32831392.jpg,D:\DATN\DATN_Tài liệu\data-center\media-assets\cloudinary-staging\locations\2026-06-04-overpass-published-inactive\originals\loc-143__bun-bo-ba-dieu__osm-node-6147088185__p01__pexels-32831392.jpg,143,Bun Bo Ba Dieu,bun-bo-ba-dieu,inactive,32831392,1,Tuan Vy,https://www.pexels.com/@tuan-vy-903011268,pexels,https://www.pexels.com/photo/street-view-of-vietnamese-restaurant-with-motorbikes-32831392/,danangtrip/locations/bun-bo-ba-dieu/loc-143__bun-bo-ba-dieu__p01,https://res.cloudinary.com/dmukxquza/image/upload/v1780559398/danangtrip/locations/bun-bo-ba-dieu/loc-143__bun-bo-ba-dieu__p01.jpg,https://www.openstreetmap.org/node/6147088185,downloaded,https://images.pexels.com/photos/32831392/pexels-photo-32831392.jpeg?auto=compress&cs=tinysrgb&h=350,uploaded,1780559398,1880
509e13ca8c0c62ec7e0420a43ad73bc7,391871,am-thuc-dia-phuong,danangtrip/locations/bun-cha-ca-109/loc-144__bun-cha-ca-109__p01,downloaded:391871,osm-node-5484764821,jpg,1253,https://images.pexels.com/photos/32831392/pexels-photo-32831392.jpeg?auto=compress&cs=tinysrgb&dpr=2&h=650&w=940,loc-144__bun-cha-ca-109__osm-node-5484764821__p01__pexels-32831392.jpg,D:\DATN\DATN_Tài liệu\data-center\media-assets\cloudinary-staging\locations\2026-06-04-overpass-published-inactive\originals\loc-144__bun-cha-ca-109__osm-node-5484764821__p01__pexels-32831392.jpg,144,Bun cha ca 109,bun-cha-ca-109,inactive,32831392,1,Tuan Vy,https://www.pexels.com/@tuan-vy-903011268,pexels,https://www.pexels.com/photo/street-view-of-vietnamese-restaurant-with-motorbikes-32831392/,danangtrip/locations/bun-cha-ca-109/loc-144__bun-cha-ca-109__p01,https://res.cloudinary.com/dmukxquza/image/upload/v1780559401/danangtrip/locations/bun-cha-ca-109/loc-144__bun-cha-ca-109__p01.jpg,https://www.openstreetmap.org/node/5484764821,downloaded,https://images.pexels.com/photos/32831392/pexels-photo-32831392.jpeg?auto=compress&cs=tinysrgb&h=350,uploaded,1780559401,1880
e405884465bfd2c5d3e601a167205a0b,391871,am-thuc-dia-phuong,danangtrip/locations/bun-cha-ca-thuy/loc-145__bun-cha-ca-thuy__p01,downloaded:391871,osm-node-4080898314,jpg,1253,https://images.pexels.com/photos/32831392/pexels-photo-32831392.jpeg?auto=compress&cs=tinysrgb&dpr=2&h=650&w=940,loc-145__bun-cha-ca-thuy__osm-node-4080898314__p01__pexels-32831392.jpg,D:\DATN\DATN_Tài liệu\data-center\media-assets\cloudinary-staging\locations\2026-06-04-overpass-published-inactive\originals\loc-145__bun-cha-ca-thuy__osm-node-4080898314__p01__pexels-32831392.jpg,145,Bun cha ca Thuy,bun-cha-ca-thuy,inactive,32831392,1,Tuan Vy,https://www.pexels.com/@tuan-vy-903011268,pexels,https://www.pexels.com/photo/street-view-of-vietnamese-restaurant-with-motorbikes-32831392/,danangtrip/locations/bun-cha-ca-thuy/loc-145__bun-cha-ca-thuy__p01,https://res.cloudinary.com/dmukxquza/image/upload/v1780559404/danangtrip/locations/bun-cha-ca-thuy/loc-145__bun-cha-ca-thuy__p01.jpg,https://www.openstreetmap.org/node/4080898314,downloaded,https://images.pexels.com/photos/32831392/pexels-photo-32831392.jpeg?auto=compress&cs=tinysrgb&h=350,uploaded,1780559404,1880
a67e154ddcf193e7db8aa0186e99fe2a,396513,am-thuc-dia-phuong,danangtrip/locations/bun-cha-hue-chi/loc-146__bun-cha-hue-chi__p01,downloaded:396513,osm-node-5123239421,jpg,1253,https://images.pexels.com/photos/3858270/pexels-photo-3858270.jpeg?auto=compress&cs=tinysrgb&dpr=2&h=650&w=940,loc-146__bun-cha-hue-chi__osm-node-5123239421__p01__pexels-3858270.jpg,D:\DATN\DATN_Tài liệu\data-center\media-assets\cloudinary-staging\locations\2026-06-04-overpass-published-inactive\originals\loc-146__bun-cha-hue-chi__osm-node-5123239421__p01__pexels-3858270.jpg,146,Bun Cha Hue Chi,bun-cha-hue-chi,inactive,3858270,1,Markus Winkler,https://www.pexels.com/@markus-winkler-1430818,pexels,https://www.pexels.com/photo/bun-cha-served-on-a-winnowing-basket-3858270/,danangtrip/locations/bun-cha-hue-chi/loc-146__bun-cha-hue-chi__p01,https://res.cloudinary.com/dmukxquza/image/upload/v1780559407/danangtrip/locations/bun-cha-hue-chi/loc-146__bun-cha-hue-chi__p01.jpg,https://www.openstreetmap.org/node/5123239421,downloaded,https://images.pexels.com/photos/3858270/pexels-photo-3858270.jpeg?auto=compress&cs=tinysrgb&h=350,uploaded,1780559407,1880
3bca9f6105e01d4f5700a254648fc0a1,391871,am-thuc-dia-phuong,danangtrip/locations/bun-mam-van/loc-147__bun-mam-van__p01,downloaded:391871,osm-node-6152685685,jpg,1253,https://images.pexels.com/photos/32831392/pexels-photo-32831392.jpeg?auto=compress&cs=tinysrgb&dpr=2&h=650&w=940,loc-147__bun-mam-van__osm-node-6152685685__p01__pexels-32831392.jpg,D:\DATN\DATN_Tài liệu\data-center\media-assets\cloudinary-staging\locations\2026-06-04-overpass-published-inactive\originals\loc-147__bun-mam-van__osm-node-6152685685__p01__pexels-32831392.jpg,147,Bun Mam Van,bun-mam-van,inactive,32831392,1,Tuan Vy,https://www.pexels.com/@tuan-vy-903011268,pexels,https://www.pexels.com/photo/street-view-of-vietnamese-restaurant-with-motorbikes-32831392/,danangtrip/locations/bun-mam-van/loc-147__bun-mam-van__p01,https://res.cloudinary.com/dmukxquza/image/upload/v1780559409/danangtrip/locations/bun-mam-van/loc-147__bun-mam-van__p01.jpg,https://www.openstreetmap.org/node/6152685685,downloaded,https://images.pexels.com/photos/32831392/pexels-photo-32831392.jpeg?auto=compress&cs=tinysrgb&h=350,uploaded,1780559409,1880
07e47e6d120cb7779780b4abf0434ae9,271095,ca-phe-tra-sua,danangtrip/locations/ca-phe-that/loc-148__ca-phe-that__p01,downloaded:271095,osm-node-729406601,jpg,1253,https://images.pexels.com/photos/17400479/pexels-photo-17400479.jpeg?auto=compress&cs=tinysrgb&dpr=2&h=650&w=940,loc-148__ca-phe-that__osm-node-729406601__p01__pexels-17400479.jpg,D:\DATN\DATN_Tài liệu\data-center\media-assets\cloudinary-staging\locations\2026-06-04-overpass-published-inactive\originals\loc-148__ca-phe-that__osm-node-729406601__p01__pexels-17400479.jpg,148,Ca phe That,ca-phe-that,inactive,17400479,1,Red Nguyen,https://www.pexels.com/@rednguyen,pexels,https://www.pexels.com/photo/rain-pouring-from-rooftop-17400479/,danangtrip/locations/ca-phe-that/loc-148__ca-phe-that__p01,https://res.cloudinary.com/dmukxquza/image/upload/v1780559412/danangtrip/locations/ca-phe-that/loc-148__ca-phe-that__p01.jpg,https://www.openstreetmap.org/node/729406601,downloaded,https://images.pexels.com/photos/17400479/pexels-photo-17400479.jpeg?auto=compress&cs=tinysrgb&h=350,uploaded,1780559412,1880
bee4ee8b22d0365e025d5fa89771d6f0,271095,ca-phe-tra-sua,danangtrip/locations/caphe-huy/loc-149__caphe-huy__p01,downloaded:271095,osm-node-729406580,jpg,1253,https://images.pexels.com/photos/17400479/pexels-photo-17400479.jpeg?auto=compress&cs=tinysrgb&dpr=2&h=650&w=940,loc-149__caphe-huy__osm-node-729406580__p01__pexels-17400479.jpg,D:\DATN\DATN_Tài liệu\data-center\media-assets\cloudinary-staging\locations\2026-06-04-overpass-published-inactive\originals\loc-149__caphe-huy__osm-node-729406580__p01__pexels-17400479.jpg,149,CaPhe Huy,caphe-huy,inactive,17400479,1,Red Nguyen,https://www.pexels.com/@rednguyen,pexels,https://www.pexels.com/photo/rain-pouring-from-rooftop-17400479/,danangtrip/locations/caphe-huy/loc-149__caphe-huy__p01,https://res.cloudinary.com/dmukxquza/image/upload/v1780559415/danangtrip/locations/caphe-huy/loc-149__caphe-huy__p01.jpg,https://www.openstreetmap.org/node/729406580,downloaded,https://images.pexels.com/photos/17400479/pexels-photo-17400479.jpeg?auto=compress&cs=tinysrgb&h=350,uploaded,1780559415,1880
ef669751646a3f30ab83a4bd1868bcbe,198977,check-in-noi-tieng,danangtrip/locations/cau-nguyen-van-troi-bridge/loc-150__cau-nguyen-van-troi-bridge__p01,downloaded:198977,osm-node-5276547123,jpg,1278,https://images.pexels.com/photos/34373622/pexels-photo-34373622.jpeg?auto=compress&cs=tinysrgb&dpr=2&h=650&w=940,loc-150__cau-nguyen-van-troi-bridge__osm-node-5276547123__p01__pexels-34373622.jpg,D:\DATN\DATN_Tài liệu\data-center\media-assets\cloudinary-staging\locations\2026-06-04-overpass-published-inactive\originals\loc-150__cau-nguyen-van-troi-bridge__osm-node-5276547123__p01__pexels-34373622.jpg,150,Cau Nguyen Van Troi Bridge,cau-nguyen-van-troi-bridge,inactive,34373622,1,Giang Nguyen,https://www.pexels.com/@giang-nguy-n-2153075131,pexels,https://www.pexels.com/photo/serene-da-n-ng-bridge-at-sunset-reflected-in-water-34373622/,danangtrip/locations/cau-nguyen-van-troi-bridge/loc-150__cau-nguyen-van-troi-bridge__p01,https://res.cloudinary.com/dmukxquza/image/upload/v1780559418/danangtrip/locations/cau-nguyen-van-troi-bridge/loc-150__cau-nguyen-van-troi-bridge__p01.jpg,https://www.openstreetmap.org/node/5276547123,downloaded,https://images.pexels.com/photos/34373622/pexels-photo-34373622.jpeg?auto=compress&cs=tinysrgb&h=350,uploaded,1780559418,1880
633a2bb8238e089dfc3a250ce6d68395,295016,check-in-noi-tieng,danangtrip/locations/cau-song-han/loc-151__cau-song-han__p01,downloaded:295016,osm-node-7276380289,jpg,1268,https://images.pexels.com/photos/26742032/pexels-photo-26742032.jpeg?auto=compress&cs=tinysrgb&dpr=2&h=650&w=940,loc-151__cau-song-han__osm-node-7276380289__p01__pexels-26742032.jpg,D:\DATN\DATN_Tài liệu\data-center\media-assets\cloudinary-staging\locations\2026-06-04-overpass-published-inactive\originals\loc-151__cau-song-han__osm-node-7276380289__p01__pexels-26742032.jpg,151,Cau Song Han,cau-song-han,inactive,26742032,1,kittbui,https://www.pexels.com/@kittbui-2131870,pexels,https://www.pexels.com/photo/woman-sitting-with-thuan-phuoc-bridge-behind-in-da-nang-in-vietnam-26742032/,danangtrip/locations/cau-song-han/loc-151__cau-song-han__p01,https://res.cloudinary.com/dmukxquza/image/upload/v1780559421/danangtrip/locations/cau-song-han/loc-151__cau-song-han__p01.jpg,https://www.openstreetmap.org/node/7276380289,downloaded,https://images.pexels.com/photos/26742032/pexels-photo-26742032.jpeg?auto=compress&cs=tinysrgb&h=350,uploaded,1780559421,1880
22c80cb5b6def69cd8471df21ad68193,295016,check-in-noi-tieng,danangtrip/locations/cau-thuan-phuoc/loc-152__cau-thuan-phuoc__p01,downloaded:295016,osm-node-5273999121,jpg,1268,https://images.pexels.com/photos/26742032/pexels-photo-26742032.jpeg?auto=compress&cs=tinysrgb&dpr=2&h=650&w=940,loc-152__cau-thuan-phuoc__osm-node-5273999121__p01__pexels-26742032.jpg,D:\DATN\DATN_Tài liệu\data-center\media-assets\cloudinary-staging\locations\2026-06-04-overpass-published-inactive\originals\loc-152__cau-thuan-phuoc__osm-node-5273999121__p01__pexels-26742032.jpg,152,Cau Thuan Phuoc,cau-thuan-phuoc,inactive,26742032,1,kittbui,https://www.pexels.com/@kittbui-2131870,pexels,https://www.pexels.com/photo/woman-sitting-with-thuan-phuoc-bridge-behind-in-da-nang-in-vietnam-26742032/,danangtrip/locations/cau-thuan-phuoc/loc-152__cau-thuan-phuoc__p01,https://res.cloudinary.com/dmukxquza/image/upload/v1780559423/danangtrip/locations/cau-thuan-phuoc/loc-152__cau-thuan-phuoc__p01.jpg,https://www.openstreetmap.org/node/5273999121,downloaded,https://images.pexels.com/photos/26742032/pexels-photo-26742032.jpeg?auto=compress&cs=tinysrgb&h=350,uploaded,1780559423,1880
e5b5a7ac2cad583d7308948262927103,237190,check-in-noi-tieng,danangtrip/locations/cau-tran-thi-ly/loc-153__cau-tran-thi-ly__p01,downloaded:237190,osm-node-5273998823,jpg,1253,https://images.pexels.com/photos/20625803/pexels-photo-20625803.jpeg?auto=compress&cs=tinysrgb&dpr=2&h=650&w=940,loc-153__cau-tran-thi-ly__osm-node-5273998823__p01__pexels-20625803.jpg,D:\DATN\DATN_Tài liệu\data-center\media-assets\cloudinary-staging\locations\2026-06-04-overpass-published-inactive\originals\loc-153__cau-tran-thi-ly__osm-node-5273998823__p01__pexels-20625803.jpg,153,Cau Tran Thi Ly,cau-tran-thi-ly,inactive,20625803,1,LE QUOC VIET,https://www.pexels.com/@le-qu-c-vi-t-801512263,pexels,https://www.pexels.com/photo/cau-tran-th-ly-bridge-in-da-nang-20625803/,danangtrip/locations/cau-tran-thi-ly/loc-153__cau-tran-thi-ly__p01,https://res.cloudinary.com/dmukxquza/image/upload/v1780559426/danangtrip/locations/cau-tran-thi-ly/loc-153__cau-tran-thi-ly__p01.jpg,https://www.openstreetmap.org/node/5273998823,downloaded,https://images.pexels.com/photos/20625803/pexels-photo-20625803.jpeg?auto=compress&cs=tinysrgb&h=350,uploaded,1780559426,1880
0c3c0d24275ef4a9df2df1cef7c7e755,237190,check-in-noi-tieng,danangtrip/locations/cau-vang/loc-154__cau-vang__p01,downloaded:237190,osm-way-683416736,jpg,1253,https://images.pexels.com/photos/20625803/pexels-photo-20625803.jpeg?auto=compress&cs=tinysrgb&dpr=2&h=650&w=940,loc-154__cau-vang__osm-way-683416736__p01__pexels-20625803.jpg,D:\DATN\DATN_Tài liệu\data-center\media-assets\cloudinary-staging\locations\2026-06-04-overpass-published-inactive\originals\loc-154__cau-vang__osm-way-683416736__p01__pexels-20625803.jpg,154,Cau Vang,cau-vang,inactive,20625803,1,LE QUOC VIET,https://www.pexels.com/@le-qu-c-vi-t-801512263,pexels,https://www.pexels.com/photo/cau-tran-th-ly-bridge-in-da-nang-20625803/,danangtrip/locations/cau-vang/loc-154__cau-vang__p01,https://res.cloudinary.com/dmukxquza/image/upload/v1780559429/danangtrip/locations/cau-vang/loc-154__cau-vang__p01.jpg,https://www.openstreetmap.org/way/683416736,downloaded,https://images.pexels.com/photos/20625803/pexels-photo-20625803.jpeg?auto=compress&cs=tinysrgb&h=350,uploaded,1780559429,1880
3022b4992b64b16ccc2c8a7209c71280,159857,ca-phe-tra-sua,danangtrip/locations/caytao-coffee/loc-155__caytao-coffee__p01,downloaded:159857,osm-node-729406478,jpg,1253,https://images.pexels.com/photos/32744958/pexels-photo-32744958.jpeg?auto=compress&cs=tinysrgb&dpr=2&h=650&w=940,loc-155__caytao-coffee__osm-node-729406478__p01__pexels-32744958.jpg,D:\DATN\DATN_Tài liệu\data-center\media-assets\cloudinary-staging\locations\2026-06-04-overpass-published-inactive\originals\loc-155__caytao-coffee__osm-node-729406478__p01__pexels-32744958.jpg,155,CayTao Coffee,caytao-coffee,inactive,32744958,1,Nha van,https://www.pexels.com/@nhavan,pexels,https://www.pexels.com/photo/cozy-cafe-table-with-vietnamese-iced-coffee-32744958/,danangtrip/locations/caytao-coffee/loc-155__caytao-coffee__p01,https://res.cloudinary.com/dmukxquza/image/upload/v1780559432/danangtrip/locations/caytao-coffee/loc-155__caytao-coffee__p01.jpg,https://www.openstreetmap.org/node/729406478,downloaded,https://images.pexels.com/photos/32744958/pexels-photo-32744958.jpeg?auto=compress&cs=tinysrgb&h=350,uploaded,1780559432,1880
51a56662ff8e31eb2ece85b084f2e730,492934,khach-san-homestay,danangtrip/locations/cents-hotel/loc-156__cents-hotel__p01,downloaded:492934,osm-node-5583697622,jpg,1253,https://images.pexels.com/photos/6875472/pexels-photo-6875472.jpeg?auto=compress&cs=tinysrgb&dpr=2&h=650&w=940,loc-156__cents-hotel__osm-node-5583697622__p01__pexels-6875472.jpg,D:\DATN\DATN_Tài liệu\data-center\media-assets\cloudinary-staging\locations\2026-06-04-overpass-published-inactive\originals\loc-156__cents-hotel__osm-node-5583697622__p01__pexels-6875472.jpg,156,Cents Hotel,cents-hotel,inactive,6875472,1,Quang Nguyen Vinh,https://www.pexels.com/@quang-nguyen-vinh-222549,pexels,https://www.pexels.com/photo/aerial-view-of-city-buildings-near-the-ocean-6875472/,danangtrip/locations/cents-hotel/loc-156__cents-hotel__p01,https://res.cloudinary.com/dmukxquza/image/upload/v1780559434/danangtrip/locations/cents-hotel/loc-156__cents-hotel__p01.jpg,https://www.openstreetmap.org/node/5583697622,downloaded,https://images.pexels.com/photos/6875472/pexels-photo-6875472.jpeg?auto=compress&cs=tinysrgb&h=350,uploaded,1780559434,1880
b6ed05011c94465e4d7b3720a1c7dbf8,501538,khach-san-homestay,danangtrip/locations/chachi-homestay/loc-157__chachi-homestay__p01,downloaded:501538,osm-node-5727675826,jpg,1253,https://images.pexels.com/photos/5273872/pexels-photo-5273872.jpeg?auto=compress&cs=tinysrgb&dpr=2&h=650&w=940,loc-157__chachi-homestay__osm-node-5727675826__p01__pexels-5273872.jpg,D:\DATN\DATN_Tài liệu\data-center\media-assets\cloudinary-staging\locations\2026-06-04-overpass-published-inactive\originals\loc-157__chachi-homestay__osm-node-5727675826__p01__pexels-5273872.jpg,157,ChaChi homestay,chachi-homestay,inactive,5273872,1,Thanh Do,https://www.pexels.com/@dothanhyb,pexels,https://www.pexels.com/photo/nha-khach-hao-gia-hotel-5273872/,danangtrip/locations/chachi-homestay/loc-157__chachi-homestay__p01,https://res.cloudinary.com/dmukxquza/image/upload/v1780559437/danangtrip/locations/chachi-homestay/loc-157__chachi-homestay__p01.jpg,https://www.openstreetmap.org/node/5727675826,downloaded,https://images.pexels.com/photos/5273872/pexels-photo-5273872.jpeg?auto=compress&cs=tinysrgb&h=350,uploaded,1780559437,1880
ee5915be14fcedbb658572121d94a5b2,391871,am-thuc-dia-phuong,danangtrip/locations/chao-dinh-duong-huyen-tram/loc-158__chao-dinh-duong-huyen-tram__p01,downloaded:391871,osm-node-6071963085,jpg,1253,https://images.pexels.com/photos/32831392/pexels-photo-32831392.jpeg?auto=compress&cs=tinysrgb&dpr=2&h=650&w=940,loc-158__chao-dinh-duong-huyen-tram__osm-node-6071963085__p01__pexels-32831392.jpg,D:\DATN\DATN_Tài liệu\data-center\media-assets\cloudinary-staging\locations\2026-06-04-overpass-published-inactive\originals\loc-158__chao-dinh-duong-huyen-tram__osm-node-6071963085__p01__pexels-32831392.jpg,158,CHAO DINH DUONG HUYEN TRAM,chao-dinh-duong-huyen-tram,inactive,32831392,1,Tuan Vy,https://www.pexels.com/@tuan-vy-903011268,pexels,https://www.pexels.com/photo/street-view-of-vietnamese-restaurant-with-motorbikes-32831392/,danangtrip/locations/chao-dinh-duong-huyen-tram/loc-158__chao-dinh-duong-huyen-tram__p01,https://res.cloudinary.com/dmukxquza/image/upload/v1780559440/danangtrip/locations/chao-dinh-duong-huyen-tram/loc-158__chao-dinh-duong-huyen-tram__p01.jpg,https://www.openstreetmap.org/node/6071963085,downloaded,https://images.pexels.com/photos/32831392/pexels-photo-32831392.jpeg?auto=compress&cs=tinysrgb&h=350,uploaded,1780559440,1880
47180458557f0e26eba0780bcf212407,391871,am-thuc-dia-phuong,danangtrip/locations/che-thai-lien/loc-159__che-thai-lien__p01,downloaded:391871,osm-node-6151185387,jpg,1253,https://images.pexels.com/photos/32831392/pexels-photo-32831392.jpeg?auto=compress&cs=tinysrgb&dpr=2&h=650&w=940,loc-159__che-thai-lien__osm-node-6151185387__p01__pexels-32831392.jpg,D:\DATN\DATN_Tài liệu\data-center\media-assets\cloudinary-staging\locations\2026-06-04-overpass-published-inactive\originals\loc-159__che-thai-lien__osm-node-6151185387__p01__pexels-32831392.jpg,159,Che Thai Lien,che-thai-lien,inactive,32831392,1,Tuan Vy,https://www.pexels.com/@tuan-vy-903011268,pexels,https://www.pexels.com/photo/street-view-of-vietnamese-restaurant-with-motorbikes-32831392/,danangtrip/locations/che-thai-lien/loc-159__che-thai-lien__p01,https://res.cloudinary.com/dmukxquza/image/upload/v1780559443/danangtrip/locations/che-thai-lien/loc-159__che-thai-lien__p01.jpg,https://www.openstreetmap.org/node/6151185387,downloaded,https://images.pexels.com/photos/32831392/pexels-photo-32831392.jpeg?auto=compress&cs=tinysrgb&h=350,uploaded,1780559443,1880
d9e8568e685aa99a92377ffb25ec1961,158175,khach-san-homestay,danangtrip/locations/cherry-hotel-apartments/loc-160__cherry-hotel-apartments__p01,downloaded:158175,osm-node-12145093701,jpg,1253,https://images.pexels.com/photos/28226576/pexels-photo-28226576.png?auto=compress&cs=tinysrgb&dpr=2&h=650&w=940,loc-160__cherry-hotel-apartments__osm-node-12145093701__p01__pexels-28226576.jpg,D:\DATN\DATN_Tài liệu\data-center\media-assets\cloudinary-staging\locations\2026-06-04-overpass-published-inactive\originals\loc-160__cherry-hotel-apartments__osm-node-12145093701__p01__pexels-28226576.jpg,160,Cherry Hotel & Apartments,cherry-hotel-apartments,inactive,28226576,1,Tran Tran,https://www.pexels.com/@ola88,pexels,https://www.pexels.com/photo/danang-vietnam-28226576/,danangtrip/locations/cherry-hotel-apartments/loc-160__cherry-hotel-apartments__p01,https://res.cloudinary.com/dmukxquza/image/upload/v1780559446/danangtrip/locations/cherry-hotel-apartments/loc-160__cherry-hotel-apartments__p01.jpg,https://www.openstreetmap.org/node/12145093701,downloaded,https://images.pexels.com/photos/28226576/pexels-photo-28226576.png?auto=compress&cs=tinysrgb&h=350,uploaded,1780559446,1880
b7b6366febba132620674135ab403b36,501538,khach-san-homestay,danangtrip/locations/chi-hoa/loc-161__chi-hoa__p01,downloaded:501538,osm-node-5249863422,jpg,1253,https://images.pexels.com/photos/5273872/pexels-photo-5273872.jpeg?auto=compress&cs=tinysrgb&dpr=2&h=650&w=940,loc-161__chi-hoa__osm-node-5249863422__p01__pexels-5273872.jpg,D:\DATN\DATN_Tài liệu\data-center\media-assets\cloudinary-staging\locations\2026-06-04-overpass-published-inactive\originals\loc-161__chi-hoa__osm-node-5249863422__p01__pexels-5273872.jpg,161,Chi Hoa,chi-hoa,inactive,5273872,1,Thanh Do,https://www.pexels.com/@dothanhyb,pexels,https://www.pexels.com/photo/nha-khach-hao-gia-hotel-5273872/,danangtrip/locations/chi-hoa/loc-161__chi-hoa__p01,https://res.cloudinary.com/dmukxquza/image/upload/v1780559449/danangtrip/locations/chi-hoa/loc-161__chi-hoa__p01.jpg,https://www.openstreetmap.org/node/5249863422,downloaded,https://images.pexels.com/photos/5273872/pexels-photo-5273872.jpeg?auto=compress&cs=tinysrgb&h=350,uploaded,1780559449,1880
65e55861222a6609de6cc8bdb8b8788a,322828,khach-san-homestay,danangtrip/locations/chi-house-hotel-apartment/loc-162__chi-house-hotel-apartment__p01,downloaded:322828,osm-node-10294581427,jpg,1240,https://images.pexels.com/photos/1207515/pexels-photo-1207515.jpeg?auto=compress&cs=tinysrgb&dpr=2&h=650&w=940,loc-162__chi-house-hotel-apartment__osm-node-10294581427__p01__pexels-1207515.jpg,D:\DATN\DATN_Tài liệu\data-center\media-assets\cloudinary-staging\locations\2026-06-04-overpass-published-inactive\originals\loc-162__chi-house-hotel-apartment__osm-node-10294581427__p01__pexels-1207515.jpg,162,Chi House Hotel & Apartment,chi-house-hotel-apartment,inactive,1207515,1,Min An,https://www.pexels.com/@minan1398,pexels,https://www.pexels.com/photo/concrete-structures-next-to-each-other-1207515/,danangtrip/locations/chi-house-hotel-apartment/loc-162__chi-house-hotel-apartment__p01,https://res.cloudinary.com/dmukxquza/image/upload/v1780559452/danangtrip/locations/chi-house-hotel-apartment/loc-162__chi-house-hotel-apartment__p01.jpg,https://www.openstreetmap.org/node/10294581427,downloaded,https://images.pexels.com/photos/1207515/pexels-photo-1207515.jpeg?auto=compress&cs=tinysrgb&h=350,uploaded,1780559452,1880
d27af851055886d2a01410fb634d6854,286494,khach-san-homestay,danangtrip/locations/chipa-homestay/loc-163__chipa-homestay__p01,downloaded:286494,osm-node-11715209969,jpg,1253,https://images.pexels.com/photos/27630279/pexels-photo-27630279.jpeg?auto=compress&cs=tinysrgb&dpr=2&h=650&w=940,loc-163__chipa-homestay__osm-node-11715209969__p01__pexels-27630279.jpg,D:\DATN\DATN_Tài liệu\data-center\media-assets\cloudinary-staging\locations\2026-06-04-overpass-published-inactive\originals\loc-163__chipa-homestay__osm-node-11715209969__p01__pexels-27630279.jpg,163,ChiPa Homestay,chipa-homestay,inactive,27630279,1,Duc Nguyen,https://www.pexels.com/@duc-nguyen-400576574,pexels,https://www.pexels.com/photo/a-woman-sitting-in-a-round-window-in-a-small-house-27630279/,danangtrip/locations/chipa-homestay/loc-163__chipa-homestay__p01,https://res.cloudinary.com/dmukxquza/image/upload/v1780559455/danangtrip/locations/chipa-homestay/loc-163__chipa-homestay__p01.jpg,https://www.openstreetmap.org/node/11715209969,downloaded,https://images.pexels.com/photos/27630279/pexels-photo-27630279.jpeg?auto=compress&cs=tinysrgb&h=350,uploaded,1780559455,1880
cc73c79c904a9e5c8c9abd6b2767ece2,249112,check-in-noi-tieng,danangtrip/locations/cho-dem-helio/loc-164__cho-dem-helio__p01,downloaded:249112,osm-node-7301996085,jpg,1253,https://images.pexels.com/photos/28411758/pexels-photo-28411758.jpeg?auto=compress&cs=tinysrgb&dpr=2&h=650&w=940,loc-164__cho-dem-helio__osm-node-7301996085__p01__pexels-28411758.jpg,D:\DATN\DATN_Tài liệu\data-center\media-assets\cloudinary-staging\locations\2026-06-04-overpass-published-inactive\originals\loc-164__cho-dem-helio__osm-node-7301996085__p01__pexels-28411758.jpg,164,Cho dem Helio,cho-dem-helio,inactive,28411758,1,Jeffry Surianto,https://www.pexels.com/@andromeda99,pexels,https://www.pexels.com/photo/sunset-cityscape-with-han-river-bridge-28411758/,danangtrip/locations/cho-dem-helio/loc-164__cho-dem-helio__p01,https://res.cloudinary.com/dmukxquza/image/upload/v1780559458/danangtrip/locations/cho-dem-helio/loc-164__cho-dem-helio__p01.jpg,https://www.openstreetmap.org/node/7301996085,downloaded,https://images.pexels.com/photos/28411758/pexels-photo-28411758.jpeg?auto=compress&cs=tinysrgb&h=350,uploaded,1780559458,1880
5ab0e861ec4061e8b48c70b0de0fdbfd,391871,am-thuc-dia-phuong,danangtrip/locations/com-tam-co-nga/loc-165__com-tam-co-nga__p01,downloaded:391871,osm-node-4605114489,jpg,1253,https://images.pexels.com/photos/32831392/pexels-photo-32831392.jpeg?auto=compress&cs=tinysrgb&dpr=2&h=650&w=940,loc-165__com-tam-co-nga__osm-node-4605114489__p01__pexels-32831392.jpg,D:\DATN\DATN_Tài liệu\data-center\media-assets\cloudinary-staging\locations\2026-06-04-overpass-published-inactive\originals\loc-165__com-tam-co-nga__osm-node-4605114489__p01__pexels-32831392.jpg,165,Com Tam Co Nga,com-tam-co-nga,inactive,32831392,1,Tuan Vy,https://www.pexels.com/@tuan-vy-903011268,pexels,https://www.pexels.com/photo/street-view-of-vietnamese-restaurant-with-motorbikes-32831392/,danangtrip/locations/com-tam-co-nga/loc-165__com-tam-co-nga__p01,https://res.cloudinary.com/dmukxquza/image/upload/v1780559461/danangtrip/locations/com-tam-co-nga/loc-165__com-tam-co-nga__p01.jpg,https://www.openstreetmap.org/node/4605114489,downloaded,https://images.pexels.com/photos/32831392/pexels-photo-32831392.jpeg?auto=compress&cs=tinysrgb&h=350,uploaded,1780559461,1880
527baa9509551a4633d956d4d8a1ee40,448711,cong-vien-vuon-hoa,danangtrip/locations/cong-vien-apec/loc-166__cong-vien-apec__p01,downloaded:448711,osm-way-675604354,jpg,1254,https://images.pexels.com/photos/14021725/pexels-photo-14021725.jpeg?auto=compress&cs=tinysrgb&dpr=2&h=650&w=940,loc-166__cong-vien-apec__osm-way-675604354__p01__pexels-14021725.jpg,D:\DATN\DATN_Tài liệu\data-center\media-assets\cloudinary-staging\locations\2026-06-04-overpass-published-inactive\originals\loc-166__cong-vien-apec__osm-way-675604354__p01__pexels-14021725.jpg,166,Cong Vien APEC,cong-vien-apec,inactive,14021725,1,Quang Nguyen Vinh,https://www.pexels.com/@quang-nguyen-vinh-222549,pexels,https://www.pexels.com/photo/people-standing-near-the-apec-park-14021725/,danangtrip/locations/cong-vien-apec/loc-166__cong-vien-apec__p01,https://res.cloudinary.com/dmukxquza/image/upload/v1780559463/danangtrip/locations/cong-vien-apec/loc-166__cong-vien-apec__p01.jpg,https://www.openstreetmap.org/way/675604354,downloaded,https://images.pexels.com/photos/14021725/pexels-photo-14021725.jpeg?auto=compress&cs=tinysrgb&h=350,uploaded,1780559463,1880
0d15ec8d618b8054f69ae584176edfd7,448711,cong-vien-vuon-hoa,danangtrip/locations/cong-vien-bien-dong/loc-167__cong-vien-bien-dong__p01,downloaded:448711,osm-way-149699484,jpg,1254,https://images.pexels.com/photos/14021725/pexels-photo-14021725.jpeg?auto=compress&cs=tinysrgb&dpr=2&h=650&w=940,loc-167__cong-vien-bien-dong__osm-way-149699484__p01__pexels-14021725.jpg,D:\DATN\DATN_Tài liệu\data-center\media-assets\cloudinary-staging\locations\2026-06-04-overpass-published-inactive\originals\loc-167__cong-vien-bien-dong__osm-way-149699484__p01__pexels-14021725.jpg,167,Cong vien Bien Dong,cong-vien-bien-dong,inactive,14021725,1,Quang Nguyen Vinh,https://www.pexels.com/@quang-nguyen-vinh-222549,pexels,https://www.pexels.com/photo/people-standing-near-the-apec-park-14021725/,danangtrip/locations/cong-vien-bien-dong/loc-167__cong-vien-bien-dong__p01,https://res.cloudinary.com/dmukxquza/image/upload/v1780559466/danangtrip/locations/cong-vien-bien-dong/loc-167__cong-vien-bien-dong__p01.jpg,https://www.openstreetmap.org/way/149699484,downloaded,https://images.pexels.com/photos/14021725/pexels-photo-14021725.jpeg?auto=compress&cs=tinysrgb&h=350,uploaded,1780559466,1880
44f3e091122bb30e93b3b7609a74fbbe,448711,cong-vien-vuon-hoa,danangtrip/locations/cong-vien-nguyen-van-linh/loc-168__cong-vien-nguyen-van-linh__p01,downloaded:448711,osm-way-1254909519,jpg,1254,https://images.pexels.com/photos/14021725/pexels-photo-14021725.jpeg?auto=compress&cs=tinysrgb&dpr=2&h=650&w=940,loc-168__cong-vien-nguyen-van-linh__osm-way-1254909519__p01__pexels-14021725.jpg,D:\DATN\DATN_Tài liệu\data-center\media-assets\cloudinary-staging\locations\2026-06-04-overpass-published-inactive\originals\loc-168__cong-vien-nguyen-van-linh__osm-way-1254909519__p01__pexels-14021725.jpg,168,Cong vien Nguyen Van Linh,cong-vien-nguyen-van-linh,inactive,14021725,1,Quang Nguyen Vinh,https://www.pexels.com/@quang-nguyen-vinh-222549,pexels,https://www.pexels.com/photo/people-standing-near-the-apec-park-14021725/,danangtrip/locations/cong-vien-nguyen-van-linh/loc-168__cong-vien-nguyen-van-linh__p01,https://res.cloudinary.com/dmukxquza/image/upload/v1780559469/danangtrip/locations/cong-vien-nguyen-van-linh/loc-168__cong-vien-nguyen-van-linh__p01.jpg,https://www.openstreetmap.org/way/1254909519,downloaded,https://images.pexels.com/photos/14021725/pexels-photo-14021725.jpeg?auto=compress&cs=tinysrgb&h=350,uploaded,1780559469,1880
4c06dda98517edceae5411bd3cefe205,423466,am-thuc-dia-phuong,danangtrip/locations/cut-lon-me-ba-lanh/loc-169__cut-lon-me-ba-lanh__p01,downloaded:423466,osm-node-6152615685,jpg,1253,https://images.pexels.com/photos/33970485/pexels-photo-33970485.jpeg?auto=compress&cs=tinysrgb&dpr=2&h=650&w=940,loc-169__cut-lon-me-ba-lanh__osm-node-6152615685__p01__pexels-33970485.jpg,D:\DATN\DATN_Tài liệu\data-center\media-assets\cloudinary-staging\locations\2026-06-04-overpass-published-inactive\originals\loc-169__cut-lon-me-ba-lanh__osm-node-6152615685__p01__pexels-33970485.jpg,169,Cut lon me Ba Lanh,cut-lon-me-ba-lanh,inactive,33970485,1,Kirandeep Singh Walia,https://www.pexels.com/@kirandeepsingh,pexels,https://www.pexels.com/photo/bustling-meat-market-scene-in-da-nang-vietnam-33970485/,danangtrip/locations/cut-lon-me-ba-lanh/loc-169__cut-lon-me-ba-lanh__p01,https://res.cloudinary.com/dmukxquza/image/upload/v1780559473/danangtrip/locations/cut-lon-me-ba-lanh/loc-169__cut-lon-me-ba-lanh__p01.jpg,https://www.openstreetmap.org/node/6152615685,downloaded,https://images.pexels.com/photos/33970485/pexels-photo-33970485.jpeg?auto=compress&cs=tinysrgb&h=350,uploaded,1780559473,1880
5ce0245dbf21b4f3b9e19b400edba348,501538,khach-san-homestay,danangtrip/locations/dai-long-hotel/loc-170__dai-long-hotel__p01,downloaded:501538,osm-node-4326820491,jpg,1253,https://images.pexels.com/photos/5273872/pexels-photo-5273872.jpeg?auto=compress&cs=tinysrgb&dpr=2&h=650&w=940,loc-170__dai-long-hotel__osm-node-4326820491__p01__pexels-5273872.jpg,D:\DATN\DATN_Tài liệu\data-center\media-assets\cloudinary-staging\locations\2026-06-04-overpass-published-inactive\originals\loc-170__dai-long-hotel__osm-node-4326820491__p01__pexels-5273872.jpg,170,Dai Long hotel,dai-long-hotel,inactive,5273872,1,Thanh Do,https://www.pexels.com/@dothanhyb,pexels,https://www.pexels.com/photo/nha-khach-hao-gia-hotel-5273872/,danangtrip/locations/dai-long-hotel/loc-170__dai-long-hotel__p01,https://res.cloudinary.com/dmukxquza/image/upload/v1780559476/danangtrip/locations/dai-long-hotel/loc-170__dai-long-hotel__p01.jpg,https://www.openstreetmap.org/node/4326820491,downloaded,https://images.pexels.com/photos/5273872/pexels-photo-5273872.jpeg?auto=compress&cs=tinysrgb&h=350,uploaded,1780559476,1880
82ddf1c2fd977056c4d5d46c1ee028f1,492934,khach-san-homestay,danangtrip/locations/dan-oasis-hotel/loc-171__dan-oasis-hotel__p01,downloaded:492934,osm-node-4759000238,jpg,1253,https://images.pexels.com/photos/6875472/pexels-photo-6875472.jpeg?auto=compress&cs=tinysrgb&dpr=2&h=650&w=940,loc-171__dan-oasis-hotel__osm-node-4759000238__p01__pexels-6875472.jpg,D:\DATN\DATN_Tài liệu\data-center\media-assets\cloudinary-staging\locations\2026-06-04-overpass-published-inactive\originals\loc-171__dan-oasis-hotel__osm-node-4759000238__p01__pexels-6875472.jpg,171,Dan Oasis Hotel,dan-oasis-hotel,inactive,6875472,1,Quang Nguyen Vinh,https://www.pexels.com/@quang-nguyen-vinh-222549,pexels,https://www.pexels.com/photo/aerial-view-of-city-buildings-near-the-ocean-6875472/,danangtrip/locations/dan-oasis-hotel/loc-171__dan-oasis-hotel__p01,https://res.cloudinary.com/dmukxquza/image/upload/v1780559479/danangtrip/locations/dan-oasis-hotel/loc-171__dan-oasis-hotel__p01.jpg,https://www.openstreetmap.org/node/4759000238,downloaded,https://images.pexels.com/photos/6875472/pexels-photo-6875472.jpeg?auto=compress&cs=tinysrgb&h=350,uploaded,1780559479,1880
e182afb039e8b1265e395ae0d3b07773,501538,khach-san-homestay,danangtrip/locations/danang-backpackers-hostel/loc-172__danang-backpackers-hostel__p01,downloaded:501538,osm-node-4166666089,jpg,1253,https://images.pexels.com/photos/5273872/pexels-photo-5273872.jpeg?auto=compress&cs=tinysrgb&dpr=2&h=650&w=940,loc-172__danang-backpackers-hostel__osm-node-4166666089__p01__pexels-5273872.jpg,D:\DATN\DATN_Tài liệu\data-center\media-assets\cloudinary-staging\locations\2026-06-04-overpass-published-inactive\originals\loc-172__danang-backpackers-hostel__osm-node-4166666089__p01__pexels-5273872.jpg,172,Danang Backpackers Hostel,danang-backpackers-hostel,inactive,5273872,1,Thanh Do,https://www.pexels.com/@dothanhyb,pexels,https://www.pexels.com/photo/nha-khach-hao-gia-hotel-5273872/,danangtrip/locations/danang-backpackers-hostel/loc-172__danang-backpackers-hostel__p01,https://res.cloudinary.com/dmukxquza/image/upload/v1780559482/danangtrip/locations/danang-backpackers-hostel/loc-172__danang-backpackers-hostel__p01.jpg,https://www.openstreetmap.org/node/4166666089,downloaded,https://images.pexels.com/photos/5273872/pexels-photo-5273872.jpeg?auto=compress&cs=tinysrgb&h=350,uploaded,1780559482,1880
e270df2ea9b4b9f437517284b3de26a5,391871,am-thuc-dia-phuong,danangtrip/locations/de-nghia/loc-173__de-nghia__p01,downloaded:391871,osm-node-4118236589,jpg,1253,https://images.pexels.com/photos/32831392/pexels-photo-32831392.jpeg?auto=compress&cs=tinysrgb&dpr=2&h=650&w=940,loc-173__de-nghia__osm-node-4118236589__p01__pexels-32831392.jpg,D:\DATN\DATN_Tài liệu\data-center\media-assets\cloudinary-staging\locations\2026-06-04-overpass-published-inactive\originals\loc-173__de-nghia__osm-node-4118236589__p01__pexels-32831392.jpg,173,De nghia,de-nghia,inactive,32831392,1,Tuan Vy,https://www.pexels.com/@tuan-vy-903011268,pexels,https://www.pexels.com/photo/street-view-of-vietnamese-restaurant-with-motorbikes-32831392/,danangtrip/locations/de-nghia/loc-173__de-nghia__p01,https://res.cloudinary.com/dmukxquza/image/upload/v1780559484/danangtrip/locations/de-nghia/loc-173__de-nghia__p01.jpg,https://www.openstreetmap.org/node/4118236589,downloaded,https://images.pexels.com/photos/32831392/pexels-photo-32831392.jpeg?auto=compress&cs=tinysrgb&h=350,uploaded,1780559484,1880
047d3da55ed64fbf9334bed0fa857b3e,300827,check-in-noi-tieng,danangtrip/locations/deo-hai-van/loc-174__deo-hai-van__p01,downloaded:300827,osm-node-1036552571,jpg,1252,https://images.pexels.com/photos/14024082/pexels-photo-14024082.jpeg?auto=compress&cs=tinysrgb&dpr=2&h=650&w=940,loc-174__deo-hai-van__osm-node-1036552571__p01__pexels-14024082.jpg,D:\DATN\DATN_Tài liệu\data-center\media-assets\cloudinary-staging\locations\2026-06-04-overpass-published-inactive\originals\loc-174__deo-hai-van__osm-node-1036552571__p01__pexels-14024082.jpg,174,Deo Hai Van,deo-hai-van,inactive,14024082,1,Quang Nguyen Vinh,https://www.pexels.com/@quang-nguyen-vinh-222549,pexels,https://www.pexels.com/photo/green-mountains-under-blue-sky-14024082/,danangtrip/locations/deo-hai-van/loc-174__deo-hai-van__p01,https://res.cloudinary.com/dmukxquza/image/upload/v1780559487/danangtrip/locations/deo-hai-van/loc-174__deo-hai-van__p01.jpg,https://www.openstreetmap.org/node/1036552571,downloaded,https://images.pexels.com/photos/14024082/pexels-photo-14024082.jpeg?auto=compress&cs=tinysrgb&h=350,uploaded,1780559487,1880
9e6c7591329873a32f5b349ba0510958,492934,khach-san-homestay,danangtrip/locations/diamond-beach/loc-175__diamond-beach__p01,downloaded:492934,osm-node-12119724802,jpg,1253,https://images.pexels.com/photos/6875472/pexels-photo-6875472.jpeg?auto=compress&cs=tinysrgb&dpr=2&h=650&w=940,loc-175__diamond-beach__osm-node-12119724802__p01__pexels-6875472.jpg,D:\DATN\DATN_Tài liệu\data-center\media-assets\cloudinary-staging\locations\2026-06-04-overpass-published-inactive\originals\loc-175__diamond-beach__osm-node-12119724802__p01__pexels-6875472.jpg,175,Diamond Beach,diamond-beach,inactive,6875472,1,Quang Nguyen Vinh,https://www.pexels.com/@quang-nguyen-vinh-222549,pexels,https://www.pexels.com/photo/aerial-view-of-city-buildings-near-the-ocean-6875472/,danangtrip/locations/diamond-beach/loc-175__diamond-beach__p01,https://res.cloudinary.com/dmukxquza/image/upload/v1780559490/danangtrip/locations/diamond-beach/loc-175__diamond-beach__p01.jpg,https://www.openstreetmap.org/node/12119724802,downloaded,https://images.pexels.com/photos/6875472/pexels-photo-6875472.jpeg?auto=compress&cs=tinysrgb&h=350,uploaded,1780559490,1880
daa4a009a7ba5567e248b622c06a9169,391871,am-thuc-dia-phuong,danangtrip/locations/doi-gio/loc-176__doi-gio__p01,downloaded:391871,osm-node-5293335937,jpg,1253,https://images.pexels.com/photos/32831392/pexels-photo-32831392.jpeg?auto=compress&cs=tinysrgb&dpr=2&h=650&w=940,loc-176__doi-gio__osm-node-5293335937__p01__pexels-32831392.jpg,D:\DATN\DATN_Tài liệu\data-center\media-assets\cloudinary-staging\locations\2026-06-04-overpass-published-inactive\originals\loc-176__doi-gio__osm-node-5293335937__p01__pexels-32831392.jpg,176,Doi gio,doi-gio,inactive,32831392,1,Tuan Vy,https://www.pexels.com/@tuan-vy-903011268,pexels,https://www.pexels.com/photo/street-view-of-vietnamese-restaurant-with-motorbikes-32831392/,danangtrip/locations/doi-gio/loc-176__doi-gio__p01,https://res.cloudinary.com/dmukxquza/image/upload/v1780559493/danangtrip/locations/doi-gio/loc-176__doi-gio__p01.jpg,https://www.openstreetmap.org/node/5293335937,downloaded,https://images.pexels.com/photos/32831392/pexels-photo-32831392.jpeg?auto=compress&cs=tinysrgb&h=350,uploaded,1780559493,1880
6d00a5d4453c7d43af2c15cc4a302d80,492934,khach-san-homestay,danangtrip/locations/dtc-hotel/loc-177__dtc-hotel__p01,downloaded:492934,osm-node-10314394611,jpg,1253,https://images.pexels.com/photos/6875472/pexels-photo-6875472.jpeg?auto=compress&cs=tinysrgb&dpr=2&h=650&w=940,loc-177__dtc-hotel__osm-node-10314394611__p01__pexels-6875472.jpg,D:\DATN\DATN_Tài liệu\data-center\media-assets\cloudinary-staging\locations\2026-06-04-overpass-published-inactive\originals\loc-177__dtc-hotel__osm-node-10314394611__p01__pexels-6875472.jpg,177,DTC Hotel,dtc-hotel,inactive,6875472,1,Quang Nguyen Vinh,https://www.pexels.com/@quang-nguyen-vinh-222549,pexels,https://www.pexels.com/photo/aerial-view-of-city-buildings-near-the-ocean-6875472/,danangtrip/locations/dtc-hotel/loc-177__dtc-hotel__p01,https://res.cloudinary.com/dmukxquza/image/upload/v1780559496/danangtrip/locations/dtc-hotel/loc-177__dtc-hotel__p01.jpg,https://www.openstreetmap.org/node/10314394611,downloaded,https://images.pexels.com/photos/6875472/pexels-photo-6875472.jpeg?auto=compress&cs=tinysrgb&h=350,uploaded,1780559496,1880
8e8509e235462d44f9b8721042daa4f4,492934,khach-san-homestay,danangtrip/locations/ecodanang/loc-178__ecodanang__p01,downloaded:492934,osm-node-4287074189,jpg,1253,https://images.pexels.com/photos/6875472/pexels-photo-6875472.jpeg?auto=compress&cs=tinysrgb&dpr=2&h=650&w=940,loc-178__ecodanang__osm-node-4287074189__p01__pexels-6875472.jpg,D:\DATN\DATN_Tài liệu\data-center\media-assets\cloudinary-staging\locations\2026-06-04-overpass-published-inactive\originals\loc-178__ecodanang__osm-node-4287074189__p01__pexels-6875472.jpg,178,Ecodanang,ecodanang,inactive,6875472,1,Quang Nguyen Vinh,https://www.pexels.com/@quang-nguyen-vinh-222549,pexels,https://www.pexels.com/photo/aerial-view-of-city-buildings-near-the-ocean-6875472/,danangtrip/locations/ecodanang/loc-178__ecodanang__p01,https://res.cloudinary.com/dmukxquza/image/upload/v1780559499/danangtrip/locations/ecodanang/loc-178__ecodanang__p01.jpg,https://www.openstreetmap.org/node/4287074189,downloaded,https://images.pexels.com/photos/6875472/pexels-photo-6875472.jpeg?auto=compress&cs=tinysrgb&h=350,uploaded,1780559499,1880
09fc8ae581c0965c630c759e45aa28a2,492934,khach-san-homestay,danangtrip/locations/faifo-hotel/loc-179__faifo-hotel__p01,downloaded:492934,osm-node-4199987426,jpg,1253,https://images.pexels.com/photos/6875472/pexels-photo-6875472.jpeg?auto=compress&cs=tinysrgb&dpr=2&h=650&w=940,loc-179__faifo-hotel__osm-node-4199987426__p01__pexels-6875472.jpg,D:\DATN\DATN_Tài liệu\data-center\media-assets\cloudinary-staging\locations\2026-06-04-overpass-published-inactive\originals\loc-179__faifo-hotel__osm-node-4199987426__p01__pexels-6875472.jpg,179,Faifo Hotel,faifo-hotel,inactive,6875472,1,Quang Nguyen Vinh,https://www.pexels.com/@quang-nguyen-vinh-222549,pexels,https://www.pexels.com/photo/aerial-view-of-city-buildings-near-the-ocean-6875472/,danangtrip/locations/faifo-hotel/loc-179__faifo-hotel__p01,https://res.cloudinary.com/dmukxquza/image/upload/v1780559502/danangtrip/locations/faifo-hotel/loc-179__faifo-hotel__p01.jpg,https://www.openstreetmap.org/node/4199987426,downloaded,https://images.pexels.com/photos/6875472/pexels-photo-6875472.jpeg?auto=compress&cs=tinysrgb&h=350,uploaded,1780559502,1880
d5cf866973fbb204f3b6390a21e4b468,448711,cong-vien-nuoc,danangtrip/locations/fantasy-park/loc-180__fantasy-park__p01,downloaded:448711,osm-node-10154412164,jpg,1254,https://images.pexels.com/photos/14021725/pexels-photo-14021725.jpeg?auto=compress&cs=tinysrgb&dpr=2&h=650&w=940,loc-180__fantasy-park__osm-node-10154412164__p01__pexels-14021725.jpg,D:\DATN\DATN_Tài liệu\data-center\media-assets\cloudinary-staging\locations\2026-06-04-overpass-published-inactive\originals\loc-180__fantasy-park__osm-node-10154412164__p01__pexels-14021725.jpg,180,Fantasy Park,fantasy-park,inactive,14021725,1,Quang Nguyen Vinh,https://www.pexels.com/@quang-nguyen-vinh-222549,pexels,https://www.pexels.com/photo/people-standing-near-the-apec-park-14021725/,danangtrip/locations/fantasy-park/loc-180__fantasy-park__p01,https://res.cloudinary.com/dmukxquza/image/upload/v1780559506/danangtrip/locations/fantasy-park/loc-180__fantasy-park__p01.jpg,https://www.openstreetmap.org/node/10154412164,downloaded,https://images.pexels.com/photos/14021725/pexels-photo-14021725.jpeg?auto=compress&cs=tinysrgb&h=350,uploaded,1780559506,1880
ff566d05c7a222a7435a914bbf3897cf,492934,khach-san-homestay,danangtrip/locations/fedora-hostel/loc-181__fedora-hostel__p01,downloaded:492934,osm-node-11584401669,jpg,1253,https://images.pexels.com/photos/6875472/pexels-photo-6875472.jpeg?auto=compress&cs=tinysrgb&dpr=2&h=650&w=940,loc-181__fedora-hostel__osm-node-11584401669__p01__pexels-6875472.jpg,D:\DATN\DATN_Tài liệu\data-center\media-assets\cloudinary-staging\locations\2026-06-04-overpass-published-inactive\originals\loc-181__fedora-hostel__osm-node-11584401669__p01__pexels-6875472.jpg,181,Fedora Hostel,fedora-hostel,inactive,6875472,1,Quang Nguyen Vinh,https://www.pexels.com/@quang-nguyen-vinh-222549,pexels,https://www.pexels.com/photo/aerial-view-of-city-buildings-near-the-ocean-6875472/,danangtrip/locations/fedora-hostel/loc-181__fedora-hostel__p01,https://res.cloudinary.com/dmukxquza/image/upload/v1780559510/danangtrip/locations/fedora-hostel/loc-181__fedora-hostel__p01.jpg,https://www.openstreetmap.org/node/11584401669,downloaded,https://images.pexels.com/photos/6875472/pexels-photo-6875472.jpeg?auto=compress&cs=tinysrgb&h=350,uploaded,1780559510,1880
43cc44c7c324c6fa20163104cba034f3,492934,khach-san-homestay,danangtrip/locations/flora-hotel/loc-182__flora-hotel__p01,downloaded:492934,osm-node-4611974790,jpg,1253,https://images.pexels.com/photos/6875472/pexels-photo-6875472.jpeg?auto=compress&cs=tinysrgb&dpr=2&h=650&w=940,loc-182__flora-hotel__osm-node-4611974790__p01__pexels-6875472.jpg,D:\DATN\DATN_Tài liệu\data-center\media-assets\cloudinary-staging\locations\2026-06-04-overpass-published-inactive\originals\loc-182__flora-hotel__osm-node-4611974790__p01__pexels-6875472.jpg,182,Flora Hotel,flora-hotel,inactive,6875472,1,Quang Nguyen Vinh,https://www.pexels.com/@quang-nguyen-vinh-222549,pexels,https://www.pexels.com/photo/aerial-view-of-city-buildings-near-the-ocean-6875472/,danangtrip/locations/flora-hotel/loc-182__flora-hotel__p01,https://res.cloudinary.com/dmukxquza/image/upload/v1780559513/danangtrip/locations/flora-hotel/loc-182__flora-hotel__p01.jpg,https://www.openstreetmap.org/node/4611974790,downloaded,https://images.pexels.com/photos/6875472/pexels-photo-6875472.jpeg?auto=compress&cs=tinysrgb&h=350,uploaded,1780559513,1880
d20447d4263862c0dc2c4849aa796b4a,158175,khach-san-homestay,danangtrip/locations/fusion-suites/loc-183__fusion-suites__p01,downloaded:158175,osm-node-4550531390,jpg,1253,https://images.pexels.com/photos/28226576/pexels-photo-28226576.png?auto=compress&cs=tinysrgb&dpr=2&h=650&w=940,loc-183__fusion-suites__osm-node-4550531390__p01__pexels-28226576.jpg,D:\DATN\DATN_Tài liệu\data-center\media-assets\cloudinary-staging\locations\2026-06-04-overpass-published-inactive\originals\loc-183__fusion-suites__osm-node-4550531390__p01__pexels-28226576.jpg,183,Fusion Suites,fusion-suites,inactive,28226576,1,Tran Tran,https://www.pexels.com/@ola88,pexels,https://www.pexels.com/photo/danang-vietnam-28226576/,danangtrip/locations/fusion-suites/loc-183__fusion-suites__p01,https://res.cloudinary.com/dmukxquza/image/upload/v1780559516/danangtrip/locations/fusion-suites/loc-183__fusion-suites__p01.jpg,https://www.openstreetmap.org/node/4550531390,downloaded,https://images.pexels.com/photos/28226576/pexels-photo-28226576.png?auto=compress&cs=tinysrgb&h=350,uploaded,1780559516,1880
d9f0658d83f323167dd13cca6041f870,391871,am-thuc-dia-phuong,danangtrip/locations/goom-vegan/loc-184__goom-vegan__p01,downloaded:391871,osm-node-5793917955,jpg,1253,https://images.pexels.com/photos/32831392/pexels-photo-32831392.jpeg?auto=compress&cs=tinysrgb&dpr=2&h=650&w=940,loc-184__goom-vegan__osm-node-5793917955__p01__pexels-32831392.jpg,D:\DATN\DATN_Tài liệu\data-center\media-assets\cloudinary-staging\locations\2026-06-04-overpass-published-inactive\originals\loc-184__goom-vegan__osm-node-5793917955__p01__pexels-32831392.jpg,184,Goom Vegan,goom-vegan,inactive,32831392,1,Tuan Vy,https://www.pexels.com/@tuan-vy-903011268,pexels,https://www.pexels.com/photo/street-view-of-vietnamese-restaurant-with-motorbikes-32831392/,danangtrip/locations/goom-vegan/loc-184__goom-vegan__p01,https://res.cloudinary.com/dmukxquza/image/upload/v1780559519/danangtrip/locations/goom-vegan/loc-184__goom-vegan__p01.jpg,https://www.openstreetmap.org/node/5793917955,downloaded,https://images.pexels.com/photos/32831392/pexels-photo-32831392.jpeg?auto=compress&cs=tinysrgb&h=350,uploaded,1780559519,1880
3f36e4647d75a774c60e2d205573b924,189675,khach-san-homestay,danangtrip/locations/green-balcony-hostel-coffee/loc-185__green-balcony-hostel-coffee__p01,downloaded:189675,osm-node-6054437786,jpg,1253,https://images.pexels.com/photos/34347292/pexels-photo-34347292.jpeg?auto=compress&cs=tinysrgb&dpr=2&h=650&w=940,loc-185__green-balcony-hostel-coffee__osm-node-6054437786__p01__pexels-34347292.jpg,D:\DATN\DATN_Tài liệu\data-center\media-assets\cloudinary-staging\locations\2026-06-04-overpass-published-inactive\originals\loc-185__green-balcony-hostel-coffee__osm-node-6054437786__p01__pexels-34347292.jpg,185,Green Balcony Hostel & Coffee,green-balcony-hostel-coffee,inactive,34347292,1,Nha van,https://www.pexels.com/@nhavan,pexels,https://www.pexels.com/photo/stylish-vietnamese-coffee-and-plant-on-cafe-table-34347292/,danangtrip/locations/green-balcony-hostel-coffee/loc-185__green-balcony-hostel-coffee__p01,https://res.cloudinary.com/dmukxquza/image/upload/v1780559522/danangtrip/locations/green-balcony-hostel-coffee/loc-185__green-balcony-hostel-coffee__p01.jpg,https://www.openstreetmap.org/node/6054437786,downloaded,https://images.pexels.com/photos/34347292/pexels-photo-34347292.jpeg?auto=compress&cs=tinysrgb&h=350,uploaded,1780559522,1880
ba23082752e90a2a68f45fc9d825fb4f,391871,am-thuc-dia-phuong,danangtrip/locations/hai-san-nam-danh/loc-186__hai-san-nam-danh__p01,downloaded:391871,osm-node-6151186386,jpg,1253,https://images.pexels.com/photos/32831392/pexels-photo-32831392.jpeg?auto=compress&cs=tinysrgb&dpr=2&h=650&w=940,loc-186__hai-san-nam-danh__osm-node-6151186386__p01__pexels-32831392.jpg,D:\DATN\DATN_Tài liệu\data-center\media-assets\cloudinary-staging\locations\2026-06-04-overpass-published-inactive\originals\loc-186__hai-san-nam-danh__osm-node-6151186386__p01__pexels-32831392.jpg,186,Hai san Nam Danh,hai-san-nam-danh,inactive,32831392,1,Tuan Vy,https://www.pexels.com/@tuan-vy-903011268,pexels,https://www.pexels.com/photo/street-view-of-vietnamese-restaurant-with-motorbikes-32831392/,danangtrip/locations/hai-san-nam-danh/loc-186__hai-san-nam-danh__p01,https://res.cloudinary.com/dmukxquza/image/upload/v1780559525/danangtrip/locations/hai-san-nam-danh/loc-186__hai-san-nam-danh__p01.jpg,https://www.openstreetmap.org/node/6151186386,downloaded,https://images.pexels.com/photos/32831392/pexels-photo-32831392.jpeg?auto=compress&cs=tinysrgb&h=350,uploaded,1780559525,1880
9669283b8ca4f4391e8c8759972cf84c,300827,check-in-noi-tieng,danangtrip/locations/hai-van-quan/loc-187__hai-van-quan__p01,downloaded:300827,osm-way-466418347,jpg,1252,https://images.pexels.com/photos/14024082/pexels-photo-14024082.jpeg?auto=compress&cs=tinysrgb&dpr=2&h=650&w=940,loc-187__hai-van-quan__osm-way-466418347__p01__pexels-14024082.jpg,D:\DATN\DATN_Tài liệu\data-center\media-assets\cloudinary-staging\locations\2026-06-04-overpass-published-inactive\originals\loc-187__hai-van-quan__osm-way-466418347__p01__pexels-14024082.jpg,187,Hai Van Quan,hai-van-quan,inactive,14024082,1,Quang Nguyen Vinh,https://www.pexels.com/@quang-nguyen-vinh-222549,pexels,https://www.pexels.com/photo/green-mountains-under-blue-sky-14024082/,danangtrip/locations/hai-van-quan/loc-187__hai-van-quan__p01,https://res.cloudinary.com/dmukxquza/image/upload/v1780559528/danangtrip/locations/hai-van-quan/loc-187__hai-van-quan__p01.jpg,https://www.openstreetmap.org/way/466418347,downloaded,https://images.pexels.com/photos/14024082/pexels-photo-14024082.jpeg?auto=compress&cs=tinysrgb&h=350,uploaded,1780559528,1880
1fd076b3b0589e8f29cb1342024e8201,501538,khach-san-homestay,danangtrip/locations/hai-yen-hotel/loc-188__hai-yen-hotel__p01,downloaded:501538,osm-node-10294581428,jpg,1253,https://images.pexels.com/photos/5273872/pexels-photo-5273872.jpeg?auto=compress&cs=tinysrgb&dpr=2&h=650&w=940,loc-188__hai-yen-hotel__osm-node-10294581428__p01__pexels-5273872.jpg,D:\DATN\DATN_Tài liệu\data-center\media-assets\cloudinary-staging\locations\2026-06-04-overpass-published-inactive\originals\loc-188__hai-yen-hotel__osm-node-10294581428__p01__pexels-5273872.jpg,188,Hai Yen Hotel,hai-yen-hotel,inactive,5273872,1,Thanh Do,https://www.pexels.com/@dothanhyb,pexels,https://www.pexels.com/photo/nha-khach-hao-gia-hotel-5273872/,danangtrip/locations/hai-yen-hotel/loc-188__hai-yen-hotel__p01,https://res.cloudinary.com/dmukxquza/image/upload/v1780559532/danangtrip/locations/hai-yen-hotel/loc-188__hai-yen-hotel__p01.jpg,https://www.openstreetmap.org/node/10294581428,downloaded,https://images.pexels.com/photos/5273872/pexels-photo-5273872.jpeg?auto=compress&cs=tinysrgb&h=350,uploaded,1780559532,1880
17c00a3d790c4986e16855a8c42b3d5a,286494,khach-san-homestay,danangtrip/locations/hana-homestay-danang/loc-189__hana-homestay-danang__p01,downloaded:286494,osm-node-10768167105,jpg,1253,https://images.pexels.com/photos/27630279/pexels-photo-27630279.jpeg?auto=compress&cs=tinysrgb&dpr=2&h=650&w=940,loc-189__hana-homestay-danang__osm-node-10768167105__p01__pexels-27630279.jpg,D:\DATN\DATN_Tài liệu\data-center\media-assets\cloudinary-staging\locations\2026-06-04-overpass-published-inactive\originals\loc-189__hana-homestay-danang__osm-node-10768167105__p01__pexels-27630279.jpg,189,Hana Homestay Danang,hana-homestay-danang,inactive,27630279,1,Duc Nguyen,https://www.pexels.com/@duc-nguyen-400576574,pexels,https://www.pexels.com/photo/a-woman-sitting-in-a-round-window-in-a-small-house-27630279/,danangtrip/locations/hana-homestay-danang/loc-189__hana-homestay-danang__p01,https://res.cloudinary.com/dmukxquza/image/upload/v1780559535/danangtrip/locations/hana-homestay-danang/loc-189__hana-homestay-danang__p01.jpg,https://www.openstreetmap.org/node/10768167105,downloaded,https://images.pexels.com/photos/27630279/pexels-photo-27630279.jpeg?auto=compress&cs=tinysrgb&h=350,uploaded,1780559535,1880
ae526009998f832e68fcc0c25e69828d,391871,am-thuc-dia-phuong,danangtrip/locations/hang-s-kitchen/loc-190__hang-s-kitchen__p01,downloaded:391871,osm-node-4694652890,jpg,1253,https://images.pexels.com/photos/32831392/pexels-photo-32831392.jpeg?auto=compress&cs=tinysrgb&dpr=2&h=650&w=940,loc-190__hang-s-kitchen__osm-node-4694652890__p01__pexels-32831392.jpg,D:\DATN\DATN_Tài liệu\data-center\media-assets\cloudinary-staging\locations\2026-06-04-overpass-published-inactive\originals\loc-190__hang-s-kitchen__osm-node-4694652890__p01__pexels-32831392.jpg,190,Hang's Kitchen,hang-s-kitchen,inactive,32831392,1,Tuan Vy,https://www.pexels.com/@tuan-vy-903011268,pexels,https://www.pexels.com/photo/street-view-of-vietnamese-restaurant-with-motorbikes-32831392/,danangtrip/locations/hang-s-kitchen/loc-190__hang-s-kitchen__p01,https://res.cloudinary.com/dmukxquza/image/upload/v1780559539/danangtrip/locations/hang-s-kitchen/loc-190__hang-s-kitchen__p01.jpg,https://www.openstreetmap.org/node/4694652890,downloaded,https://images.pexels.com/photos/32831392/pexels-photo-32831392.jpeg?auto=compress&cs=tinysrgb&h=350,uploaded,1780559539,1880
e3e4397560670059ed416174c3fc9dc3,391871,am-thuc-dia-phuong,danangtrip/locations/hau-sua-tom-hum/loc-191__hau-sua-tom-hum__p01,downloaded:391871,osm-node-4351989390,jpg,1253,https://images.pexels.com/photos/32831392/pexels-photo-32831392.jpeg?auto=compress&cs=tinysrgb&dpr=2&h=650&w=940,loc-191__hau-sua-tom-hum__osm-node-4351989390__p01__pexels-32831392.jpg,D:\DATN\DATN_Tài liệu\data-center\media-assets\cloudinary-staging\locations\2026-06-04-overpass-published-inactive\originals\loc-191__hau-sua-tom-hum__osm-node-4351989390__p01__pexels-32831392.jpg,191,Hau Sua & Tom Hum,hau-sua-tom-hum,inactive,32831392,1,Tuan Vy,https://www.pexels.com/@tuan-vy-903011268,pexels,https://www.pexels.com/photo/street-view-of-vietnamese-restaurant-with-motorbikes-32831392/,danangtrip/locations/hau-sua-tom-hum/loc-191__hau-sua-tom-hum__p01,https://res.cloudinary.com/dmukxquza/image/upload/v1780559542/danangtrip/locations/hau-sua-tom-hum/loc-191__hau-sua-tom-hum__p01.jpg,https://www.openstreetmap.org/node/4351989390,downloaded,https://images.pexels.com/photos/32831392/pexels-photo-32831392.jpeg?auto=compress&cs=tinysrgb&h=350,uploaded,1780559542,1880
2d516b2e9c80ead9defef74456c37d74,158175,khach-san-homestay,danangtrip/locations/herriott/loc-192__herriott__p01,downloaded:158175,osm-node-6544450819,jpg,1253,https://images.pexels.com/photos/28226576/pexels-photo-28226576.png?auto=compress&cs=tinysrgb&dpr=2&h=650&w=940,loc-192__herriott__osm-node-6544450819__p01__pexels-28226576.jpg,D:\DATN\DATN_Tài liệu\data-center\media-assets\cloudinary-staging\locations\2026-06-04-overpass-published-inactive\originals\loc-192__herriott__osm-node-6544450819__p01__pexels-28226576.jpg,192,Herriott,herriott,inactive,28226576,1,Tran Tran,https://www.pexels.com/@ola88,pexels,https://www.pexels.com/photo/danang-vietnam-28226576/,danangtrip/locations/herriott/loc-192__herriott__p01,https://res.cloudinary.com/dmukxquza/image/upload/v1780559544/danangtrip/locations/herriott/loc-192__herriott__p01.jpg,https://www.openstreetmap.org/node/6544450819,downloaded,https://images.pexels.com/photos/28226576/pexels-photo-28226576.png?auto=compress&cs=tinysrgb&h=350,uploaded,1780559544,1880
bcb436bbe477aebd07fa14d75963ec82,322828,khach-san-homestay,danangtrip/locations/hilary-hotel/loc-193__hilary-hotel__p01,downloaded:322828,osm-node-6712140863,jpg,1240,https://images.pexels.com/photos/1207515/pexels-photo-1207515.jpeg?auto=compress&cs=tinysrgb&dpr=2&h=650&w=940,loc-193__hilary-hotel__osm-node-6712140863__p01__pexels-1207515.jpg,D:\DATN\DATN_Tài liệu\data-center\media-assets\cloudinary-staging\locations\2026-06-04-overpass-published-inactive\originals\loc-193__hilary-hotel__osm-node-6712140863__p01__pexels-1207515.jpg,193,Hilary Hotel,hilary-hotel,inactive,1207515,1,Min An,https://www.pexels.com/@minan1398,pexels,https://www.pexels.com/photo/concrete-structures-next-to-each-other-1207515/,danangtrip/locations/hilary-hotel/loc-193__hilary-hotel__p01,https://res.cloudinary.com/dmukxquza/image/upload/v1780559547/danangtrip/locations/hilary-hotel/loc-193__hilary-hotel__p01.jpg,https://www.openstreetmap.org/node/6712140863,downloaded,https://images.pexels.com/photos/1207515/pexels-photo-1207515.jpeg?auto=compress&cs=tinysrgb&h=350,uploaded,1780559547,1880
157292c5f73850556b587cbe81425790,492934,khach-san-homestay,danangtrip/locations/hilton-garden-inn-da-nang/loc-194__hilton-garden-inn-da-nang__p01,downloaded:492934,osm-node-6125276061,jpg,1253,https://images.pexels.com/photos/6875472/pexels-photo-6875472.jpeg?auto=compress&cs=tinysrgb&dpr=2&h=650&w=940,loc-194__hilton-garden-inn-da-nang__osm-node-6125276061__p01__pexels-6875472.jpg,D:\DATN\DATN_Tài liệu\data-center\media-assets\cloudinary-staging\locations\2026-06-04-overpass-published-inactive\originals\loc-194__hilton-garden-inn-da-nang__osm-node-6125276061__p01__pexels-6875472.jpg,194,Hilton Garden Inn Da Nang,hilton-garden-inn-da-nang,inactive,6875472,1,Quang Nguyen Vinh,https://www.pexels.com/@quang-nguyen-vinh-222549,pexels,https://www.pexels.com/photo/aerial-view-of-city-buildings-near-the-ocean-6875472/,danangtrip/locations/hilton-garden-inn-da-nang/loc-194__hilton-garden-inn-da-nang__p01,https://res.cloudinary.com/dmukxquza/image/upload/v1780559551/danangtrip/locations/hilton-garden-inn-da-nang/loc-194__hilton-garden-inn-da-nang__p01.jpg,https://www.openstreetmap.org/node/6125276061,downloaded,https://images.pexels.com/photos/6875472/pexels-photo-6875472.jpeg?auto=compress&cs=tinysrgb&h=350,uploaded,1780559551,1880
e478c742a61d56a79c2c35c3ff8f2db7,501538,khach-san-homestay,danangtrip/locations/hoang-phuong-hotel/loc-195__hoang-phuong-hotel__p01,downloaded:501538,osm-node-4249901095,jpg,1253,https://images.pexels.com/photos/5273872/pexels-photo-5273872.jpeg?auto=compress&cs=tinysrgb&dpr=2&h=650&w=940,loc-195__hoang-phuong-hotel__osm-node-4249901095__p01__pexels-5273872.jpg,D:\DATN\DATN_Tài liệu\data-center\media-assets\cloudinary-staging\locations\2026-06-04-overpass-published-inactive\originals\loc-195__hoang-phuong-hotel__osm-node-4249901095__p01__pexels-5273872.jpg,195,Hoang Phuong Hotel,hoang-phuong-hotel,inactive,5273872,1,Thanh Do,https://www.pexels.com/@dothanhyb,pexels,https://www.pexels.com/photo/nha-khach-hao-gia-hotel-5273872/,danangtrip/locations/hoang-phuong-hotel/loc-195__hoang-phuong-hotel__p01,https://res.cloudinary.com/dmukxquza/image/upload/v1780559554/danangtrip/locations/hoang-phuong-hotel/loc-195__hoang-phuong-hotel__p01.jpg,https://www.openstreetmap.org/node/4249901095,downloaded,https://images.pexels.com/photos/5273872/pexels-photo-5273872.jpeg?auto=compress&cs=tinysrgb&h=350,uploaded,1780559554,1880
982dd71632c9a74f9b5e7f9048dc81e2,492934,khach-san-homestay,danangtrip/locations/hodi-hotel/loc-196__hodi-hotel__p01,downloaded:492934,osm-node-12147633201,jpg,1253,https://images.pexels.com/photos/6875472/pexels-photo-6875472.jpeg?auto=compress&cs=tinysrgb&dpr=2&h=650&w=940,loc-196__hodi-hotel__osm-node-12147633201__p01__pexels-6875472.jpg,D:\DATN\DATN_Tài liệu\data-center\media-assets\cloudinary-staging\locations\2026-06-04-overpass-published-inactive\originals\loc-196__hodi-hotel__osm-node-12147633201__p01__pexels-6875472.jpg,196,Hodi Hotel,hodi-hotel,inactive,6875472,1,Quang Nguyen Vinh,https://www.pexels.com/@quang-nguyen-vinh-222549,pexels,https://www.pexels.com/photo/aerial-view-of-city-buildings-near-the-ocean-6875472/,danangtrip/locations/hodi-hotel/loc-196__hodi-hotel__p01,https://res.cloudinary.com/dmukxquza/image/upload/v1780559557/danangtrip/locations/hodi-hotel/loc-196__hodi-hotel__p01.jpg,https://www.openstreetmap.org/node/12147633201,downloaded,https://images.pexels.com/photos/6875472/pexels-photo-6875472.jpeg?auto=compress&cs=tinysrgb&h=350,uploaded,1780559557,1880
a18f491bdce6a0057fb9eadd909d49d6,286494,khach-san-homestay,danangtrip/locations/homestay-halley/loc-197__homestay-halley__p01,downloaded:286494,osm-node-5426555721,jpg,1253,https://images.pexels.com/photos/27630279/pexels-photo-27630279.jpeg?auto=compress&cs=tinysrgb&dpr=2&h=650&w=940,loc-197__homestay-halley__osm-node-5426555721__p01__pexels-27630279.jpg,D:\DATN\DATN_Tài liệu\data-center\media-assets\cloudinary-staging\locations\2026-06-04-overpass-published-inactive\originals\loc-197__homestay-halley__osm-node-5426555721__p01__pexels-27630279.jpg,197,Homestay Halley,homestay-halley,inactive,27630279,1,Duc Nguyen,https://www.pexels.com/@duc-nguyen-400576574,pexels,https://www.pexels.com/photo/a-woman-sitting-in-a-round-window-in-a-small-house-27630279/,danangtrip/locations/homestay-halley/loc-197__homestay-halley__p01,https://res.cloudinary.com/dmukxquza/image/upload/v1780559561/danangtrip/locations/homestay-halley/loc-197__homestay-halley__p01.jpg,https://www.openstreetmap.org/node/5426555721,downloaded,https://images.pexels.com/photos/27630279/pexels-photo-27630279.jpeg?auto=compress&cs=tinysrgb&h=350,uploaded,1780559561,1880
5d3dc16d9b978573f6a34e846226128a,286494,khach-san-homestay,danangtrip/locations/homestay-heo-dat/loc-198__homestay-heo-dat__p01,downloaded:286494,osm-node-4677455200,jpg,1253,https://images.pexels.com/photos/27630279/pexels-photo-27630279.jpeg?auto=compress&cs=tinysrgb&dpr=2&h=650&w=940,loc-198__homestay-heo-dat__osm-node-4677455200__p01__pexels-27630279.jpg,D:\DATN\DATN_Tài liệu\data-center\media-assets\cloudinary-staging\locations\2026-06-04-overpass-published-inactive\originals\loc-198__homestay-heo-dat__osm-node-4677455200__p01__pexels-27630279.jpg,198,Homestay Heo Dat,homestay-heo-dat,inactive,27630279,1,Duc Nguyen,https://www.pexels.com/@duc-nguyen-400576574,pexels,https://www.pexels.com/photo/a-woman-sitting-in-a-round-window-in-a-small-house-27630279/,danangtrip/locations/homestay-heo-dat/loc-198__homestay-heo-dat__p01,https://res.cloudinary.com/dmukxquza/image/upload/v1780559563/danangtrip/locations/homestay-heo-dat/loc-198__homestay-heo-dat__p01.jpg,https://www.openstreetmap.org/node/4677455200,downloaded,https://images.pexels.com/photos/27630279/pexels-photo-27630279.jpeg?auto=compress&cs=tinysrgb&h=350,uploaded,1780559563,1880
bd06497b7a46d144bd0f03b576683ec2,159857,ca-phe-tra-sua,danangtrip/locations/homie-coffee/loc-199__homie-coffee__p01,downloaded:159857,osm-node-729406487,jpg,1253,https://images.pexels.com/photos/32744958/pexels-photo-32744958.jpeg?auto=compress&cs=tinysrgb&dpr=2&h=650&w=940,loc-199__homie-coffee__osm-node-729406487__p01__pexels-32744958.jpg,D:\DATN\DATN_Tài liệu\data-center\media-assets\cloudinary-staging\locations\2026-06-04-overpass-published-inactive\originals\loc-199__homie-coffee__osm-node-729406487__p01__pexels-32744958.jpg,199,Homie Coffee,homie-coffee,inactive,32744958,1,Nha van,https://www.pexels.com/@nhavan,pexels,https://www.pexels.com/photo/cozy-cafe-table-with-vietnamese-iced-coffee-32744958/,danangtrip/locations/homie-coffee/loc-199__homie-coffee__p01,https://res.cloudinary.com/dmukxquza/image/upload/v1780559566/danangtrip/locations/homie-coffee/loc-199__homie-coffee__p01.jpg,https://www.openstreetmap.org/node/729406487,downloaded,https://images.pexels.com/photos/32744958/pexels-photo-32744958.jpeg?auto=compress&cs=tinysrgb&h=350,uploaded,1780559566,1880
514c5f1c8f2d8f9ccb9a607edb066755,501538,khach-san-homestay,danangtrip/locations/hong-chau/loc-200__hong-chau__p01,downloaded:501538,osm-node-12101736706,jpg,1253,https://images.pexels.com/photos/5273872/pexels-photo-5273872.jpeg?auto=compress&cs=tinysrgb&dpr=2&h=650&w=940,loc-200__hong-chau__osm-node-12101736706__p01__pexels-5273872.jpg,D:\DATN\DATN_Tài liệu\data-center\media-assets\cloudinary-staging\locations\2026-06-04-overpass-published-inactive\originals\loc-200__hong-chau__osm-node-12101736706__p01__pexels-5273872.jpg,200,Hong Chau,hong-chau,inactive,5273872,1,Thanh Do,https://www.pexels.com/@dothanhyb,pexels,https://www.pexels.com/photo/nha-khach-hao-gia-hotel-5273872/,danangtrip/locations/hong-chau/loc-200__hong-chau__p01,https://res.cloudinary.com/dmukxquza/image/upload/v1780559568/danangtrip/locations/hong-chau/loc-200__hong-chau__p01.jpg,https://www.openstreetmap.org/node/12101736706,downloaded,https://images.pexels.com/photos/5273872/pexels-photo-5273872.jpeg?auto=compress&cs=tinysrgb&h=350,uploaded,1780559568,1880
95ed148d43ab174ea1744429a2810eb0,501538,khach-san-homestay,danangtrip/locations/hue-chi/loc-201__hue-chi__p01,downloaded:501538,osm-node-5249863421,jpg,1253,https://images.pexels.com/photos/5273872/pexels-photo-5273872.jpeg?auto=compress&cs=tinysrgb&dpr=2&h=650&w=940,loc-201__hue-chi__osm-node-5249863421__p01__pexels-5273872.jpg,D:\DATN\DATN_Tài liệu\data-center\media-assets\cloudinary-staging\locations\2026-06-04-overpass-published-inactive\originals\loc-201__hue-chi__osm-node-5249863421__p01__pexels-5273872.jpg,201,Hue Chi,hue-chi,inactive,5273872,1,Thanh Do,https://www.pexels.com/@dothanhyb,pexels,https://www.pexels.com/photo/nha-khach-hao-gia-hotel-5273872/,danangtrip/locations/hue-chi/loc-201__hue-chi__p01,https://res.cloudinary.com/dmukxquza/image/upload/v1780559572/danangtrip/locations/hue-chi/loc-201__hue-chi__p01.jpg,https://www.openstreetmap.org/node/5249863421,downloaded,https://images.pexels.com/photos/5273872/pexels-photo-5273872.jpeg?auto=compress&cs=tinysrgb&h=350,uploaded,1780559572,1880
bfa09b37385ee7f9b92df0a487b58a24,391871,am-thuc-dia-phuong,danangtrip/locations/huong-cau/loc-202__huong-cau__p01,downloaded:391871,osm-node-2988980334,jpg,1253,https://images.pexels.com/photos/32831392/pexels-photo-32831392.jpeg?auto=compress&cs=tinysrgb&dpr=2&h=650&w=940,loc-202__huong-cau__osm-node-2988980334__p01__pexels-32831392.jpg,D:\DATN\DATN_Tài liệu\data-center\media-assets\cloudinary-staging\locations\2026-06-04-overpass-published-inactive\originals\loc-202__huong-cau__osm-node-2988980334__p01__pexels-32831392.jpg,202,Huong Cau,huong-cau,inactive,32831392,1,Tuan Vy,https://www.pexels.com/@tuan-vy-903011268,pexels,https://www.pexels.com/photo/street-view-of-vietnamese-restaurant-with-motorbikes-32831392/,danangtrip/locations/huong-cau/loc-202__huong-cau__p01,https://res.cloudinary.com/dmukxquza/image/upload/v1780559574/danangtrip/locations/huong-cau/loc-202__huong-cau__p01.jpg,https://www.openstreetmap.org/node/2988980334,downloaded,https://images.pexels.com/photos/32831392/pexels-photo-32831392.jpeg?auto=compress&cs=tinysrgb&h=350,uploaded,1780559574,1880
d714738d572866da60f7b758fdb137b9,322828,khach-san-homestay,danangtrip/locations/iris-hotel/loc-203__iris-hotel__p01,downloaded:322828,osm-node-5412275622,jpg,1240,https://images.pexels.com/photos/1207515/pexels-photo-1207515.jpeg?auto=compress&cs=tinysrgb&dpr=2&h=650&w=940,loc-203__iris-hotel__osm-node-5412275622__p01__pexels-1207515.jpg,D:\DATN\DATN_Tài liệu\data-center\media-assets\cloudinary-staging\locations\2026-06-04-overpass-published-inactive\originals\loc-203__iris-hotel__osm-node-5412275622__p01__pexels-1207515.jpg,203,Iris Hotel,iris-hotel,inactive,1207515,1,Min An,https://www.pexels.com/@minan1398,pexels,https://www.pexels.com/photo/concrete-structures-next-to-each-other-1207515/,danangtrip/locations/iris-hotel/loc-203__iris-hotel__p01,https://res.cloudinary.com/dmukxquza/image/upload/v1780559577/danangtrip/locations/iris-hotel/loc-203__iris-hotel__p01.jpg,https://www.openstreetmap.org/node/5412275622,downloaded,https://images.pexels.com/photos/1207515/pexels-photo-1207515.jpeg?auto=compress&cs=tinysrgb&h=350,uploaded,1780559577,1880
0c880fc41dd09ad473d4c61668e7d5fa,391871,am-thuc-dia-phuong,danangtrip/locations/kfc/loc-204__kfc__p01,downloaded:391871,osm-node-5699726168,jpg,1253,https://images.pexels.com/photos/32831392/pexels-photo-32831392.jpeg?auto=compress&cs=tinysrgb&dpr=2&h=650&w=940,loc-204__kfc__osm-node-5699726168__p01__pexels-32831392.jpg,D:\DATN\DATN_Tài liệu\data-center\media-assets\cloudinary-staging\locations\2026-06-04-overpass-published-inactive\originals\loc-204__kfc__osm-node-5699726168__p01__pexels-32831392.jpg,204,KFC,kfc,inactive,32831392,1,Tuan Vy,https://www.pexels.com/@tuan-vy-903011268,pexels,https://www.pexels.com/photo/street-view-of-vietnamese-restaurant-with-motorbikes-32831392/,danangtrip/locations/kfc/loc-204__kfc__p01,https://res.cloudinary.com/dmukxquza/image/upload/v1780559579/danangtrip/locations/kfc/loc-204__kfc__p01.jpg,https://www.openstreetmap.org/node/5699726168,downloaded,https://images.pexels.com/photos/32831392/pexels-photo-32831392.jpeg?auto=compress&cs=tinysrgb&h=350,uploaded,1780559579,1880
d461075bad52ed65636f4bf8175ff24f,501538,khach-san-homestay,danangtrip/locations/khach-san-bon-mua/loc-205__khach-san-bon-mua__p01,downloaded:501538,osm-node-5450558021,jpg,1253,https://images.pexels.com/photos/5273872/pexels-photo-5273872.jpeg?auto=compress&cs=tinysrgb&dpr=2&h=650&w=940,loc-205__khach-san-bon-mua__osm-node-5450558021__p01__pexels-5273872.jpg,D:\DATN\DATN_Tài liệu\data-center\media-assets\cloudinary-staging\locations\2026-06-04-overpass-published-inactive\originals\loc-205__khach-san-bon-mua__osm-node-5450558021__p01__pexels-5273872.jpg,205,Khach san Bon Mua,khach-san-bon-mua,inactive,5273872,1,Thanh Do,https://www.pexels.com/@dothanhyb,pexels,https://www.pexels.com/photo/nha-khach-hao-gia-hotel-5273872/,danangtrip/locations/khach-san-bon-mua/loc-205__khach-san-bon-mua__p01,https://res.cloudinary.com/dmukxquza/image/upload/v1780559582/danangtrip/locations/khach-san-bon-mua/loc-205__khach-san-bon-mua__p01.jpg,https://www.openstreetmap.org/node/5450558021,downloaded,https://images.pexels.com/photos/5273872/pexels-photo-5273872.jpeg?auto=compress&cs=tinysrgb&h=350,uploaded,1780559582,1880
59110cd5121482cffaf60a2a3aefca11,501538,khach-san-homestay,danangtrip/locations/khach-san-hai-an/loc-206__khach-san-hai-an__p01,downloaded:501538,osm-node-4652657809,jpg,1253,https://images.pexels.com/photos/5273872/pexels-photo-5273872.jpeg?auto=compress&cs=tinysrgb&dpr=2&h=650&w=940,loc-206__khach-san-hai-an__osm-node-4652657809__p01__pexels-5273872.jpg,D:\DATN\DATN_Tài liệu\data-center\media-assets\cloudinary-staging\locations\2026-06-04-overpass-published-inactive\originals\loc-206__khach-san-hai-an__osm-node-4652657809__p01__pexels-5273872.jpg,206,Khach san Hai An,khach-san-hai-an,inactive,5273872,1,Thanh Do,https://www.pexels.com/@dothanhyb,pexels,https://www.pexels.com/photo/nha-khach-hao-gia-hotel-5273872/,danangtrip/locations/khach-san-hai-an/loc-206__khach-san-hai-an__p01,https://res.cloudinary.com/dmukxquza/image/upload/v1780559585/danangtrip/locations/khach-san-hai-an/loc-206__khach-san-hai-an__p01.jpg,https://www.openstreetmap.org/node/4652657809,downloaded,https://images.pexels.com/photos/5273872/pexels-photo-5273872.jpeg?auto=compress&cs=tinysrgb&h=350,uploaded,1780559585,1880
cfd1a66e93421bb02c01356bc9665d2a,318374,check-in-noi-tieng,danangtrip/locations/khu-van-hoa-tam-linh-da-son/loc-207__khu-van-hoa-tam-linh-da-son__p01,downloaded:318374,osm-node-12404434601,jpg,1246,https://images.pexels.com/photos/35132213/pexels-photo-35132213.jpeg?auto=compress&cs=tinysrgb&dpr=2&h=650&w=940,loc-207__khu-van-hoa-tam-linh-da-son__osm-node-12404434601__p01__pexels-35132213.jpg,D:\DATN\DATN_Tài liệu\data-center\media-assets\cloudinary-staging\locations\2026-06-04-overpass-published-inactive\originals\loc-207__khu-van-hoa-tam-linh-da-son__osm-node-12404434601__p01__pexels-35132213.jpg,207,Khu Van hoa Tam linh Da Son,khu-van-hoa-tam-linh-da-son,inactive,35132213,1,Thai Truong Giang,https://www.pexels.com/@tieugiang007,pexels,https://www.pexels.com/photo/reclining-buddha-statue-in-da-nang-vietnam-35132213/,danangtrip/locations/khu-van-hoa-tam-linh-da-son/loc-207__khu-van-hoa-tam-linh-da-son__p01,https://res.cloudinary.com/dmukxquza/image/upload/v1780559588/danangtrip/locations/khu-van-hoa-tam-linh-da-son/loc-207__khu-van-hoa-tam-linh-da-son__p01.jpg,https://www.openstreetmap.org/node/12404434601,downloaded,https://images.pexels.com/photos/35132213/pexels-photo-35132213.jpeg?auto=compress&cs=tinysrgb&h=350,uploaded,1780559588,1880
1e794a1da0be6d363934e3b7fc82c8c6,501538,khach-san-homestay,danangtrip/locations/king-garden-hotel/loc-208__king-garden-hotel__p01,downloaded:501538,osm-node-5413973628,jpg,1253,https://images.pexels.com/photos/5273872/pexels-photo-5273872.jpeg?auto=compress&cs=tinysrgb&dpr=2&h=650&w=940,loc-208__king-garden-hotel__osm-node-5413973628__p01__pexels-5273872.jpg,D:\DATN\DATN_Tài liệu\data-center\media-assets\cloudinary-staging\locations\2026-06-04-overpass-published-inactive\originals\loc-208__king-garden-hotel__osm-node-5413973628__p01__pexels-5273872.jpg,208,King Garden Hotel,king-garden-hotel,inactive,5273872,1,Thanh Do,https://www.pexels.com/@dothanhyb,pexels,https://www.pexels.com/photo/nha-khach-hao-gia-hotel-5273872/,danangtrip/locations/king-garden-hotel/loc-208__king-garden-hotel__p01,https://res.cloudinary.com/dmukxquza/image/upload/v1780559591/danangtrip/locations/king-garden-hotel/loc-208__king-garden-hotel__p01.jpg,https://www.openstreetmap.org/node/5413973628,downloaded,https://images.pexels.com/photos/5273872/pexels-photo-5273872.jpeg?auto=compress&cs=tinysrgb&h=350,uploaded,1780559591,1880
fd1d93b03365b2d28a1c9d4142634ce2,240025,am-thuc-dia-phuong,danangtrip/locations/koko-green-kafe-63/loc-209__koko-green-kafe-63__p01,downloaded:240025,osm-node-5947905986,jpg,1253,https://images.pexels.com/photos/35271944/pexels-photo-35271944.jpeg?auto=compress&cs=tinysrgb&dpr=2&h=650&w=940,loc-209__koko-green-kafe-63__osm-node-5947905986__p01__pexels-35271944.jpg,D:\DATN\DATN_Tài liệu\data-center\media-assets\cloudinary-staging\locations\2026-06-04-overpass-published-inactive\originals\loc-209__koko-green-kafe-63__osm-node-5947905986__p01__pexels-35271944.jpg,209,koko Green kafe 63,koko-green-kafe-63,inactive,35271944,1,Nha van,https://www.pexels.com/@nhavan,pexels,https://www.pexels.com/photo/young-woman-enjoying-vietnamese-meal-indoors-35271944/,danangtrip/locations/koko-green-kafe-63/loc-209__koko-green-kafe-63__p01,https://res.cloudinary.com/dmukxquza/image/upload/v1780559594/danangtrip/locations/koko-green-kafe-63/loc-209__koko-green-kafe-63__p01.jpg,https://www.openstreetmap.org/node/5947905986,downloaded,https://images.pexels.com/photos/35271944/pexels-photo-35271944.jpeg?auto=compress&cs=tinysrgb&h=350,uploaded,1780559594,1880
7f69126bc415c315b5c96f2391b5d2b1,322828,khach-san-homestay,danangtrip/locations/kon-tiki-hostel/loc-210__kon-tiki-hostel__p01,downloaded:322828,osm-node-12107623401,jpg,1240,https://images.pexels.com/photos/1207515/pexels-photo-1207515.jpeg?auto=compress&cs=tinysrgb&dpr=2&h=650&w=940,loc-210__kon-tiki-hostel__osm-node-12107623401__p01__pexels-1207515.jpg,D:\DATN\DATN_Tài liệu\data-center\media-assets\cloudinary-staging\locations\2026-06-04-overpass-published-inactive\originals\loc-210__kon-tiki-hostel__osm-node-12107623401__p01__pexels-1207515.jpg,210,Kon-Tiki Hostel,kon-tiki-hostel,inactive,1207515,1,Min An,https://www.pexels.com/@minan1398,pexels,https://www.pexels.com/photo/concrete-structures-next-to-each-other-1207515/,danangtrip/locations/kon-tiki-hostel/loc-210__kon-tiki-hostel__p01,https://res.cloudinary.com/dmukxquza/image/upload/v1780559596/danangtrip/locations/kon-tiki-hostel/loc-210__kon-tiki-hostel__p01.jpg,https://www.openstreetmap.org/node/12107623401,downloaded,https://images.pexels.com/photos/1207515/pexels-photo-1207515.jpeg?auto=compress&cs=tinysrgb&h=350,uploaded,1780559596,1880
65c2ff17dd65a002a0ffa288c0d40579,492934,khach-san-homestay,danangtrip/locations/la-belle-vie-hottel/loc-211__la-belle-vie-hottel__p01,downloaded:492934,osm-node-11391148269,jpg,1253,https://images.pexels.com/photos/6875472/pexels-photo-6875472.jpeg?auto=compress&cs=tinysrgb&dpr=2&h=650&w=940,loc-211__la-belle-vie-hottel__osm-node-11391148269__p01__pexels-6875472.jpg,D:\DATN\DATN_Tài liệu\data-center\media-assets\cloudinary-staging\locations\2026-06-04-overpass-published-inactive\originals\loc-211__la-belle-vie-hottel__osm-node-11391148269__p01__pexels-6875472.jpg,211,La Belle Vie Hottel,la-belle-vie-hottel,inactive,6875472,1,Quang Nguyen Vinh,https://www.pexels.com/@quang-nguyen-vinh-222549,pexels,https://www.pexels.com/photo/aerial-view-of-city-buildings-near-the-ocean-6875472/,danangtrip/locations/la-belle-vie-hottel/loc-211__la-belle-vie-hottel__p01,https://res.cloudinary.com/dmukxquza/image/upload/v1780559600/danangtrip/locations/la-belle-vie-hottel/loc-211__la-belle-vie-hottel__p01.jpg,https://www.openstreetmap.org/node/11391148269,downloaded,https://images.pexels.com/photos/6875472/pexels-photo-6875472.jpeg?auto=compress&cs=tinysrgb&h=350,uploaded,1780559600,1880
d4c57cd5fc04f5369c00b4eb961ced55,322828,khach-san-homestay,danangtrip/locations/la-cool-house-hostel/loc-212__la-cool-house-hostel__p01,downloaded:322828,osm-node-5607040127,jpg,1240,https://images.pexels.com/photos/1207515/pexels-photo-1207515.jpeg?auto=compress&cs=tinysrgb&dpr=2&h=650&w=940,loc-212__la-cool-house-hostel__osm-node-5607040127__p01__pexels-1207515.jpg,D:\DATN\DATN_Tài liệu\data-center\media-assets\cloudinary-staging\locations\2026-06-04-overpass-published-inactive\originals\loc-212__la-cool-house-hostel__osm-node-5607040127__p01__pexels-1207515.jpg,212,La COOL House Hostel,la-cool-house-hostel,inactive,1207515,1,Min An,https://www.pexels.com/@minan1398,pexels,https://www.pexels.com/photo/concrete-structures-next-to-each-other-1207515/,danangtrip/locations/la-cool-house-hostel/loc-212__la-cool-house-hostel__p01,https://res.cloudinary.com/dmukxquza/image/upload/v1780559603/danangtrip/locations/la-cool-house-hostel/loc-212__la-cool-house-hostel__p01.jpg,https://www.openstreetmap.org/node/5607040127,downloaded,https://images.pexels.com/photos/1207515/pexels-photo-1207515.jpeg?auto=compress&cs=tinysrgb&h=350,uploaded,1780559603,1880
516089639a14d98ca7d28dc8c75534ed,391871,am-thuc-dia-phuong,danangtrip/locations/la-luna/loc-213__la-luna__p01,downloaded:391871,osm-node-4150425790,jpg,1253,https://images.pexels.com/photos/32831392/pexels-photo-32831392.jpeg?auto=compress&cs=tinysrgb&dpr=2&h=650&w=940,loc-213__la-luna__osm-node-4150425790__p01__pexels-32831392.jpg,D:\DATN\DATN_Tài liệu\data-center\media-assets\cloudinary-staging\locations\2026-06-04-overpass-published-inactive\originals\loc-213__la-luna__osm-node-4150425790__p01__pexels-32831392.jpg,213,La Luna,la-luna,inactive,32831392,1,Tuan Vy,https://www.pexels.com/@tuan-vy-903011268,pexels,https://www.pexels.com/photo/street-view-of-vietnamese-restaurant-with-motorbikes-32831392/,danangtrip/locations/la-luna/loc-213__la-luna__p01,https://res.cloudinary.com/dmukxquza/image/upload/v1780559607/danangtrip/locations/la-luna/loc-213__la-luna__p01.jpg,https://www.openstreetmap.org/node/4150425790,downloaded,https://images.pexels.com/photos/32831392/pexels-photo-32831392.jpeg?auto=compress&cs=tinysrgb&h=350,uploaded,1780559607,1880
89e86a16308372873ddb4ed6e65e6978,391871,am-thuc-dia-phuong,danangtrip/locations/lam-vien-restaurant/loc-214__lam-vien-restaurant__p01,downloaded:391871,osm-node-5485445021,jpg,1253,https://images.pexels.com/photos/32831392/pexels-photo-32831392.jpeg?auto=compress&cs=tinysrgb&dpr=2&h=650&w=940,loc-214__lam-vien-restaurant__osm-node-5485445021__p01__pexels-32831392.jpg,D:\DATN\DATN_Tài liệu\data-center\media-assets\cloudinary-staging\locations\2026-06-04-overpass-published-inactive\originals\loc-214__lam-vien-restaurant__osm-node-5485445021__p01__pexels-32831392.jpg,214,Lam Vien Restaurant,lam-vien-restaurant,inactive,32831392,1,Tuan Vy,https://www.pexels.com/@tuan-vy-903011268,pexels,https://www.pexels.com/photo/street-view-of-vietnamese-restaurant-with-motorbikes-32831392/,danangtrip/locations/lam-vien-restaurant/loc-214__lam-vien-restaurant__p01,https://res.cloudinary.com/dmukxquza/image/upload/v1780559610/danangtrip/locations/lam-vien-restaurant/loc-214__lam-vien-restaurant__p01.jpg,https://www.openstreetmap.org/node/5485445021,downloaded,https://images.pexels.com/photos/32831392/pexels-photo-32831392.jpeg?auto=compress&cs=tinysrgb&h=350,uploaded,1780559610,1880
ab03ecdbfa287cde6a2f7d41abee2754,492934,khach-san-homestay,danangtrip/locations/lenid/loc-215__lenid__p01,downloaded:492934,osm-node-6544417147,jpg,1253,https://images.pexels.com/photos/6875472/pexels-photo-6875472.jpeg?auto=compress&cs=tinysrgb&dpr=2&h=650&w=940,loc-215__lenid__osm-node-6544417147__p01__pexels-6875472.jpg,D:\DATN\DATN_Tài liệu\data-center\media-assets\cloudinary-staging\locations\2026-06-04-overpass-published-inactive\originals\loc-215__lenid__osm-node-6544417147__p01__pexels-6875472.jpg,215,Lenid,lenid,inactive,6875472,1,Quang Nguyen Vinh,https://www.pexels.com/@quang-nguyen-vinh-222549,pexels,https://www.pexels.com/photo/aerial-view-of-city-buildings-near-the-ocean-6875472/,danangtrip/locations/lenid/loc-215__lenid__p01,https://res.cloudinary.com/dmukxquza/image/upload/v1780559614/danangtrip/locations/lenid/loc-215__lenid__p01.jpg,https://www.openstreetmap.org/node/6544417147,downloaded,https://images.pexels.com/photos/6875472/pexels-photo-6875472.jpeg?auto=compress&cs=tinysrgb&h=350,uploaded,1780559614,1880
8ea79e87bcaf66108816516988fdcd93,231592,check-in-noi-tieng,danangtrip/locations/linh-phong-bao-thap/loc-216__linh-phong-bao-thap__p01,downloaded:231592,osm-node-13687068650,jpg,1300,https://images.pexels.com/photos/37579161/pexels-photo-37579161.jpeg?auto=compress&cs=tinysrgb&dpr=2&h=650&w=940,loc-216__linh-phong-bao-thap__osm-node-13687068650__p01__pexels-37579161.jpg,D:\DATN\DATN_Tài liệu\data-center\media-assets\cloudinary-staging\locations\2026-06-04-overpass-published-inactive\originals\loc-216__linh-phong-bao-thap__osm-node-13687068650__p01__pexels-37579161.jpg,216,Linh Phong Bao Thap,linh-phong-bao-thap,inactive,37579161,1,lhthoai,https://www.pexels.com/@lhthoai-2151363723,pexels,https://www.pexels.com/photo/scenic-view-of-linh-ung-pagoda-and-ocean-37579161/,danangtrip/locations/linh-phong-bao-thap/loc-216__linh-phong-bao-thap__p01,https://res.cloudinary.com/dmukxquza/image/upload/v1780559617/danangtrip/locations/linh-phong-bao-thap/loc-216__linh-phong-bao-thap__p01.jpg,https://www.openstreetmap.org/node/13687068650,downloaded,https://images.pexels.com/photos/37579161/pexels-photo-37579161.jpeg?auto=compress&cs=tinysrgb&h=350,uploaded,1780559617,1734
5411f52371fc1b311c43efbff923ecbb,286494,khach-san-homestay,danangtrip/locations/lu-peaceful-homestay/loc-217__lu-peaceful-homestay__p01,downloaded:286494,osm-node-11889083769,jpg,1253,https://images.pexels.com/photos/27630279/pexels-photo-27630279.jpeg?auto=compress&cs=tinysrgb&dpr=2&h=650&w=940,loc-217__lu-peaceful-homestay__osm-node-11889083769__p01__pexels-27630279.jpg,D:\DATN\DATN_Tài liệu\data-center\media-assets\cloudinary-staging\locations\2026-06-04-overpass-published-inactive\originals\loc-217__lu-peaceful-homestay__osm-node-11889083769__p01__pexels-27630279.jpg,217,Lu peaceful homestay,lu-peaceful-homestay,inactive,27630279,1,Duc Nguyen,https://www.pexels.com/@duc-nguyen-400576574,pexels,https://www.pexels.com/photo/a-woman-sitting-in-a-round-window-in-a-small-house-27630279/,danangtrip/locations/lu-peaceful-homestay/loc-217__lu-peaceful-homestay__p01,https://res.cloudinary.com/dmukxquza/image/upload/v1780559619/danangtrip/locations/lu-peaceful-homestay/loc-217__lu-peaceful-homestay__p01.jpg,https://www.openstreetmap.org/node/11889083769,downloaded,https://images.pexels.com/photos/27630279/pexels-photo-27630279.jpeg?auto=compress&cs=tinysrgb&h=350,uploaded,1780559619,1880
6e2499d46482cc42b9243876c3096520,492934,khach-san-homestay,danangtrip/locations/luxtery/loc-218__luxtery__p01,downloaded:492934,osm-node-6544417154,jpg,1253,https://images.pexels.com/photos/6875472/pexels-photo-6875472.jpeg?auto=compress&cs=tinysrgb&dpr=2&h=650&w=940,loc-218__luxtery__osm-node-6544417154__p01__pexels-6875472.jpg,D:\DATN\DATN_Tài liệu\data-center\media-assets\cloudinary-staging\locations\2026-06-04-overpass-published-inactive\originals\loc-218__luxtery__osm-node-6544417154__p01__pexels-6875472.jpg,218,Luxtery,luxtery,inactive,6875472,1,Quang Nguyen Vinh,https://www.pexels.com/@quang-nguyen-vinh-222549,pexels,https://www.pexels.com/photo/aerial-view-of-city-buildings-near-the-ocean-6875472/,danangtrip/locations/luxtery/loc-218__luxtery__p01,https://res.cloudinary.com/dmukxquza/image/upload/v1780559622/danangtrip/locations/luxtery/loc-218__luxtery__p01.jpg,https://www.openstreetmap.org/node/6544417154,downloaded,https://images.pexels.com/photos/6875472/pexels-photo-6875472.jpeg?auto=compress&cs=tinysrgb&h=350,uploaded,1780559622,1880
1b1f261e6781aabd964237646dfcb5be,391871,am-thuc-dia-phuong,danangtrip/locations/mama-hotpot/loc-219__mama-hotpot__p01,downloaded:391871,osm-node-5696687927,jpg,1253,https://images.pexels.com/photos/32831392/pexels-photo-32831392.jpeg?auto=compress&cs=tinysrgb&dpr=2&h=650&w=940,loc-219__mama-hotpot__osm-node-5696687927__p01__pexels-32831392.jpg,D:\DATN\DATN_Tài liệu\data-center\media-assets\cloudinary-staging\locations\2026-06-04-overpass-published-inactive\originals\loc-219__mama-hotpot__osm-node-5696687927__p01__pexels-32831392.jpg,219,Mama Hotpot,mama-hotpot,inactive,32831392,1,Tuan Vy,https://www.pexels.com/@tuan-vy-903011268,pexels,https://www.pexels.com/photo/street-view-of-vietnamese-restaurant-with-motorbikes-32831392/,danangtrip/locations/mama-hotpot/loc-219__mama-hotpot__p01,https://res.cloudinary.com/dmukxquza/image/upload/v1780559625/danangtrip/locations/mama-hotpot/loc-219__mama-hotpot__p01.jpg,https://www.openstreetmap.org/node/5696687927,downloaded,https://images.pexels.com/photos/32831392/pexels-photo-32831392.jpeg?auto=compress&cs=tinysrgb&h=350,uploaded,1780559625,1880
baa0040a26ac726263dd817f72fd61d2,492934,khach-san-homestay,danangtrip/locations/mari-gold/loc-220__mari-gold__p01,downloaded:492934,osm-node-6544492198,jpg,1253,https://images.pexels.com/photos/6875472/pexels-photo-6875472.jpeg?auto=compress&cs=tinysrgb&dpr=2&h=650&w=940,loc-220__mari-gold__osm-node-6544492198__p01__pexels-6875472.jpg,D:\DATN\DATN_Tài liệu\data-center\media-assets\cloudinary-staging\locations\2026-06-04-overpass-published-inactive\originals\loc-220__mari-gold__osm-node-6544492198__p01__pexels-6875472.jpg,220,Mari Gold,mari-gold,inactive,6875472,1,Quang Nguyen Vinh,https://www.pexels.com/@quang-nguyen-vinh-222549,pexels,https://www.pexels.com/photo/aerial-view-of-city-buildings-near-the-ocean-6875472/,danangtrip/locations/mari-gold/loc-220__mari-gold__p01,https://res.cloudinary.com/dmukxquza/image/upload/v1780559628/danangtrip/locations/mari-gold/loc-220__mari-gold__p01.jpg,https://www.openstreetmap.org/node/6544492198,downloaded,https://images.pexels.com/photos/6875472/pexels-photo-6875472.jpeg?auto=compress&cs=tinysrgb&h=350,uploaded,1780559628,1880
bba4e839a566fcd4d636e1be27b99038,240025,am-thuc-dia-phuong,danangtrip/locations/memory-lounge/loc-221__memory-lounge__p01,downloaded:240025,osm-node-5429221882,jpg,1253,https://images.pexels.com/photos/35271944/pexels-photo-35271944.jpeg?auto=compress&cs=tinysrgb&dpr=2&h=650&w=940,loc-221__memory-lounge__osm-node-5429221882__p01__pexels-35271944.jpg,D:\DATN\DATN_Tài liệu\data-center\media-assets\cloudinary-staging\locations\2026-06-04-overpass-published-inactive\originals\loc-221__memory-lounge__osm-node-5429221882__p01__pexels-35271944.jpg,221,Memory Lounge,memory-lounge,inactive,35271944,1,Nha van,https://www.pexels.com/@nhavan,pexels,https://www.pexels.com/photo/young-woman-enjoying-vietnamese-meal-indoors-35271944/,danangtrip/locations/memory-lounge/loc-221__memory-lounge__p01,https://res.cloudinary.com/dmukxquza/image/upload/v1780559630/danangtrip/locations/memory-lounge/loc-221__memory-lounge__p01.jpg,https://www.openstreetmap.org/node/5429221882,downloaded,https://images.pexels.com/photos/35271944/pexels-photo-35271944.jpeg?auto=compress&cs=tinysrgb&h=350,uploaded,1780559630,1880
87261959e59a2b9ba01b3716a8f73732,492934,khach-san-homestay,danangtrip/locations/mercure-hotels/loc-222__mercure-hotels__p01,downloaded:492934,osm-node-4401223296,jpg,1253,https://images.pexels.com/photos/6875472/pexels-photo-6875472.jpeg?auto=compress&cs=tinysrgb&dpr=2&h=650&w=940,loc-222__mercure-hotels__osm-node-4401223296__p01__pexels-6875472.jpg,D:\DATN\DATN_Tài liệu\data-center\media-assets\cloudinary-staging\locations\2026-06-04-overpass-published-inactive\originals\loc-222__mercure-hotels__osm-node-4401223296__p01__pexels-6875472.jpg,222,Mercure Hotels,mercure-hotels,inactive,6875472,1,Quang Nguyen Vinh,https://www.pexels.com/@quang-nguyen-vinh-222549,pexels,https://www.pexels.com/photo/aerial-view-of-city-buildings-near-the-ocean-6875472/,danangtrip/locations/mercure-hotels/loc-222__mercure-hotels__p01,https://res.cloudinary.com/dmukxquza/image/upload/v1780559633/danangtrip/locations/mercure-hotels/loc-222__mercure-hotels__p01.jpg,https://www.openstreetmap.org/node/4401223296,downloaded,https://images.pexels.com/photos/6875472/pexels-photo-6875472.jpeg?auto=compress&cs=tinysrgb&h=350,uploaded,1780559633,1880
6763fb0060aefc3c980df2987298370e,375366,am-thuc-dia-phuong,danangtrip/locations/mi-quang-1a/loc-223__mi-quang-1a__p01,downloaded:375366,osm-node-4430077491,jpg,1253,https://images.pexels.com/photos/33022451/pexels-photo-33022451.jpeg?auto=compress&cs=tinysrgb&dpr=2&h=650&w=940,loc-223__mi-quang-1a__osm-node-4430077491__p01__pexels-33022451.jpg,D:\DATN\DATN_Tài liệu\data-center\media-assets\cloudinary-staging\locations\2026-06-04-overpass-published-inactive\originals\loc-223__mi-quang-1a__osm-node-4430077491__p01__pexels-33022451.jpg,223,Mi Quang 1A,mi-quang-1a,inactive,33022451,1,LUC PH@M,https://www.pexels.com/@peterpham,pexels,https://www.pexels.com/photo/delicious-mi-quang-noodles-in-hoi-an-33022451/,danangtrip/locations/mi-quang-1a/loc-223__mi-quang-1a__p01,https://res.cloudinary.com/dmukxquza/image/upload/v1780559636/danangtrip/locations/mi-quang-1a/loc-223__mi-quang-1a__p01.jpg,https://www.openstreetmap.org/node/4430077491,downloaded,https://images.pexels.com/photos/33022451/pexels-photo-33022451.jpeg?auto=compress&cs=tinysrgb&h=350,uploaded,1780559636,1880
07389c564b2e1fff9aefb02b5471eae2,375366,am-thuc-dia-phuong,danangtrip/locations/mi-quang-ech/loc-224__mi-quang-ech__p01,downloaded:375366,osm-node-5116302323,jpg,1253,https://images.pexels.com/photos/33022451/pexels-photo-33022451.jpeg?auto=compress&cs=tinysrgb&dpr=2&h=650&w=940,loc-224__mi-quang-ech__osm-node-5116302323__p01__pexels-33022451.jpg,D:\DATN\DATN_Tài liệu\data-center\media-assets\cloudinary-staging\locations\2026-06-04-overpass-published-inactive\originals\loc-224__mi-quang-ech__osm-node-5116302323__p01__pexels-33022451.jpg,224,Mi Quang Ech,mi-quang-ech,inactive,33022451,1,LUC PH@M,https://www.pexels.com/@peterpham,pexels,https://www.pexels.com/photo/delicious-mi-quang-noodles-in-hoi-an-33022451/,danangtrip/locations/mi-quang-ech/loc-224__mi-quang-ech__p01,https://res.cloudinary.com/dmukxquza/image/upload/v1780559639/danangtrip/locations/mi-quang-ech/loc-224__mi-quang-ech__p01.jpg,https://www.openstreetmap.org/node/5116302323,downloaded,https://images.pexels.com/photos/33022451/pexels-photo-33022451.jpeg?auto=compress&cs=tinysrgb&h=350,uploaded,1780559639,1880
8580c50cc1b29a573a81614c79af99ae,228923,am-thuc-dia-phuong,danangtrip/locations/monsieur-crepes/loc-225__monsieur-crepes__p01,downloaded:228923,osm-node-6109158033,jpg,1251,https://images.pexels.com/photos/36731635/pexels-photo-36731635.jpeg?auto=compress&cs=tinysrgb&dpr=2&h=650&w=940,loc-225__monsieur-crepes__osm-node-6109158033__p01__pexels-36731635.jpg,D:\DATN\DATN_Tài liệu\data-center\media-assets\cloudinary-staging\locations\2026-06-04-overpass-published-inactive\originals\loc-225__monsieur-crepes__osm-node-6109158033__p01__pexels-36731635.jpg,225,Monsieur Crepes,monsieur-crepes,inactive,36731635,1,TUAN PHAN,https://www.pexels.com/@tuan-phan-2156993475,pexels,https://www.pexels.com/photo/street-vendor-preparing-pancakes-at-night-in-h-i-an-36731635/,danangtrip/locations/monsieur-crepes/loc-225__monsieur-crepes__p01,https://res.cloudinary.com/dmukxquza/image/upload/v1780559641/danangtrip/locations/monsieur-crepes/loc-225__monsieur-crepes__p01.jpg,https://www.openstreetmap.org/node/6109158033,downloaded,https://images.pexels.com/photos/36731635/pexels-photo-36731635.jpeg?auto=compress&cs=tinysrgb&h=350,uploaded,1780559641,1880
c88df096c735afb86f95b5f8866135b4,391871,am-thuc-dia-phuong,danangtrip/locations/mumtaz/loc-226__mumtaz__p01,downloaded:391871,osm-node-6133794785,jpg,1253,https://images.pexels.com/photos/32831392/pexels-photo-32831392.jpeg?auto=compress&cs=tinysrgb&dpr=2&h=650&w=940,loc-226__mumtaz__osm-node-6133794785__p01__pexels-32831392.jpg,D:\DATN\DATN_Tài liệu\data-center\media-assets\cloudinary-staging\locations\2026-06-04-overpass-published-inactive\originals\loc-226__mumtaz__osm-node-6133794785__p01__pexels-32831392.jpg,226,Mumtaz,mumtaz,inactive,32831392,1,Tuan Vy,https://www.pexels.com/@tuan-vy-903011268,pexels,https://www.pexels.com/photo/street-view-of-vietnamese-restaurant-with-motorbikes-32831392/,danangtrip/locations/mumtaz/loc-226__mumtaz__p01,https://res.cloudinary.com/dmukxquza/image/upload/v1780559644/danangtrip/locations/mumtaz/loc-226__mumtaz__p01.jpg,https://www.openstreetmap.org/node/6133794785,downloaded,https://images.pexels.com/photos/32831392/pexels-photo-32831392.jpeg?auto=compress&cs=tinysrgb&h=350,uploaded,1780559644,1880
20abbe3de4daf068b1df12daa3a5bfa3,448711,cong-vien-vuon-hoa,danangtrip/locations/my-khe-beach-park/loc-227__my-khe-beach-park__p01,downloaded:448711,osm-way-780440810,jpg,1254,https://images.pexels.com/photos/14021725/pexels-photo-14021725.jpeg?auto=compress&cs=tinysrgb&dpr=2&h=650&w=940,loc-227__my-khe-beach-park__osm-way-780440810__p01__pexels-14021725.jpg,D:\DATN\DATN_Tài liệu\data-center\media-assets\cloudinary-staging\locations\2026-06-04-overpass-published-inactive\originals\loc-227__my-khe-beach-park__osm-way-780440810__p01__pexels-14021725.jpg,227,My Khe Beach Park,my-khe-beach-park,inactive,14021725,1,Quang Nguyen Vinh,https://www.pexels.com/@quang-nguyen-vinh-222549,pexels,https://www.pexels.com/photo/people-standing-near-the-apec-park-14021725/,danangtrip/locations/my-khe-beach-park/loc-227__my-khe-beach-park__p01,https://res.cloudinary.com/dmukxquza/image/upload/v1780559647/danangtrip/locations/my-khe-beach-park/loc-227__my-khe-beach-park__p01.jpg,https://www.openstreetmap.org/way/780440810,downloaded,https://images.pexels.com/photos/14021725/pexels-photo-14021725.jpeg?auto=compress&cs=tinysrgb&h=350,uploaded,1780559647,1880
a2182230383f2dad6d93772601c5989b,286494,khach-san-homestay,danangtrip/locations/my-little-pig-homestay/loc-228__my-little-pig-homestay__p01,downloaded:286494,osm-node-8446244502,jpg,1253,https://images.pexels.com/photos/27630279/pexels-photo-27630279.jpeg?auto=compress&cs=tinysrgb&dpr=2&h=650&w=940,loc-228__my-little-pig-homestay__osm-node-8446244502__p01__pexels-27630279.jpg,D:\DATN\DATN_Tài liệu\data-center\media-assets\cloudinary-staging\locations\2026-06-04-overpass-published-inactive\originals\loc-228__my-little-pig-homestay__osm-node-8446244502__p01__pexels-27630279.jpg,228,My Little Pig Homestay,my-little-pig-homestay,inactive,27630279,1,Duc Nguyen,https://www.pexels.com/@duc-nguyen-400576574,pexels,https://www.pexels.com/photo/a-woman-sitting-in-a-round-window-in-a-small-house-27630279/,danangtrip/locations/my-little-pig-homestay/loc-228__my-little-pig-homestay__p01,https://res.cloudinary.com/dmukxquza/image/upload/v1780559650/danangtrip/locations/my-little-pig-homestay/loc-228__my-little-pig-homestay__p01.jpg,https://www.openstreetmap.org/node/8446244502,downloaded,https://images.pexels.com/photos/27630279/pexels-photo-27630279.jpeg?auto=compress&cs=tinysrgb&h=350,uploaded,1780559650,1880
78777351f15e73795341223667803a77,501538,khach-san-homestay,danangtrip/locations/new-life-hotel/loc-229__new-life-hotel__p01,downloaded:501538,osm-node-6530479393,jpg,1253,https://images.pexels.com/photos/5273872/pexels-photo-5273872.jpeg?auto=compress&cs=tinysrgb&dpr=2&h=650&w=940,loc-229__new-life-hotel__osm-node-6530479393__p01__pexels-5273872.jpg,D:\DATN\DATN_Tài liệu\data-center\media-assets\cloudinary-staging\locations\2026-06-04-overpass-published-inactive\originals\loc-229__new-life-hotel__osm-node-6530479393__p01__pexels-5273872.jpg,229,New Life Hotel,new-life-hotel,inactive,5273872,1,Thanh Do,https://www.pexels.com/@dothanhyb,pexels,https://www.pexels.com/photo/nha-khach-hao-gia-hotel-5273872/,danangtrip/locations/new-life-hotel/loc-229__new-life-hotel__p01,https://res.cloudinary.com/dmukxquza/image/upload/v1780559653/danangtrip/locations/new-life-hotel/loc-229__new-life-hotel__p01.jpg,https://www.openstreetmap.org/node/6530479393,downloaded,https://images.pexels.com/photos/5273872/pexels-photo-5273872.jpeg?auto=compress&cs=tinysrgb&h=350,uploaded,1780559653,1880
58163fa17a80660fad58fb1df27e7cd1,426819,check-in-noi-tieng,danangtrip/locations/ngu-hanh-son/loc-230__ngu-hanh-son__p01,downloaded:426819,osm-relation-8552348,jpg,1300,https://images.pexels.com/photos/15747058/pexels-photo-15747058.jpeg?auto=compress&cs=tinysrgb&dpr=2&h=650&w=940,loc-230__ngu-hanh-son__osm-relation-8552348__p01__pexels-15747058.jpg,D:\DATN\DATN_Tài liệu\data-center\media-assets\cloudinary-staging\locations\2026-06-04-overpass-published-inactive\originals\loc-230__ngu-hanh-son__osm-relation-8552348__p01__pexels-15747058.jpg,230,Ngu Hanh Son,ngu-hanh-son,inactive,15747058,1,Vincent Liew,https://www.pexels.com/@vincent-liew-471586480,pexels,https://www.pexels.com/photo/view-from-the-marble-mountains-da-nang-vietnam-15747058/,danangtrip/locations/ngu-hanh-son/loc-230__ngu-hanh-son__p01,https://res.cloudinary.com/dmukxquza/image/upload/v1780559656/danangtrip/locations/ngu-hanh-son/loc-230__ngu-hanh-son__p01.jpg,https://www.openstreetmap.org/relation/8552348,downloaded,https://images.pexels.com/photos/15747058/pexels-photo-15747058.jpeg?auto=compress&cs=tinysrgb&h=350,uploaded,1780559656,1733
92154a05481e6e9cf1ea32b80d3574e9,306213,bao-tang-di-tich,danangtrip/locations/nha-bia/loc-231__nha-bia__p01,downloaded:306213,osm-node-13846529850,jpg,1253,https://images.pexels.com/photos/4160742/pexels-photo-4160742.jpeg?auto=compress&cs=tinysrgb&dpr=2&h=650&w=940,loc-231__nha-bia__osm-node-13846529850__p01__pexels-4160742.jpg,D:\DATN\DATN_Tài liệu\data-center\media-assets\cloudinary-staging\locations\2026-06-04-overpass-published-inactive\originals\loc-231__nha-bia__osm-node-13846529850__p01__pexels-4160742.jpg,231,Nha Bia,nha-bia,inactive,4160742,1,HONG SON,https://www.pexels.com/@hson,pexels,https://www.pexels.com/photo/young-happy-woman-resting-near-entrance-of-modern-building-4160742/,danangtrip/locations/nha-bia/loc-231__nha-bia__p01,https://res.cloudinary.com/dmukxquza/image/upload/v1780559659/danangtrip/locations/nha-bia/loc-231__nha-bia__p01.jpg,https://www.openstreetmap.org/node/13846529850,downloaded,https://images.pexels.com/photos/4160742/pexels-photo-4160742.jpeg?auto=compress&cs=tinysrgb&h=350,uploaded,1780559659,1880
a79c7e25779662e330676fed7d81b049,501538,khach-san-homestay,danangtrip/locations/nha-chung-homestay/loc-232__nha-chung-homestay__p01,downloaded:501538,osm-node-6654699997,jpg,1253,https://images.pexels.com/photos/5273872/pexels-photo-5273872.jpeg?auto=compress&cs=tinysrgb&dpr=2&h=650&w=940,loc-232__nha-chung-homestay__osm-node-6654699997__p01__pexels-5273872.jpg,D:\DATN\DATN_Tài liệu\data-center\media-assets\cloudinary-staging\locations\2026-06-04-overpass-published-inactive\originals\loc-232__nha-chung-homestay__osm-node-6654699997__p01__pexels-5273872.jpg,232,Nha Chung Homestay,nha-chung-homestay,inactive,5273872,1,Thanh Do,https://www.pexels.com/@dothanhyb,pexels,https://www.pexels.com/photo/nha-khach-hao-gia-hotel-5273872/,danangtrip/locations/nha-chung-homestay/loc-232__nha-chung-homestay__p01,https://res.cloudinary.com/dmukxquza/image/upload/v1780559662/danangtrip/locations/nha-chung-homestay/loc-232__nha-chung-homestay__p01.jpg,https://www.openstreetmap.org/node/6654699997,downloaded,https://images.pexels.com/photos/5273872/pexels-photo-5273872.jpeg?auto=compress&cs=tinysrgb&h=350,uploaded,1780559662,1880
997ad839f19f32e6c45ef2e12cb88aa5,391871,am-thuc-dia-phuong,danangtrip/locations/nha-hang-chay/loc-233__nha-hang-chay__p01,downloaded:391871,osm-node-5796473953,jpg,1253,https://images.pexels.com/photos/32831392/pexels-photo-32831392.jpeg?auto=compress&cs=tinysrgb&dpr=2&h=650&w=940,loc-233__nha-hang-chay__osm-node-5796473953__p01__pexels-32831392.jpg,D:\DATN\DATN_Tài liệu\data-center\media-assets\cloudinary-staging\locations\2026-06-04-overpass-published-inactive\originals\loc-233__nha-hang-chay__osm-node-5796473953__p01__pexels-32831392.jpg,233,Nha hang Chay,nha-hang-chay,inactive,32831392,1,Tuan Vy,https://www.pexels.com/@tuan-vy-903011268,pexels,https://www.pexels.com/photo/street-view-of-vietnamese-restaurant-with-motorbikes-32831392/,danangtrip/locations/nha-hang-chay/loc-233__nha-hang-chay__p01,https://res.cloudinary.com/dmukxquza/image/upload/v1780559665/danangtrip/locations/nha-hang-chay/loc-233__nha-hang-chay__p01.jpg,https://www.openstreetmap.org/node/5796473953,downloaded,https://images.pexels.com/photos/32831392/pexels-photo-32831392.jpeg?auto=compress&cs=tinysrgb&h=350,uploaded,1780559665,1880
2e2c14fa797a46f252118b20a279f487,391871,am-thuc-dia-phuong,danangtrip/locations/nha-hang-chay-hoa-sen-vegetarian-restaurant/loc-234__nha-hang-chay-hoa-sen-vegetarian-restaurant__p01,downloaded:391871,osm-node-5978084714,jpg,1253,https://images.pexels.com/photos/32831392/pexels-photo-32831392.jpeg?auto=compress&cs=tinysrgb&dpr=2&h=650&w=940,loc-234__nha-hang-chay-hoa-sen-vegetarian-restaurant__osm-node-5978084714__p01__pexels-32831392.jpg,D:\DATN\DATN_Tài liệu\data-center\media-assets\cloudinary-staging\locations\2026-06-04-overpass-published-inactive\originals\loc-234__nha-hang-chay-hoa-sen-vegetarian-restaurant__osm-node-5978084714__p01__pexels-32831392.jpg,234,Nha Hang Chay Hoa Sen - Vegetarian Restaurant,nha-hang-chay-hoa-sen-vegetarian-restaurant,inactive,32831392,1,Tuan Vy,https://www.pexels.com/@tuan-vy-903011268,pexels,https://www.pexels.com/photo/street-view-of-vietnamese-restaurant-with-motorbikes-32831392/,danangtrip/locations/nha-hang-chay-hoa-sen-vegetarian-restaurant/loc-234__nha-hang-chay-hoa-sen-vegetarian-restaurant__p01,https://res.cloudinary.com/dmukxquza/image/upload/v1780559667/danangtrip/locations/nha-hang-chay-hoa-sen-vegetarian-restaurant/loc-234__nha-hang-chay-hoa-sen-vegetarian-restaurant__p01.jpg,https://www.openstreetmap.org/node/5978084714,downloaded,https://images.pexels.com/photos/32831392/pexels-photo-32831392.jpeg?auto=compress&cs=tinysrgb&h=350,uploaded,1780559667,1880
61d9fd8e37f7fb05b562f74ad4b34f5b,240025,am-thuc-dia-phuong,danangtrip/locations/nha-hang-hai-san-be-anh/loc-235__nha-hang-hai-san-be-anh__p01,downloaded:240025,osm-node-5485483822,jpg,1253,https://images.pexels.com/photos/35271944/pexels-photo-35271944.jpeg?auto=compress&cs=tinysrgb&dpr=2&h=650&w=940,loc-235__nha-hang-hai-san-be-anh__osm-node-5485483822__p01__pexels-35271944.jpg,D:\DATN\DATN_Tài liệu\data-center\media-assets\cloudinary-staging\locations\2026-06-04-overpass-published-inactive\originals\loc-235__nha-hang-hai-san-be-anh__osm-node-5485483822__p01__pexels-35271944.jpg,235,Nha hang hai san Be Anh,nha-hang-hai-san-be-anh,inactive,35271944,1,Nha van,https://www.pexels.com/@nhavan,pexels,https://www.pexels.com/photo/young-woman-enjoying-vietnamese-meal-indoors-35271944/,danangtrip/locations/nha-hang-hai-san-be-anh/loc-235__nha-hang-hai-san-be-anh__p01,https://res.cloudinary.com/dmukxquza/image/upload/v1780559670/danangtrip/locations/nha-hang-hai-san-be-anh/loc-235__nha-hang-hai-san-be-anh__p01.jpg,https://www.openstreetmap.org/node/5485483822,downloaded,https://images.pexels.com/photos/35271944/pexels-photo-35271944.jpeg?auto=compress&cs=tinysrgb&h=350,uploaded,1780559670,1880
0408f360093c3eae63de1fc2625a64bd,240025,am-thuc-dia-phuong,danangtrip/locations/nha-hang-hancook/loc-236__nha-hang-hancook__p01,downloaded:240025,osm-node-4464451390,jpg,1253,https://images.pexels.com/photos/35271944/pexels-photo-35271944.jpeg?auto=compress&cs=tinysrgb&dpr=2&h=650&w=940,loc-236__nha-hang-hancook__osm-node-4464451390__p01__pexels-35271944.jpg,D:\DATN\DATN_Tài liệu\data-center\media-assets\cloudinary-staging\locations\2026-06-04-overpass-published-inactive\originals\loc-236__nha-hang-hancook__osm-node-4464451390__p01__pexels-35271944.jpg,236,Nha hang HanCook,nha-hang-hancook,inactive,35271944,1,Nha van,https://www.pexels.com/@nhavan,pexels,https://www.pexels.com/photo/young-woman-enjoying-vietnamese-meal-indoors-35271944/,danangtrip/locations/nha-hang-hancook/loc-236__nha-hang-hancook__p01,https://res.cloudinary.com/dmukxquza/image/upload/v1780559673/danangtrip/locations/nha-hang-hancook/loc-236__nha-hang-hancook__p01.jpg,https://www.openstreetmap.org/node/4464451390,downloaded,https://images.pexels.com/photos/35271944/pexels-photo-35271944.jpeg?auto=compress&cs=tinysrgb&h=350,uploaded,1780559673,1880
0408f360093c3eae63de1fc2625a64bd,240025,am-thuc-dia-phuong,danangtrip/locations/nha-hang-hancook/loc-236__nha-hang-hancook__p01,downloaded:240025,osm-node-4339674598,jpg,1253,https://images.pexels.com/photos/35271944/pexels-photo-35271944.jpeg?auto=compress&cs=tinysrgb&dpr=2&h=650&w=940,loc-236__nha-hang-hancook__osm-node-4339674598__p01__pexels-35271944.jpg,D:\DATN\DATN_Tài liệu\data-center\media-assets\cloudinary-staging\locations\2026-06-04-overpass-published-inactive\originals\loc-236__nha-hang-hancook__osm-node-4339674598__p01__pexels-35271944.jpg,236,Nha hang HanCook,nha-hang-hancook,inactive,35271944,1,Nha van,https://www.pexels.com/@nhavan,pexels,https://www.pexels.com/photo/young-woman-enjoying-vietnamese-meal-indoors-35271944/,danangtrip/locations/nha-hang-hancook/loc-236__nha-hang-hancook__p01,https://res.cloudinary.com/dmukxquza/image/upload/v1780559673/danangtrip/locations/nha-hang-hancook/loc-236__nha-hang-hancook__p01.jpg,https://www.openstreetmap.org/node/4339674598,downloaded,https://images.pexels.com/photos/35271944/pexels-photo-35271944.jpeg?auto=compress&cs=tinysrgb&h=350,uploaded,1780559673,1880
0408f360093c3eae63de1fc2625a64bd,240025,am-thuc-dia-phuong,danangtrip/locations/nha-hang-hancook/loc-236__nha-hang-hancook__p01,downloaded:240025,osm-node-4464451389,jpg,1253,https://images.pexels.com/photos/35271944/pexels-photo-35271944.jpeg?auto=compress&cs=tinysrgb&dpr=2&h=650&w=940,loc-236__nha-hang-hancook__osm-node-4464451389__p01__pexels-35271944.jpg,D:\DATN\DATN_Tài liệu\data-center\media-assets\cloudinary-staging\locations\2026-06-04-overpass-published-inactive\originals\loc-236__nha-hang-hancook__osm-node-4464451389__p01__pexels-35271944.jpg,236,Nha hang HanCook,nha-hang-hancook,inactive,35271944,1,Nha van,https://www.pexels.com/@nhavan,pexels,https://www.pexels.com/photo/young-woman-enjoying-vietnamese-meal-indoors-35271944/,danangtrip/locations/nha-hang-hancook/loc-236__nha-hang-hancook__p01,https://res.cloudinary.com/dmukxquza/image/upload/v1780559673/danangtrip/locations/nha-hang-hancook/loc-236__nha-hang-hancook__p01.jpg,https://www.openstreetmap.org/node/4464451389,downloaded,https://images.pexels.com/photos/35271944/pexels-photo-35271944.jpeg?auto=compress&cs=tinysrgb&h=350,uploaded,1780559673,1880
547935ebee97224f065359bae9ff4506,501538,khach-san-homestay,danangtrip/locations/nha-tro-dinh-quoc-vuong/loc-239__nha-tro-dinh-quoc-vuong__p01,downloaded:501538,osm-node-3489018330,jpg,1253,https://images.pexels.com/photos/5273872/pexels-photo-5273872.jpeg?auto=compress&cs=tinysrgb&dpr=2&h=650&w=940,loc-239__nha-tro-dinh-quoc-vuong__osm-node-3489018330__p01__pexels-5273872.jpg,D:\DATN\DATN_Tài liệu\data-center\media-assets\cloudinary-staging\locations\2026-06-04-overpass-published-inactive\originals\loc-239__nha-tro-dinh-quoc-vuong__osm-node-3489018330__p01__pexels-5273872.jpg,239,Nha tro Dinh Quoc Vuong,nha-tro-dinh-quoc-vuong,inactive,5273872,1,Thanh Do,https://www.pexels.com/@dothanhyb,pexels,https://www.pexels.com/photo/nha-khach-hao-gia-hotel-5273872/,danangtrip/locations/nha-tro-dinh-quoc-vuong/loc-239__nha-tro-dinh-quoc-vuong__p01,https://res.cloudinary.com/dmukxquza/image/upload/v1780559681/danangtrip/locations/nha-tro-dinh-quoc-vuong/loc-239__nha-tro-dinh-quoc-vuong__p01.jpg,https://www.openstreetmap.org/node/3489018330,downloaded,https://images.pexels.com/photos/5273872/pexels-photo-5273872.jpeg?auto=compress&cs=tinysrgb&h=350,uploaded,1780559681,1880
30f5bdf1fe9b82555b859e272f58401c,501538,khach-san-homestay,danangtrip/locations/nha-tro-duong-thi-tanh/loc-240__nha-tro-duong-thi-tanh__p01,downloaded:501538,osm-node-3478891526,jpg,1253,https://images.pexels.com/photos/5273872/pexels-photo-5273872.jpeg?auto=compress&cs=tinysrgb&dpr=2&h=650&w=940,loc-240__nha-tro-duong-thi-tanh__osm-node-3478891526__p01__pexels-5273872.jpg,D:\DATN\DATN_Tài liệu\data-center\media-assets\cloudinary-staging\locations\2026-06-04-overpass-published-inactive\originals\loc-240__nha-tro-duong-thi-tanh__osm-node-3478891526__p01__pexels-5273872.jpg,240,Nha tro DUong Thi Tanh,nha-tro-duong-thi-tanh,inactive,5273872,1,Thanh Do,https://www.pexels.com/@dothanhyb,pexels,https://www.pexels.com/photo/nha-khach-hao-gia-hotel-5273872/,danangtrip/locations/nha-tro-duong-thi-tanh/loc-240__nha-tro-duong-thi-tanh__p01,https://res.cloudinary.com/dmukxquza/image/upload/v1780559684/danangtrip/locations/nha-tro-duong-thi-tanh/loc-240__nha-tro-duong-thi-tanh__p01.jpg,https://www.openstreetmap.org/node/3478891526,downloaded,https://images.pexels.com/photos/5273872/pexels-photo-5273872.jpeg?auto=compress&cs=tinysrgb&h=350,uploaded,1780559684,1880
4ef90e558de85e01386de3f3b9dee80d,501538,khach-san-homestay,danangtrip/locations/nha-tro-hoang-van-sinh/loc-241__nha-tro-hoang-van-sinh__p01,downloaded:501538,osm-node-3489018328,jpg,1253,https://images.pexels.com/photos/5273872/pexels-photo-5273872.jpeg?auto=compress&cs=tinysrgb&dpr=2&h=650&w=940,loc-241__nha-tro-hoang-van-sinh__osm-node-3489018328__p01__pexels-5273872.jpg,D:\DATN\DATN_Tài liệu\data-center\media-assets\cloudinary-staging\locations\2026-06-04-overpass-published-inactive\originals\loc-241__nha-tro-hoang-van-sinh__osm-node-3489018328__p01__pexels-5273872.jpg,241,Nha tro Hoang Van Sinh,nha-tro-hoang-van-sinh,inactive,5273872,1,Thanh Do,https://www.pexels.com/@dothanhyb,pexels,https://www.pexels.com/photo/nha-khach-hao-gia-hotel-5273872/,danangtrip/locations/nha-tro-hoang-van-sinh/loc-241__nha-tro-hoang-van-sinh__p01,https://res.cloudinary.com/dmukxquza/image/upload/v1780559687/danangtrip/locations/nha-tro-hoang-van-sinh/loc-241__nha-tro-hoang-van-sinh__p01.jpg,https://www.openstreetmap.org/node/3489018328,downloaded,https://images.pexels.com/photos/5273872/pexels-photo-5273872.jpeg?auto=compress&cs=tinysrgb&h=350,uploaded,1780559687,1880
7c644c67a0a6a7c899d1f5da2eb2643d,501538,khach-san-homestay,danangtrip/locations/nha-tro-hua-dien/loc-242__nha-tro-hua-dien__p01,downloaded:501538,osm-node-3512677311,jpg,1253,https://images.pexels.com/photos/5273872/pexels-photo-5273872.jpeg?auto=compress&cs=tinysrgb&dpr=2&h=650&w=940,loc-242__nha-tro-hua-dien__osm-node-3512677311__p01__pexels-5273872.jpg,D:\DATN\DATN_Tài liệu\data-center\media-assets\cloudinary-staging\locations\2026-06-04-overpass-published-inactive\originals\loc-242__nha-tro-hua-dien__osm-node-3512677311__p01__pexels-5273872.jpg,242,Nha tro Hua Dien,nha-tro-hua-dien,inactive,5273872,1,Thanh Do,https://www.pexels.com/@dothanhyb,pexels,https://www.pexels.com/photo/nha-khach-hao-gia-hotel-5273872/,danangtrip/locations/nha-tro-hua-dien/loc-242__nha-tro-hua-dien__p01,https://res.cloudinary.com/dmukxquza/image/upload/v1780559690/danangtrip/locations/nha-tro-hua-dien/loc-242__nha-tro-hua-dien__p01.jpg,https://www.openstreetmap.org/node/3512677311,downloaded,https://images.pexels.com/photos/5273872/pexels-photo-5273872.jpeg?auto=compress&cs=tinysrgb&h=350,uploaded,1780559690,1880
7e3b6d212e4ef099374dda804a5b5cb7,501538,khach-san-homestay,danangtrip/locations/nha-tro-huynh-dinh/loc-243__nha-tro-huynh-dinh__p01,downloaded:501538,osm-node-3455687232,jpg,1253,https://images.pexels.com/photos/5273872/pexels-photo-5273872.jpeg?auto=compress&cs=tinysrgb&dpr=2&h=650&w=940,loc-243__nha-tro-huynh-dinh__osm-node-3455687232__p01__pexels-5273872.jpg,D:\DATN\DATN_Tài liệu\data-center\media-assets\cloudinary-staging\locations\2026-06-04-overpass-published-inactive\originals\loc-243__nha-tro-huynh-dinh__osm-node-3455687232__p01__pexels-5273872.jpg,243,Nha tro Huynh Dinh,nha-tro-huynh-dinh,inactive,5273872,1,Thanh Do,https://www.pexels.com/@dothanhyb,pexels,https://www.pexels.com/photo/nha-khach-hao-gia-hotel-5273872/,danangtrip/locations/nha-tro-huynh-dinh/loc-243__nha-tro-huynh-dinh__p01,https://res.cloudinary.com/dmukxquza/image/upload/v1780559693/danangtrip/locations/nha-tro-huynh-dinh/loc-243__nha-tro-huynh-dinh__p01.jpg,https://www.openstreetmap.org/node/3455687232,downloaded,https://images.pexels.com/photos/5273872/pexels-photo-5273872.jpeg?auto=compress&cs=tinysrgb&h=350,uploaded,1780559693,1880
71831034ebb1df9c73967260fc4dc291,501538,khach-san-homestay,danangtrip/locations/nha-tro-huynh-dinh-dung/loc-244__nha-tro-huynh-dinh-dung__p01,downloaded:501538,osm-node-3560105163,jpg,1253,https://images.pexels.com/photos/5273872/pexels-photo-5273872.jpeg?auto=compress&cs=tinysrgb&dpr=2&h=650&w=940,loc-244__nha-tro-huynh-dinh-dung__osm-node-3560105163__p01__pexels-5273872.jpg,D:\DATN\DATN_Tài liệu\data-center\media-assets\cloudinary-staging\locations\2026-06-04-overpass-published-inactive\originals\loc-244__nha-tro-huynh-dinh-dung__osm-node-3560105163__p01__pexels-5273872.jpg,244,Nha tro Huynh Dinh Dung,nha-tro-huynh-dinh-dung,inactive,5273872,1,Thanh Do,https://www.pexels.com/@dothanhyb,pexels,https://www.pexels.com/photo/nha-khach-hao-gia-hotel-5273872/,danangtrip/locations/nha-tro-huynh-dinh-dung/loc-244__nha-tro-huynh-dinh-dung__p01,https://res.cloudinary.com/dmukxquza/image/upload/v1780559695/danangtrip/locations/nha-tro-huynh-dinh-dung/loc-244__nha-tro-huynh-dinh-dung__p01.jpg,https://www.openstreetmap.org/node/3560105163,downloaded,https://images.pexels.com/photos/5273872/pexels-photo-5273872.jpeg?auto=compress&cs=tinysrgb&h=350,uploaded,1780559695,1880
4676218aaaea3f0aee6b23f93488d5f5,501538,khach-san-homestay,danangtrip/locations/nha-tro-le-duc-tin/loc-245__nha-tro-le-duc-tin__p01,downloaded:501538,osm-node-3489018331,jpg,1253,https://images.pexels.com/photos/5273872/pexels-photo-5273872.jpeg?auto=compress&cs=tinysrgb&dpr=2&h=650&w=940,loc-245__nha-tro-le-duc-tin__osm-node-3489018331__p01__pexels-5273872.jpg,D:\DATN\DATN_Tài liệu\data-center\media-assets\cloudinary-staging\locations\2026-06-04-overpass-published-inactive\originals\loc-245__nha-tro-le-duc-tin__osm-node-3489018331__p01__pexels-5273872.jpg,245,Nha tro Le Duc Tin,nha-tro-le-duc-tin,inactive,5273872,1,Thanh Do,https://www.pexels.com/@dothanhyb,pexels,https://www.pexels.com/photo/nha-khach-hao-gia-hotel-5273872/,danangtrip/locations/nha-tro-le-duc-tin/loc-245__nha-tro-le-duc-tin__p01,https://res.cloudinary.com/dmukxquza/image/upload/v1780559698/danangtrip/locations/nha-tro-le-duc-tin/loc-245__nha-tro-le-duc-tin__p01.jpg,https://www.openstreetmap.org/node/3489018331,downloaded,https://images.pexels.com/photos/5273872/pexels-photo-5273872.jpeg?auto=compress&cs=tinysrgb&h=350,uploaded,1780559698,1880
0a7bfbccdd850725eacfe67d85f23dc1,501538,khach-san-homestay,danangtrip/locations/nha-tro-mai-truc-lam/loc-246__nha-tro-mai-truc-lam__p01,downloaded:501538,osm-node-3495233441,jpg,1253,https://images.pexels.com/photos/5273872/pexels-photo-5273872.jpeg?auto=compress&cs=tinysrgb&dpr=2&h=650&w=940,loc-246__nha-tro-mai-truc-lam__osm-node-3495233441__p01__pexels-5273872.jpg,D:\DATN\DATN_Tài liệu\data-center\media-assets\cloudinary-staging\locations\2026-06-04-overpass-published-inactive\originals\loc-246__nha-tro-mai-truc-lam__osm-node-3495233441__p01__pexels-5273872.jpg,246,Nha tro Mai Truc Lam,nha-tro-mai-truc-lam,inactive,5273872,1,Thanh Do,https://www.pexels.com/@dothanhyb,pexels,https://www.pexels.com/photo/nha-khach-hao-gia-hotel-5273872/,danangtrip/locations/nha-tro-mai-truc-lam/loc-246__nha-tro-mai-truc-lam__p01,https://res.cloudinary.com/dmukxquza/image/upload/v1780559701/danangtrip/locations/nha-tro-mai-truc-lam/loc-246__nha-tro-mai-truc-lam__p01.jpg,https://www.openstreetmap.org/node/3495233441,downloaded,https://images.pexels.com/photos/5273872/pexels-photo-5273872.jpeg?auto=compress&cs=tinysrgb&h=350,uploaded,1780559701,1880
4a831d1b734dd56457355fecfb4b9b43,501538,khach-san-homestay,danangtrip/locations/nha-tro-ngo-dinh-tu/loc-247__nha-tro-ngo-dinh-tu__p01,downloaded:501538,osm-node-3514922511,jpg,1253,https://images.pexels.com/photos/5273872/pexels-photo-5273872.jpeg?auto=compress&cs=tinysrgb&dpr=2&h=650&w=940,loc-247__nha-tro-ngo-dinh-tu__osm-node-3514922511__p01__pexels-5273872.jpg,D:\DATN\DATN_Tài liệu\data-center\media-assets\cloudinary-staging\locations\2026-06-04-overpass-published-inactive\originals\loc-247__nha-tro-ngo-dinh-tu__osm-node-3514922511__p01__pexels-5273872.jpg,247,Nha tro Ngo Dinh Tu,nha-tro-ngo-dinh-tu,inactive,5273872,1,Thanh Do,https://www.pexels.com/@dothanhyb,pexels,https://www.pexels.com/photo/nha-khach-hao-gia-hotel-5273872/,danangtrip/locations/nha-tro-ngo-dinh-tu/loc-247__nha-tro-ngo-dinh-tu__p01,https://res.cloudinary.com/dmukxquza/image/upload/v1780559704/danangtrip/locations/nha-tro-ngo-dinh-tu/loc-247__nha-tro-ngo-dinh-tu__p01.jpg,https://www.openstreetmap.org/node/3514922511,downloaded,https://images.pexels.com/photos/5273872/pexels-photo-5273872.jpeg?auto=compress&cs=tinysrgb&h=350,uploaded,1780559704,1880
2b63f3aa0439d7e4bdd1193296d44b0d,501538,khach-san-homestay,danangtrip/locations/nha-tro-nguyen-doan-chinh/loc-248__nha-tro-nguyen-doan-chinh__p01,downloaded:501538,osm-node-3560105167,jpg,1253,https://images.pexels.com/photos/5273872/pexels-photo-5273872.jpeg?auto=compress&cs=tinysrgb&dpr=2&h=650&w=940,loc-248__nha-tro-nguyen-doan-chinh__osm-node-3560105167__p01__pexels-5273872.jpg,D:\DATN\DATN_Tài liệu\data-center\media-assets\cloudinary-staging\locations\2026-06-04-overpass-published-inactive\originals\loc-248__nha-tro-nguyen-doan-chinh__osm-node-3560105167__p01__pexels-5273872.jpg,248,Nha tro Nguyen Doan Chinh,nha-tro-nguyen-doan-chinh,inactive,5273872,1,Thanh Do,https://www.pexels.com/@dothanhyb,pexels,https://www.pexels.com/photo/nha-khach-hao-gia-hotel-5273872/,danangtrip/locations/nha-tro-nguyen-doan-chinh/loc-248__nha-tro-nguyen-doan-chinh__p01,https://res.cloudinary.com/dmukxquza/image/upload/v1780559707/danangtrip/locations/nha-tro-nguyen-doan-chinh/loc-248__nha-tro-nguyen-doan-chinh__p01.jpg,https://www.openstreetmap.org/node/3560105167,downloaded,https://images.pexels.com/photos/5273872/pexels-photo-5273872.jpeg?auto=compress&cs=tinysrgb&h=350,uploaded,1780559707,1880
0a14268b422dd267267c5f5180b8abbc,501538,khach-san-homestay,danangtrip/locations/nha-tro-nguyen-huy-vu/loc-249__nha-tro-nguyen-huy-vu__p01,downloaded:501538,osm-node-3560105161,jpg,1253,https://images.pexels.com/photos/5273872/pexels-photo-5273872.jpeg?auto=compress&cs=tinysrgb&dpr=2&h=650&w=940,loc-249__nha-tro-nguyen-huy-vu__osm-node-3560105161__p01__pexels-5273872.jpg,D:\DATN\DATN_Tài liệu\data-center\media-assets\cloudinary-staging\locations\2026-06-04-overpass-published-inactive\originals\loc-249__nha-tro-nguyen-huy-vu__osm-node-3560105161__p01__pexels-5273872.jpg,249,Nha tro Nguyen Huy Vu,nha-tro-nguyen-huy-vu,inactive,5273872,1,Thanh Do,https://www.pexels.com/@dothanhyb,pexels,https://www.pexels.com/photo/nha-khach-hao-gia-hotel-5273872/,danangtrip/locations/nha-tro-nguyen-huy-vu/loc-249__nha-tro-nguyen-huy-vu__p01,https://res.cloudinary.com/dmukxquza/image/upload/v1780559710/danangtrip/locations/nha-tro-nguyen-huy-vu/loc-249__nha-tro-nguyen-huy-vu__p01.jpg,https://www.openstreetmap.org/node/3560105161,downloaded,https://images.pexels.com/photos/5273872/pexels-photo-5273872.jpeg?auto=compress&cs=tinysrgb&h=350,uploaded,1780559710,1880
aab13fb083e730b10ccc8206547d9047,501538,khach-san-homestay,danangtrip/locations/nha-tro-nguyen-le-viet/loc-250__nha-tro-nguyen-le-viet__p01,downloaded:501538,osm-node-3560105165,jpg,1253,https://images.pexels.com/photos/5273872/pexels-photo-5273872.jpeg?auto=compress&cs=tinysrgb&dpr=2&h=650&w=940,loc-250__nha-tro-nguyen-le-viet__osm-node-3560105165__p01__pexels-5273872.jpg,D:\DATN\DATN_Tài liệu\data-center\media-assets\cloudinary-staging\locations\2026-06-04-overpass-published-inactive\originals\loc-250__nha-tro-nguyen-le-viet__osm-node-3560105165__p01__pexels-5273872.jpg,250,Nha tro Nguyen Le Viet,nha-tro-nguyen-le-viet,inactive,5273872,1,Thanh Do,https://www.pexels.com/@dothanhyb,pexels,https://www.pexels.com/photo/nha-khach-hao-gia-hotel-5273872/,danangtrip/locations/nha-tro-nguyen-le-viet/loc-250__nha-tro-nguyen-le-viet__p01,https://res.cloudinary.com/dmukxquza/image/upload/v1780559713/danangtrip/locations/nha-tro-nguyen-le-viet/loc-250__nha-tro-nguyen-le-viet__p01.jpg,https://www.openstreetmap.org/node/3560105165,downloaded,https://images.pexels.com/photos/5273872/pexels-photo-5273872.jpeg?auto=compress&cs=tinysrgb&h=350,uploaded,1780559713,1880
e1a3c37fd6d2dde8a6cdf0e99cbf7a27,501538,khach-san-homestay,danangtrip/locations/nha-tro-nguyen-long/loc-251__nha-tro-nguyen-long__p01,downloaded:501538,osm-node-3516506506,jpg,1253,https://images.pexels.com/photos/5273872/pexels-photo-5273872.jpeg?auto=compress&cs=tinysrgb&dpr=2&h=650&w=940,loc-251__nha-tro-nguyen-long__osm-node-3516506506__p01__pexels-5273872.jpg,D:\DATN\DATN_Tài liệu\data-center\media-assets\cloudinary-staging\locations\2026-06-04-overpass-published-inactive\originals\loc-251__nha-tro-nguyen-long__osm-node-3516506506__p01__pexels-5273872.jpg,251,Nha tro Nguyen Long,nha-tro-nguyen-long,inactive,5273872,1,Thanh Do,https://www.pexels.com/@dothanhyb,pexels,https://www.pexels.com/photo/nha-khach-hao-gia-hotel-5273872/,danangtrip/locations/nha-tro-nguyen-long/loc-251__nha-tro-nguyen-long__p01,https://res.cloudinary.com/dmukxquza/image/upload/v1780559716/danangtrip/locations/nha-tro-nguyen-long/loc-251__nha-tro-nguyen-long__p01.jpg,https://www.openstreetmap.org/node/3516506506,downloaded,https://images.pexels.com/photos/5273872/pexels-photo-5273872.jpeg?auto=compress&cs=tinysrgb&h=350,uploaded,1780559716,1880
41fa1de98c0a1311c7ff209891476a5a,501538,khach-san-homestay,danangtrip/locations/nha-tro-nguyen-ngoc-linh/loc-252__nha-tro-nguyen-ngoc-linh__p01,downloaded:501538,osm-node-3560105160,jpg,1253,https://images.pexels.com/photos/5273872/pexels-photo-5273872.jpeg?auto=compress&cs=tinysrgb&dpr=2&h=650&w=940,loc-252__nha-tro-nguyen-ngoc-linh__osm-node-3560105160__p01__pexels-5273872.jpg,D:\DATN\DATN_Tài liệu\data-center\media-assets\cloudinary-staging\locations\2026-06-04-overpass-published-inactive\originals\loc-252__nha-tro-nguyen-ngoc-linh__osm-node-3560105160__p01__pexels-5273872.jpg,252,Nha tro Nguyen Ngoc Linh,nha-tro-nguyen-ngoc-linh,inactive,5273872,1,Thanh Do,https://www.pexels.com/@dothanhyb,pexels,https://www.pexels.com/photo/nha-khach-hao-gia-hotel-5273872/,danangtrip/locations/nha-tro-nguyen-ngoc-linh/loc-252__nha-tro-nguyen-ngoc-linh__p01,https://res.cloudinary.com/dmukxquza/image/upload/v1780559719/danangtrip/locations/nha-tro-nguyen-ngoc-linh/loc-252__nha-tro-nguyen-ngoc-linh__p01.jpg,https://www.openstreetmap.org/node/3560105160,downloaded,https://images.pexels.com/photos/5273872/pexels-photo-5273872.jpeg?auto=compress&cs=tinysrgb&h=350,uploaded,1780559719,1880
fe23fcfa329dec4404ea7f7710989935,501538,khach-san-homestay,danangtrip/locations/nha-tro-nguyen-quoc-dung/loc-253__nha-tro-nguyen-quoc-dung__p01,downloaded:501538,osm-node-3496244410,jpg,1253,https://images.pexels.com/photos/5273872/pexels-photo-5273872.jpeg?auto=compress&cs=tinysrgb&dpr=2&h=650&w=940,loc-253__nha-tro-nguyen-quoc-dung__osm-node-3496244410__p01__pexels-5273872.jpg,D:\DATN\DATN_Tài liệu\data-center\media-assets\cloudinary-staging\locations\2026-06-04-overpass-published-inactive\originals\loc-253__nha-tro-nguyen-quoc-dung__osm-node-3496244410__p01__pexels-5273872.jpg,253,Nha tro Nguyen Quoc Dung,nha-tro-nguyen-quoc-dung,inactive,5273872,1,Thanh Do,https://www.pexels.com/@dothanhyb,pexels,https://www.pexels.com/photo/nha-khach-hao-gia-hotel-5273872/,danangtrip/locations/nha-tro-nguyen-quoc-dung/loc-253__nha-tro-nguyen-quoc-dung__p01,https://res.cloudinary.com/dmukxquza/image/upload/v1780559722/danangtrip/locations/nha-tro-nguyen-quoc-dung/loc-253__nha-tro-nguyen-quoc-dung__p01.jpg,https://www.openstreetmap.org/node/3496244410,downloaded,https://images.pexels.com/photos/5273872/pexels-photo-5273872.jpeg?auto=compress&cs=tinysrgb&h=350,uploaded,1780559722,1880
a34733b6859276e9125a7672264ec481,501538,khach-san-homestay,danangtrip/locations/nha-tro-nguyen-thi-nga/loc-254__nha-tro-nguyen-thi-nga__p01,downloaded:501538,osm-node-3455679141,jpg,1253,https://images.pexels.com/photos/5273872/pexels-photo-5273872.jpeg?auto=compress&cs=tinysrgb&dpr=2&h=650&w=940,loc-254__nha-tro-nguyen-thi-nga__osm-node-3455679141__p01__pexels-5273872.jpg,D:\DATN\DATN_Tài liệu\data-center\media-assets\cloudinary-staging\locations\2026-06-04-overpass-published-inactive\originals\loc-254__nha-tro-nguyen-thi-nga__osm-node-3455679141__p01__pexels-5273872.jpg,254,Nha tro Nguyen Thi Nga,nha-tro-nguyen-thi-nga,inactive,5273872,1,Thanh Do,https://www.pexels.com/@dothanhyb,pexels,https://www.pexels.com/photo/nha-khach-hao-gia-hotel-5273872/,danangtrip/locations/nha-tro-nguyen-thi-nga/loc-254__nha-tro-nguyen-thi-nga__p01,https://res.cloudinary.com/dmukxquza/image/upload/v1780559725/danangtrip/locations/nha-tro-nguyen-thi-nga/loc-254__nha-tro-nguyen-thi-nga__p01.jpg,https://www.openstreetmap.org/node/3455679141,downloaded,https://images.pexels.com/photos/5273872/pexels-photo-5273872.jpeg?auto=compress&cs=tinysrgb&h=350,uploaded,1780559725,1880
d28e3c931541c07f06454d3ff2024969,501538,khach-san-homestay,danangtrip/locations/nha-tro-nguyen-thi-thu-ha/loc-255__nha-tro-nguyen-thi-thu-ha__p01,downloaded:501538,osm-node-3560105166,jpg,1253,https://images.pexels.com/photos/5273872/pexels-photo-5273872.jpeg?auto=compress&cs=tinysrgb&dpr=2&h=650&w=940,loc-255__nha-tro-nguyen-thi-thu-ha__osm-node-3560105166__p01__pexels-5273872.jpg,D:\DATN\DATN_Tài liệu\data-center\media-assets\cloudinary-staging\locations\2026-06-04-overpass-published-inactive\originals\loc-255__nha-tro-nguyen-thi-thu-ha__osm-node-3560105166__p01__pexels-5273872.jpg,255,Nha tro Nguyen Thi Thu Ha,nha-tro-nguyen-thi-thu-ha,inactive,5273872,1,Thanh Do,https://www.pexels.com/@dothanhyb,pexels,https://www.pexels.com/photo/nha-khach-hao-gia-hotel-5273872/,danangtrip/locations/nha-tro-nguyen-thi-thu-ha/loc-255__nha-tro-nguyen-thi-thu-ha__p01,https://res.cloudinary.com/dmukxquza/image/upload/v1780559728/danangtrip/locations/nha-tro-nguyen-thi-thu-ha/loc-255__nha-tro-nguyen-thi-thu-ha__p01.jpg,https://www.openstreetmap.org/node/3560105166,downloaded,https://images.pexels.com/photos/5273872/pexels-photo-5273872.jpeg?auto=compress&cs=tinysrgb&h=350,uploaded,1780559728,1880
b5d4e5227825d8be72e091b0ce18d281,501538,khach-san-homestay,danangtrip/locations/nha-tro-nguyen-van-hung/loc-256__nha-tro-nguyen-van-hung__p01,downloaded:501538,osm-node-3497145815,jpg,1253,https://images.pexels.com/photos/5273872/pexels-photo-5273872.jpeg?auto=compress&cs=tinysrgb&dpr=2&h=650&w=940,loc-256__nha-tro-nguyen-van-hung__osm-node-3497145815__p01__pexels-5273872.jpg,D:\DATN\DATN_Tài liệu\data-center\media-assets\cloudinary-staging\locations\2026-06-04-overpass-published-inactive\originals\loc-256__nha-tro-nguyen-van-hung__osm-node-3497145815__p01__pexels-5273872.jpg,256,Nha tro Nguyen Van Hung,nha-tro-nguyen-van-hung,inactive,5273872,1,Thanh Do,https://www.pexels.com/@dothanhyb,pexels,https://www.pexels.com/photo/nha-khach-hao-gia-hotel-5273872/,danangtrip/locations/nha-tro-nguyen-van-hung/loc-256__nha-tro-nguyen-van-hung__p01,https://res.cloudinary.com/dmukxquza/image/upload/v1780559731/danangtrip/locations/nha-tro-nguyen-van-hung/loc-256__nha-tro-nguyen-van-hung__p01.jpg,https://www.openstreetmap.org/node/3497145815,downloaded,https://images.pexels.com/photos/5273872/pexels-photo-5273872.jpeg?auto=compress&cs=tinysrgb&h=350,uploaded,1780559731,1880
3b1ea99b077e9cd0084acedf7c271067,501538,khach-san-homestay,danangtrip/locations/nha-tro-nguyen-van-sy/loc-257__nha-tro-nguyen-van-sy__p01,downloaded:501538,osm-node-3495233434,jpg,1253,https://images.pexels.com/photos/5273872/pexels-photo-5273872.jpeg?auto=compress&cs=tinysrgb&dpr=2&h=650&w=940,loc-257__nha-tro-nguyen-van-sy__osm-node-3495233434__p01__pexels-5273872.jpg,D:\DATN\DATN_Tài liệu\data-center\media-assets\cloudinary-staging\locations\2026-06-04-overpass-published-inactive\originals\loc-257__nha-tro-nguyen-van-sy__osm-node-3495233434__p01__pexels-5273872.jpg,257,Nha tro Nguyen Van Sy,nha-tro-nguyen-van-sy,inactive,5273872,1,Thanh Do,https://www.pexels.com/@dothanhyb,pexels,https://www.pexels.com/photo/nha-khach-hao-gia-hotel-5273872/,danangtrip/locations/nha-tro-nguyen-van-sy/loc-257__nha-tro-nguyen-van-sy__p01,https://res.cloudinary.com/dmukxquza/image/upload/v1780559734/danangtrip/locations/nha-tro-nguyen-van-sy/loc-257__nha-tro-nguyen-van-sy__p01.jpg,https://www.openstreetmap.org/node/3495233434,downloaded,https://images.pexels.com/photos/5273872/pexels-photo-5273872.jpeg?auto=compress&cs=tinysrgb&h=350,uploaded,1780559734,1880
4c44b9bc0c566ee222cdeca9c006de0a,501538,khach-san-homestay,danangtrip/locations/nha-tro-pham-ngoc-hai/loc-258__nha-tro-pham-ngoc-hai__p01,downloaded:501538,osm-node-3497145814,jpg,1253,https://images.pexels.com/photos/5273872/pexels-photo-5273872.jpeg?auto=compress&cs=tinysrgb&dpr=2&h=650&w=940,loc-258__nha-tro-pham-ngoc-hai__osm-node-3497145814__p01__pexels-5273872.jpg,D:\DATN\DATN_Tài liệu\data-center\media-assets\cloudinary-staging\locations\2026-06-04-overpass-published-inactive\originals\loc-258__nha-tro-pham-ngoc-hai__osm-node-3497145814__p01__pexels-5273872.jpg,258,Nha tro Pham Ngoc Hai,nha-tro-pham-ngoc-hai,inactive,5273872,1,Thanh Do,https://www.pexels.com/@dothanhyb,pexels,https://www.pexels.com/photo/nha-khach-hao-gia-hotel-5273872/,danangtrip/locations/nha-tro-pham-ngoc-hai/loc-258__nha-tro-pham-ngoc-hai__p01,https://res.cloudinary.com/dmukxquza/image/upload/v1780559737/danangtrip/locations/nha-tro-pham-ngoc-hai/loc-258__nha-tro-pham-ngoc-hai__p01.jpg,https://www.openstreetmap.org/node/3497145814,downloaded,https://images.pexels.com/photos/5273872/pexels-photo-5273872.jpeg?auto=compress&cs=tinysrgb&h=350,uploaded,1780559737,1880
b2068dddc6f1d5712d3a66e95127a156,501538,khach-san-homestay,danangtrip/locations/nha-tro-pham-nhat-tan/loc-259__nha-tro-pham-nhat-tan__p01,downloaded:501538,osm-node-3560105162,jpg,1253,https://images.pexels.com/photos/5273872/pexels-photo-5273872.jpeg?auto=compress&cs=tinysrgb&dpr=2&h=650&w=940,loc-259__nha-tro-pham-nhat-tan__osm-node-3560105162__p01__pexels-5273872.jpg,D:\DATN\DATN_Tài liệu\data-center\media-assets\cloudinary-staging\locations\2026-06-04-overpass-published-inactive\originals\loc-259__nha-tro-pham-nhat-tan__osm-node-3560105162__p01__pexels-5273872.jpg,259,Nha tro Pham Nhat Tan,nha-tro-pham-nhat-tan,inactive,5273872,1,Thanh Do,https://www.pexels.com/@dothanhyb,pexels,https://www.pexels.com/photo/nha-khach-hao-gia-hotel-5273872/,danangtrip/locations/nha-tro-pham-nhat-tan/loc-259__nha-tro-pham-nhat-tan__p01,https://res.cloudinary.com/dmukxquza/image/upload/v1780559740/danangtrip/locations/nha-tro-pham-nhat-tan/loc-259__nha-tro-pham-nhat-tan__p01.jpg,https://www.openstreetmap.org/node/3560105162,downloaded,https://images.pexels.com/photos/5273872/pexels-photo-5273872.jpeg?auto=compress&cs=tinysrgb&h=350,uploaded,1780559740,1880
27a44ed9c1f7007cdfca438da440c196,501538,khach-san-homestay,danangtrip/locations/nha-tro-phan-thanh-huan/loc-260__nha-tro-phan-thanh-huan__p01,downloaded:501538,osm-node-3560105164,jpg,1253,https://images.pexels.com/photos/5273872/pexels-photo-5273872.jpeg?auto=compress&cs=tinysrgb&dpr=2&h=650&w=940,loc-260__nha-tro-phan-thanh-huan__osm-node-3560105164__p01__pexels-5273872.jpg,D:\DATN\DATN_Tài liệu\data-center\media-assets\cloudinary-staging\locations\2026-06-04-overpass-published-inactive\originals\loc-260__nha-tro-phan-thanh-huan__osm-node-3560105164__p01__pexels-5273872.jpg,260,Nha tro Phan Thanh Huan,nha-tro-phan-thanh-huan,inactive,5273872,1,Thanh Do,https://www.pexels.com/@dothanhyb,pexels,https://www.pexels.com/photo/nha-khach-hao-gia-hotel-5273872/,danangtrip/locations/nha-tro-phan-thanh-huan/loc-260__nha-tro-phan-thanh-huan__p01,https://res.cloudinary.com/dmukxquza/image/upload/v1780559743/danangtrip/locations/nha-tro-phan-thanh-huan/loc-260__nha-tro-phan-thanh-huan__p01.jpg,https://www.openstreetmap.org/node/3560105164,downloaded,https://images.pexels.com/photos/5273872/pexels-photo-5273872.jpeg?auto=compress&cs=tinysrgb&h=350,uploaded,1780559743,1880
3e2cd437bef62b8fb95bd866cd94f00b,501538,khach-san-homestay,danangtrip/locations/nha-tro-tan-canh/loc-261__nha-tro-tan-canh__p01,downloaded:501538,osm-node-3495233433,jpg,1253,https://images.pexels.com/photos/5273872/pexels-photo-5273872.jpeg?auto=compress&cs=tinysrgb&dpr=2&h=650&w=940,loc-261__nha-tro-tan-canh__osm-node-3495233433__p01__pexels-5273872.jpg,D:\DATN\DATN_Tài liệu\data-center\media-assets\cloudinary-staging\locations\2026-06-04-overpass-published-inactive\originals\loc-261__nha-tro-tan-canh__osm-node-3495233433__p01__pexels-5273872.jpg,261,Nha tro Tan Canh,nha-tro-tan-canh,inactive,5273872,1,Thanh Do,https://www.pexels.com/@dothanhyb,pexels,https://www.pexels.com/photo/nha-khach-hao-gia-hotel-5273872/,danangtrip/locations/nha-tro-tan-canh/loc-261__nha-tro-tan-canh__p01,https://res.cloudinary.com/dmukxquza/image/upload/v1780559746/danangtrip/locations/nha-tro-tan-canh/loc-261__nha-tro-tan-canh__p01.jpg,https://www.openstreetmap.org/node/3495233433,downloaded,https://images.pexels.com/photos/5273872/pexels-photo-5273872.jpeg?auto=compress&cs=tinysrgb&h=350,uploaded,1780559746,1880
00877c303c9dba21c4f2534fc5964cf0,501538,khach-san-homestay,danangtrip/locations/nha-tro-tan-thanh-huyen/loc-262__nha-tro-tan-thanh-huyen__p01,downloaded:501538,osm-node-3478891527,jpg,1253,https://images.pexels.com/photos/5273872/pexels-photo-5273872.jpeg?auto=compress&cs=tinysrgb&dpr=2&h=650&w=940,loc-262__nha-tro-tan-thanh-huyen__osm-node-3478891527__p01__pexels-5273872.jpg,D:\DATN\DATN_Tài liệu\data-center\media-assets\cloudinary-staging\locations\2026-06-04-overpass-published-inactive\originals\loc-262__nha-tro-tan-thanh-huyen__osm-node-3478891527__p01__pexels-5273872.jpg,262,Nha tro Tan Thanh Huyen,nha-tro-tan-thanh-huyen,inactive,5273872,1,Thanh Do,https://www.pexels.com/@dothanhyb,pexels,https://www.pexels.com/photo/nha-khach-hao-gia-hotel-5273872/,danangtrip/locations/nha-tro-tan-thanh-huyen/loc-262__nha-tro-tan-thanh-huyen__p01,https://res.cloudinary.com/dmukxquza/image/upload/v1780559749/danangtrip/locations/nha-tro-tan-thanh-huyen/loc-262__nha-tro-tan-thanh-huyen__p01.jpg,https://www.openstreetmap.org/node/3478891527,downloaded,https://images.pexels.com/photos/5273872/pexels-photo-5273872.jpeg?auto=compress&cs=tinysrgb&h=350,uploaded,1780559749,1880
a8ddeb90624ebb5fed5af49e2038f8aa,501538,khach-san-homestay,danangtrip/locations/nha-tro-tran-hung-sang/loc-263__nha-tro-tran-hung-sang__p01,downloaded:501538,osm-node-3512677310,jpg,1253,https://images.pexels.com/photos/5273872/pexels-photo-5273872.jpeg?auto=compress&cs=tinysrgb&dpr=2&h=650&w=940,loc-263__nha-tro-tran-hung-sang__osm-node-3512677310__p01__pexels-5273872.jpg,D:\DATN\DATN_Tài liệu\data-center\media-assets\cloudinary-staging\locations\2026-06-04-overpass-published-inactive\originals\loc-263__nha-tro-tran-hung-sang__osm-node-3512677310__p01__pexels-5273872.jpg,263,Nha tro Tran Hung Sang,nha-tro-tran-hung-sang,inactive,5273872,1,Thanh Do,https://www.pexels.com/@dothanhyb,pexels,https://www.pexels.com/photo/nha-khach-hao-gia-hotel-5273872/,danangtrip/locations/nha-tro-tran-hung-sang/loc-263__nha-tro-tran-hung-sang__p01,https://res.cloudinary.com/dmukxquza/image/upload/v1780559751/danangtrip/locations/nha-tro-tran-hung-sang/loc-263__nha-tro-tran-hung-sang__p01.jpg,https://www.openstreetmap.org/node/3512677310,downloaded,https://images.pexels.com/photos/5273872/pexels-photo-5273872.jpeg?auto=compress&cs=tinysrgb&h=350,uploaded,1780559751,1880
64737fae5c00d61092c5ac2558918f9d,501538,khach-san-homestay,danangtrip/locations/nha-tro-tran-quan/loc-264__nha-tro-tran-quan__p01,downloaded:501538,osm-node-3495233439,jpg,1253,https://images.pexels.com/photos/5273872/pexels-photo-5273872.jpeg?auto=compress&cs=tinysrgb&dpr=2&h=650&w=940,loc-264__nha-tro-tran-quan__osm-node-3495233439__p01__pexels-5273872.jpg,D:\DATN\DATN_Tài liệu\data-center\media-assets\cloudinary-staging\locations\2026-06-04-overpass-published-inactive\originals\loc-264__nha-tro-tran-quan__osm-node-3495233439__p01__pexels-5273872.jpg,264,Nha tro Tran Quan,nha-tro-tran-quan,inactive,5273872,1,Thanh Do,https://www.pexels.com/@dothanhyb,pexels,https://www.pexels.com/photo/nha-khach-hao-gia-hotel-5273872/,danangtrip/locations/nha-tro-tran-quan/loc-264__nha-tro-tran-quan__p01,https://res.cloudinary.com/dmukxquza/image/upload/v1780559754/danangtrip/locations/nha-tro-tran-quan/loc-264__nha-tro-tran-quan__p01.jpg,https://www.openstreetmap.org/node/3495233439,downloaded,https://images.pexels.com/photos/5273872/pexels-photo-5273872.jpeg?auto=compress&cs=tinysrgb&h=350,uploaded,1780559754,1880
17d997ee542d1de40990dfcebd996c7b,501538,khach-san-homestay,danangtrip/locations/nha-tro-tran-thai-phuong/loc-265__nha-tro-tran-thai-phuong__p01,downloaded:501538,osm-node-3514922509,jpg,1253,https://images.pexels.com/photos/5273872/pexels-photo-5273872.jpeg?auto=compress&cs=tinysrgb&dpr=2&h=650&w=940,loc-265__nha-tro-tran-thai-phuong__osm-node-3514922509__p01__pexels-5273872.jpg,D:\DATN\DATN_Tài liệu\data-center\media-assets\cloudinary-staging\locations\2026-06-04-overpass-published-inactive\originals\loc-265__nha-tro-tran-thai-phuong__osm-node-3514922509__p01__pexels-5273872.jpg,265,Nha tro Tran Thai Phuong,nha-tro-tran-thai-phuong,inactive,5273872,1,Thanh Do,https://www.pexels.com/@dothanhyb,pexels,https://www.pexels.com/photo/nha-khach-hao-gia-hotel-5273872/,danangtrip/locations/nha-tro-tran-thai-phuong/loc-265__nha-tro-tran-thai-phuong__p01,https://res.cloudinary.com/dmukxquza/image/upload/v1780559757/danangtrip/locations/nha-tro-tran-thai-phuong/loc-265__nha-tro-tran-thai-phuong__p01.jpg,https://www.openstreetmap.org/node/3514922509,downloaded,https://images.pexels.com/photos/5273872/pexels-photo-5273872.jpeg?auto=compress&cs=tinysrgb&h=350,uploaded,1780559757,1880
71f470382df807bc0912d9f7c1359fea,501538,khach-san-homestay,danangtrip/locations/nha-tro-tran-trong-khiem/loc-266__nha-tro-tran-trong-khiem__p01,downloaded:501538,osm-node-3516506507,jpg,1253,https://images.pexels.com/photos/5273872/pexels-photo-5273872.jpeg?auto=compress&cs=tinysrgb&dpr=2&h=650&w=940,loc-266__nha-tro-tran-trong-khiem__osm-node-3516506507__p01__pexels-5273872.jpg,D:\DATN\DATN_Tài liệu\data-center\media-assets\cloudinary-staging\locations\2026-06-04-overpass-published-inactive\originals\loc-266__nha-tro-tran-trong-khiem__osm-node-3516506507__p01__pexels-5273872.jpg,266,Nha tro Tran Trong Khiem,nha-tro-tran-trong-khiem,inactive,5273872,1,Thanh Do,https://www.pexels.com/@dothanhyb,pexels,https://www.pexels.com/photo/nha-khach-hao-gia-hotel-5273872/,danangtrip/locations/nha-tro-tran-trong-khiem/loc-266__nha-tro-tran-trong-khiem__p01,https://res.cloudinary.com/dmukxquza/image/upload/v1780559760/danangtrip/locations/nha-tro-tran-trong-khiem/loc-266__nha-tro-tran-trong-khiem__p01.jpg,https://www.openstreetmap.org/node/3516506507,downloaded,https://images.pexels.com/photos/5273872/pexels-photo-5273872.jpeg?auto=compress&cs=tinysrgb&h=350,uploaded,1780559760,1880
2013d41be9c47d4f8ed38d69285f6057,501538,khach-san-homestay,danangtrip/locations/nha-tro-tran-van-hieu/loc-267__nha-tro-tran-van-hieu__p01,downloaded:501538,osm-node-3489018329,jpg,1253,https://images.pexels.com/photos/5273872/pexels-photo-5273872.jpeg?auto=compress&cs=tinysrgb&dpr=2&h=650&w=940,loc-267__nha-tro-tran-van-hieu__osm-node-3489018329__p01__pexels-5273872.jpg,D:\DATN\DATN_Tài liệu\data-center\media-assets\cloudinary-staging\locations\2026-06-04-overpass-published-inactive\originals\loc-267__nha-tro-tran-van-hieu__osm-node-3489018329__p01__pexels-5273872.jpg,267,Nha tro Tran Van Hieu,nha-tro-tran-van-hieu,inactive,5273872,1,Thanh Do,https://www.pexels.com/@dothanhyb,pexels,https://www.pexels.com/photo/nha-khach-hao-gia-hotel-5273872/,danangtrip/locations/nha-tro-tran-van-hieu/loc-267__nha-tro-tran-van-hieu__p01,https://res.cloudinary.com/dmukxquza/image/upload/v1780559763/danangtrip/locations/nha-tro-tran-van-hieu/loc-267__nha-tro-tran-van-hieu__p01.jpg,https://www.openstreetmap.org/node/3489018329,downloaded,https://images.pexels.com/photos/5273872/pexels-photo-5273872.jpeg?auto=compress&cs=tinysrgb&h=350,uploaded,1780559763,1880
5522577b59aa789d5e75f66074a72aba,501538,khach-san-homestay,danangtrip/locations/nha-tro-vtv/loc-268__nha-tro-vtv__p01,downloaded:501538,osm-node-4704794989,jpg,1253,https://images.pexels.com/photos/5273872/pexels-photo-5273872.jpeg?auto=compress&cs=tinysrgb&dpr=2&h=650&w=940,loc-268__nha-tro-vtv__osm-node-4704794989__p01__pexels-5273872.jpg,D:\DATN\DATN_Tài liệu\data-center\media-assets\cloudinary-staging\locations\2026-06-04-overpass-published-inactive\originals\loc-268__nha-tro-vtv__osm-node-4704794989__p01__pexels-5273872.jpg,268,Nha tro VTV,nha-tro-vtv,inactive,5273872,1,Thanh Do,https://www.pexels.com/@dothanhyb,pexels,https://www.pexels.com/photo/nha-khach-hao-gia-hotel-5273872/,danangtrip/locations/nha-tro-vtv/loc-268__nha-tro-vtv__p01,https://res.cloudinary.com/dmukxquza/image/upload/v1780559766/danangtrip/locations/nha-tro-vtv/loc-268__nha-tro-vtv__p01.jpg,https://www.openstreetmap.org/node/4704794989,downloaded,https://images.pexels.com/photos/5273872/pexels-photo-5273872.jpeg?auto=compress&cs=tinysrgb&h=350,uploaded,1780559766,1880
e09d84c1b55aa844942cb8454d3f6d05,151885,ca-phe-tra-sua,danangtrip/locations/nhatha-coffee-ice-cream/loc-269__nhatha-coffee-ice-cream__p01,downloaded:151885,osm-node-729406447,jpg,1253,https://images.pexels.com/photos/32744966/pexels-photo-32744966.jpeg?auto=compress&cs=tinysrgb&dpr=2&h=650&w=940,loc-269__nhatha-coffee-ice-cream__osm-node-729406447__p01__pexels-32744966.jpg,D:\DATN\DATN_Tài liệu\data-center\media-assets\cloudinary-staging\locations\2026-06-04-overpass-published-inactive\originals\loc-269__nhatha-coffee-ice-cream__osm-node-729406447__p01__pexels-32744966.jpg,269,NhatHa Coffee Ice Cream,nhatha-coffee-ice-cream,inactive,32744966,1,Nha van,https://www.pexels.com/@nhavan,pexels,https://www.pexels.com/photo/warm-vietnamese-coffee-by-a-bright-window-32744966/,danangtrip/locations/nhatha-coffee-ice-cream/loc-269__nhatha-coffee-ice-cream__p01,https://res.cloudinary.com/dmukxquza/image/upload/v1780559769/danangtrip/locations/nhatha-coffee-ice-cream/loc-269__nhatha-coffee-ice-cream__p01.jpg,https://www.openstreetmap.org/node/729406447,downloaded,https://images.pexels.com/photos/32744966/pexels-photo-32744966.jpeg?auto=compress&cs=tinysrgb&h=350,uploaded,1780559769,1880
5ee14d096d616a97738d203433345b47,492934,khach-san-homestay,danangtrip/locations/noi-o/loc-270__noi-o__p01,downloaded:492934,osm-node-4855468621,jpg,1253,https://images.pexels.com/photos/6875472/pexels-photo-6875472.jpeg?auto=compress&cs=tinysrgb&dpr=2&h=650&w=940,loc-270__noi-o__osm-node-4855468621__p01__pexels-6875472.jpg,D:\DATN\DATN_Tài liệu\data-center\media-assets\cloudinary-staging\locations\2026-06-04-overpass-published-inactive\originals\loc-270__noi-o__osm-node-4855468621__p01__pexels-6875472.jpg,270,Noi o,noi-o,inactive,6875472,1,Quang Nguyen Vinh,https://www.pexels.com/@quang-nguyen-vinh-222549,pexels,https://www.pexels.com/photo/aerial-view-of-city-buildings-near-the-ocean-6875472/,danangtrip/locations/noi-o/loc-270__noi-o__p01,https://res.cloudinary.com/dmukxquza/image/upload/v1780559771/danangtrip/locations/noi-o/loc-270__noi-o__p01.jpg,https://www.openstreetmap.org/node/4855468621,downloaded,https://images.pexels.com/photos/6875472/pexels-photo-6875472.jpeg?auto=compress&cs=tinysrgb&h=350,uploaded,1780559771,1880
0b4a6838cdb08eaac84f2c1617e464a3,337100,hang-dong-nui-non,danangtrip/locations/nui-son-tra/loc-271__nui-son-tra__p01,downloaded:337100,osm-node-1623183649,jpg,1253,https://images.pexels.com/photos/20563034/pexels-photo-20563034.jpeg?auto=compress&cs=tinysrgb&dpr=2&h=650&w=940,loc-271__nui-son-tra__osm-node-1623183649__p01__pexels-20563034.jpg,D:\DATN\DATN_Tài liệu\data-center\media-assets\cloudinary-staging\locations\2026-06-04-overpass-published-inactive\originals\loc-271__nui-son-tra__osm-node-1623183649__p01__pexels-20563034.jpg,271,Nui Son Tra,nui-son-tra,inactive,20563034,1,Kirandeep Singh Walia,https://www.pexels.com/@kirandeepsingh,pexels,https://www.pexels.com/photo/a-city-by-a-sea-20563034/,danangtrip/locations/nui-son-tra/loc-271__nui-son-tra__p01,https://res.cloudinary.com/dmukxquza/image/upload/v1780559774/danangtrip/locations/nui-son-tra/loc-271__nui-son-tra__p01.jpg,https://www.openstreetmap.org/node/1623183649,downloaded,https://images.pexels.com/photos/20563034/pexels-photo-20563034.jpeg?auto=compress&cs=tinysrgb&h=350,uploaded,1780559774,1880
cebc3b4eec2ac004682d9a2e2b664250,391871,am-thuc-dia-phuong,danangtrip/locations/oasis-tapas-bar/loc-272__oasis-tapas-bar__p01,downloaded:391871,osm-node-5696882723,jpg,1253,https://images.pexels.com/photos/32831392/pexels-photo-32831392.jpeg?auto=compress&cs=tinysrgb&dpr=2&h=650&w=940,loc-272__oasis-tapas-bar__osm-node-5696882723__p01__pexels-32831392.jpg,D:\DATN\DATN_Tài liệu\data-center\media-assets\cloudinary-staging\locations\2026-06-04-overpass-published-inactive\originals\loc-272__oasis-tapas-bar__osm-node-5696882723__p01__pexels-32831392.jpg,272,Oasis Tapas Bar,oasis-tapas-bar,inactive,32831392,1,Tuan Vy,https://www.pexels.com/@tuan-vy-903011268,pexels,https://www.pexels.com/photo/street-view-of-vietnamese-restaurant-with-motorbikes-32831392/,danangtrip/locations/oasis-tapas-bar/loc-272__oasis-tapas-bar__p01,https://res.cloudinary.com/dmukxquza/image/upload/v1780559777/danangtrip/locations/oasis-tapas-bar/loc-272__oasis-tapas-bar__p01.jpg,https://www.openstreetmap.org/node/5696882723,downloaded,https://images.pexels.com/photos/32831392/pexels-photo-32831392.jpeg?auto=compress&cs=tinysrgb&h=350,uploaded,1780559777,1880
775ce16912cddeab6d04d6856a2779a8,158175,khach-san-homestay,danangtrip/locations/oc-tien-sa-hotel/loc-273__oc-tien-sa-hotel__p01,downloaded:158175,osm-node-3842864143,jpg,1253,https://images.pexels.com/photos/28226576/pexels-photo-28226576.png?auto=compress&cs=tinysrgb&dpr=2&h=650&w=940,loc-273__oc-tien-sa-hotel__osm-node-3842864143__p01__pexels-28226576.jpg,D:\DATN\DATN_Tài liệu\data-center\media-assets\cloudinary-staging\locations\2026-06-04-overpass-published-inactive\originals\loc-273__oc-tien-sa-hotel__osm-node-3842864143__p01__pexels-28226576.jpg,273,Oc Tien Sa Hotel,oc-tien-sa-hotel,inactive,28226576,1,Tran Tran,https://www.pexels.com/@ola88,pexels,https://www.pexels.com/photo/danang-vietnam-28226576/,danangtrip/locations/oc-tien-sa-hotel/loc-273__oc-tien-sa-hotel__p01,https://res.cloudinary.com/dmukxquza/image/upload/v1780559780/danangtrip/locations/oc-tien-sa-hotel/loc-273__oc-tien-sa-hotel__p01.jpg,https://www.openstreetmap.org/node/3842864143,downloaded,https://images.pexels.com/photos/28226576/pexels-photo-28226576.png?auto=compress&cs=tinysrgb&h=350,uploaded,1780559780,1880
e042d8527c075412ce3141c8257391e3,391871,am-thuc-dia-phuong,danangtrip/locations/ong-minh/loc-274__ong-minh__p01,downloaded:391871,osm-node-4352303490,jpg,1253,https://images.pexels.com/photos/32831392/pexels-photo-32831392.jpeg?auto=compress&cs=tinysrgb&dpr=2&h=650&w=940,loc-274__ong-minh__osm-node-4352303490__p01__pexels-32831392.jpg,D:\DATN\DATN_Tài liệu\data-center\media-assets\cloudinary-staging\locations\2026-06-04-overpass-published-inactive\originals\loc-274__ong-minh__osm-node-4352303490__p01__pexels-32831392.jpg,274,Ong Minh,ong-minh,inactive,32831392,1,Tuan Vy,https://www.pexels.com/@tuan-vy-903011268,pexels,https://www.pexels.com/photo/street-view-of-vietnamese-restaurant-with-motorbikes-32831392/,danangtrip/locations/ong-minh/loc-274__ong-minh__p01,https://res.cloudinary.com/dmukxquza/image/upload/v1780559782/danangtrip/locations/ong-minh/loc-274__ong-minh__p01.jpg,https://www.openstreetmap.org/node/4352303490,downloaded,https://images.pexels.com/photos/32831392/pexels-photo-32831392.jpeg?auto=compress&cs=tinysrgb&h=350,uploaded,1780559782,1880
8499bcff3ef284fcf05d90088a65bbe4,391871,am-thuc-dia-phuong,danangtrip/locations/pavilion/loc-275__pavilion__p01,downloaded:391871,osm-node-5558491521,jpg,1253,https://images.pexels.com/photos/32831392/pexels-photo-32831392.jpeg?auto=compress&cs=tinysrgb&dpr=2&h=650&w=940,loc-275__pavilion__osm-node-5558491521__p01__pexels-32831392.jpg,D:\DATN\DATN_Tài liệu\data-center\media-assets\cloudinary-staging\locations\2026-06-04-overpass-published-inactive\originals\loc-275__pavilion__osm-node-5558491521__p01__pexels-32831392.jpg,275,Pavilion,pavilion,inactive,32831392,1,Tuan Vy,https://www.pexels.com/@tuan-vy-903011268,pexels,https://www.pexels.com/photo/street-view-of-vietnamese-restaurant-with-motorbikes-32831392/,danangtrip/locations/pavilion/loc-275__pavilion__p01,https://res.cloudinary.com/dmukxquza/image/upload/v1780559785/danangtrip/locations/pavilion/loc-275__pavilion__p01.jpg,https://www.openstreetmap.org/node/5558491521,downloaded,https://images.pexels.com/photos/32831392/pexels-photo-32831392.jpeg?auto=compress&cs=tinysrgb&h=350,uploaded,1780559785,1880
37e5ced5958e790819a966ca928d42ae,492934,khach-san-homestay,danangtrip/locations/pha-le-hotel/loc-276__pha-le-hotel__p01,downloaded:492934,osm-node-12109686301,jpg,1253,https://images.pexels.com/photos/6875472/pexels-photo-6875472.jpeg?auto=compress&cs=tinysrgb&dpr=2&h=650&w=940,loc-276__pha-le-hotel__osm-node-12109686301__p01__pexels-6875472.jpg,D:\DATN\DATN_Tài liệu\data-center\media-assets\cloudinary-staging\locations\2026-06-04-overpass-published-inactive\originals\loc-276__pha-le-hotel__osm-node-12109686301__p01__pexels-6875472.jpg,276,Pha Le Hotel,pha-le-hotel,inactive,6875472,1,Quang Nguyen Vinh,https://www.pexels.com/@quang-nguyen-vinh-222549,pexels,https://www.pexels.com/photo/aerial-view-of-city-buildings-near-the-ocean-6875472/,danangtrip/locations/pha-le-hotel/loc-276__pha-le-hotel__p01,https://res.cloudinary.com/dmukxquza/image/upload/v1780559788/danangtrip/locations/pha-le-hotel/loc-276__pha-le-hotel__p01.jpg,https://www.openstreetmap.org/node/12109686301,downloaded,https://images.pexels.com/photos/6875472/pexels-photo-6875472.jpeg?auto=compress&cs=tinysrgb&h=350,uploaded,1780559788,1880
f341612e4dd640234d8635b354347705,391871,am-thuc-dia-phuong,danangtrip/locations/pho-phu-gia/loc-277__pho-phu-gia__p01,downloaded:391871,osm-node-4118223690,jpg,1253,https://images.pexels.com/photos/32831392/pexels-photo-32831392.jpeg?auto=compress&cs=tinysrgb&dpr=2&h=650&w=940,loc-277__pho-phu-gia__osm-node-4118223690__p01__pexels-32831392.jpg,D:\DATN\DATN_Tài liệu\data-center\media-assets\cloudinary-staging\locations\2026-06-04-overpass-published-inactive\originals\loc-277__pho-phu-gia__osm-node-4118223690__p01__pexels-32831392.jpg,277,pho phu gia,pho-phu-gia,inactive,32831392,1,Tuan Vy,https://www.pexels.com/@tuan-vy-903011268,pexels,https://www.pexels.com/photo/street-view-of-vietnamese-restaurant-with-motorbikes-32831392/,danangtrip/locations/pho-phu-gia/loc-277__pho-phu-gia__p01,https://res.cloudinary.com/dmukxquza/image/upload/v1780559800/danangtrip/locations/pho-phu-gia/loc-277__pho-phu-gia__p01.jpg,https://www.openstreetmap.org/node/4118223690,downloaded,https://images.pexels.com/photos/32831392/pexels-photo-32831392.jpeg?auto=compress&cs=tinysrgb&h=350,uploaded,1780559800,1880
fb027a4c87a3dfc7b896319f43f5d171,240025,am-thuc-dia-phuong,danangtrip/locations/phu-my-thanh-nha-hang/loc-278__phu-my-thanh-nha-hang__p01,downloaded:240025,osm-node-4860107522,jpg,1253,https://images.pexels.com/photos/35271944/pexels-photo-35271944.jpeg?auto=compress&cs=tinysrgb&dpr=2&h=650&w=940,loc-278__phu-my-thanh-nha-hang__osm-node-4860107522__p01__pexels-35271944.jpg,D:\DATN\DATN_Tài liệu\data-center\media-assets\cloudinary-staging\locations\2026-06-04-overpass-published-inactive\originals\loc-278__phu-my-thanh-nha-hang__osm-node-4860107522__p01__pexels-35271944.jpg,278,phu my thanh nha hang,phu-my-thanh-nha-hang,inactive,35271944,1,Nha van,https://www.pexels.com/@nhavan,pexels,https://www.pexels.com/photo/young-woman-enjoying-vietnamese-meal-indoors-35271944/,danangtrip/locations/phu-my-thanh-nha-hang/loc-278__phu-my-thanh-nha-hang__p01,https://res.cloudinary.com/dmukxquza/image/upload/v1780559806/danangtrip/locations/phu-my-thanh-nha-hang/loc-278__phu-my-thanh-nha-hang__p01.jpg,https://www.openstreetmap.org/node/4860107522,downloaded,https://images.pexels.com/photos/35271944/pexels-photo-35271944.jpeg?auto=compress&cs=tinysrgb&h=350,uploaded,1780559806,1880
a168733ec61e6905ad7ffcd77e5b1b79,322828,khach-san-homestay,danangtrip/locations/ponte-boutique-da-nang/loc-279__ponte-boutique-da-nang__p01,downloaded:322828,osm-node-11433787697,jpg,1240,https://images.pexels.com/photos/1207515/pexels-photo-1207515.jpeg?auto=compress&cs=tinysrgb&dpr=2&h=650&w=940,loc-279__ponte-boutique-da-nang__osm-node-11433787697__p01__pexels-1207515.jpg,D:\DATN\DATN_Tài liệu\data-center\media-assets\cloudinary-staging\locations\2026-06-04-overpass-published-inactive\originals\loc-279__ponte-boutique-da-nang__osm-node-11433787697__p01__pexels-1207515.jpg,279,Ponte Boutique Da Nang,ponte-boutique-da-nang,inactive,1207515,1,Min An,https://www.pexels.com/@minan1398,pexels,https://www.pexels.com/photo/concrete-structures-next-to-each-other-1207515/,danangtrip/locations/ponte-boutique-da-nang/loc-279__ponte-boutique-da-nang__p01,https://res.cloudinary.com/dmukxquza/image/upload/v1780559809/danangtrip/locations/ponte-boutique-da-nang/loc-279__ponte-boutique-da-nang__p01.jpg,https://www.openstreetmap.org/node/11433787697,downloaded,https://images.pexels.com/photos/1207515/pexels-photo-1207515.jpeg?auto=compress&cs=tinysrgb&h=350,uploaded,1780559809,1880
49b67b8852c560d3993d530bfe4e21d8,391871,am-thuc-dia-phuong,danangtrip/locations/qquan-chay-dieu-hoa/loc-280__qquan-chay-dieu-hoa__p01,downloaded:391871,osm-node-5791814653,jpg,1253,https://images.pexels.com/photos/32831392/pexels-photo-32831392.jpeg?auto=compress&cs=tinysrgb&dpr=2&h=650&w=940,loc-280__qquan-chay-dieu-hoa__osm-node-5791814653__p01__pexels-32831392.jpg,D:\DATN\DATN_Tài liệu\data-center\media-assets\cloudinary-staging\locations\2026-06-04-overpass-published-inactive\originals\loc-280__qquan-chay-dieu-hoa__osm-node-5791814653__p01__pexels-32831392.jpg,280,Qquan Chay Dieu Hoa,qquan-chay-dieu-hoa,inactive,32831392,1,Tuan Vy,https://www.pexels.com/@tuan-vy-903011268,pexels,https://www.pexels.com/photo/street-view-of-vietnamese-restaurant-with-motorbikes-32831392/,danangtrip/locations/qquan-chay-dieu-hoa/loc-280__qquan-chay-dieu-hoa__p01,https://res.cloudinary.com/dmukxquza/image/upload/v1780559811/danangtrip/locations/qquan-chay-dieu-hoa/loc-280__qquan-chay-dieu-hoa__p01.jpg,https://www.openstreetmap.org/node/5791814653,downloaded,https://images.pexels.com/photos/32831392/pexels-photo-32831392.jpeg?auto=compress&cs=tinysrgb&h=350,uploaded,1780559811,1880
19bed7975e93fd024e7e33a341ad1384,391871,am-thuc-dia-phuong,danangtrip/locations/quan-an-bun-cha-ca/loc-281__quan-an-bun-cha-ca__p01,downloaded:391871,osm-node-4948013624,jpg,1253,https://images.pexels.com/photos/32831392/pexels-photo-32831392.jpeg?auto=compress&cs=tinysrgb&dpr=2&h=650&w=940,loc-281__quan-an-bun-cha-ca__osm-node-4948013624__p01__pexels-32831392.jpg,D:\DATN\DATN_Tài liệu\data-center\media-assets\cloudinary-staging\locations\2026-06-04-overpass-published-inactive\originals\loc-281__quan-an-bun-cha-ca__osm-node-4948013624__p01__pexels-32831392.jpg,281,Quan An Bun Cha Ca,quan-an-bun-cha-ca,inactive,32831392,1,Tuan Vy,https://www.pexels.com/@tuan-vy-903011268,pexels,https://www.pexels.com/photo/street-view-of-vietnamese-restaurant-with-motorbikes-32831392/,danangtrip/locations/quan-an-bun-cha-ca/loc-281__quan-an-bun-cha-ca__p01,https://res.cloudinary.com/dmukxquza/image/upload/v1780559814/danangtrip/locations/quan-an-bun-cha-ca/loc-281__quan-an-bun-cha-ca__p01.jpg,https://www.openstreetmap.org/node/4948013624,downloaded,https://images.pexels.com/photos/32831392/pexels-photo-32831392.jpeg?auto=compress&cs=tinysrgb&h=350,uploaded,1780559814,1880
57ac5ffa7e406bed1e5988bf6526f7e4,391871,am-thuc-dia-phuong,danangtrip/locations/quan-an-ngon-thia-go-danang-style/loc-282__quan-an-ngon-thia-go-danang-style__p01,downloaded:391871,osm-node-6120622785,jpg,1253,https://images.pexels.com/photos/32831392/pexels-photo-32831392.jpeg?auto=compress&cs=tinysrgb&dpr=2&h=650&w=940,loc-282__quan-an-ngon-thia-go-danang-style__osm-node-6120622785__p01__pexels-32831392.jpg,D:\DATN\DATN_Tài liệu\data-center\media-assets\cloudinary-staging\locations\2026-06-04-overpass-published-inactive\originals\loc-282__quan-an-ngon-thia-go-danang-style__osm-node-6120622785__p01__pexels-32831392.jpg,282,Quan an ngon Thia Go Danang-style,quan-an-ngon-thia-go-danang-style,inactive,32831392,1,Tuan Vy,https://www.pexels.com/@tuan-vy-903011268,pexels,https://www.pexels.com/photo/street-view-of-vietnamese-restaurant-with-motorbikes-32831392/,danangtrip/locations/quan-an-ngon-thia-go-danang-style/loc-282__quan-an-ngon-thia-go-danang-style__p01,https://res.cloudinary.com/dmukxquza/image/upload/v1780559817/danangtrip/locations/quan-an-ngon-thia-go-danang-style/loc-282__quan-an-ngon-thia-go-danang-style__p01.jpg,https://www.openstreetmap.org/node/6120622785,downloaded,https://images.pexels.com/photos/32831392/pexels-photo-32831392.jpeg?auto=compress&cs=tinysrgb&h=350,uploaded,1780559817,1880
bc398740dc32c3ad9ae7b90120d728e1,391871,am-thuc-dia-phuong,danangtrip/locations/quan-an-tuk-tuk/loc-283__quan-an-tuk-tuk__p01,downloaded:391871,osm-node-5047614532,jpg,1253,https://images.pexels.com/photos/32831392/pexels-photo-32831392.jpeg?auto=compress&cs=tinysrgb&dpr=2&h=650&w=940,loc-283__quan-an-tuk-tuk__osm-node-5047614532__p01__pexels-32831392.jpg,D:\DATN\DATN_Tài liệu\data-center\media-assets\cloudinary-staging\locations\2026-06-04-overpass-published-inactive\originals\loc-283__quan-an-tuk-tuk__osm-node-5047614532__p01__pexels-32831392.jpg,283,Quan An Tuk Tuk,quan-an-tuk-tuk,inactive,32831392,1,Tuan Vy,https://www.pexels.com/@tuan-vy-903011268,pexels,https://www.pexels.com/photo/street-view-of-vietnamese-restaurant-with-motorbikes-32831392/,danangtrip/locations/quan-an-tuk-tuk/loc-283__quan-an-tuk-tuk__p01,https://res.cloudinary.com/dmukxquza/image/upload/v1780559820/danangtrip/locations/quan-an-tuk-tuk/loc-283__quan-an-tuk-tuk__p01.jpg,https://www.openstreetmap.org/node/5047614532,downloaded,https://images.pexels.com/photos/32831392/pexels-photo-32831392.jpeg?auto=compress&cs=tinysrgb&h=350,uploaded,1780559820,1880
f7305b3e83f05c2cd3f57ee16aa1605a,391871,am-thuc-dia-phuong,danangtrip/locations/quan-bun-lieu/loc-284__quan-bun-lieu__p01,downloaded:391871,osm-node-4076171123,jpg,1253,https://images.pexels.com/photos/32831392/pexels-photo-32831392.jpeg?auto=compress&cs=tinysrgb&dpr=2&h=650&w=940,loc-284__quan-bun-lieu__osm-node-4076171123__p01__pexels-32831392.jpg,D:\DATN\DATN_Tài liệu\data-center\media-assets\cloudinary-staging\locations\2026-06-04-overpass-published-inactive\originals\loc-284__quan-bun-lieu__osm-node-4076171123__p01__pexels-32831392.jpg,284,Quan bun Lieu,quan-bun-lieu,inactive,32831392,1,Tuan Vy,https://www.pexels.com/@tuan-vy-903011268,pexels,https://www.pexels.com/photo/street-view-of-vietnamese-restaurant-with-motorbikes-32831392/,danangtrip/locations/quan-bun-lieu/loc-284__quan-bun-lieu__p01,https://res.cloudinary.com/dmukxquza/image/upload/v1780559823/danangtrip/locations/quan-bun-lieu/loc-284__quan-bun-lieu__p01.jpg,https://www.openstreetmap.org/node/4076171123,downloaded,https://images.pexels.com/photos/32831392/pexels-photo-32831392.jpeg?auto=compress&cs=tinysrgb&h=350,uploaded,1780559823,1880
c964e6eb0820eab8013089086b415691,391871,am-thuc-dia-phuong,danangtrip/locations/quan-chay-hang-ngay/loc-285__quan-chay-hang-ngay__p01,downloaded:391871,osm-node-5864570785,jpg,1253,https://images.pexels.com/photos/32831392/pexels-photo-32831392.jpeg?auto=compress&cs=tinysrgb&dpr=2&h=650&w=940,loc-285__quan-chay-hang-ngay__osm-node-5864570785__p01__pexels-32831392.jpg,D:\DATN\DATN_Tài liệu\data-center\media-assets\cloudinary-staging\locations\2026-06-04-overpass-published-inactive\originals\loc-285__quan-chay-hang-ngay__osm-node-5864570785__p01__pexels-32831392.jpg,285,Quan Chay Hang Ngay,quan-chay-hang-ngay,inactive,32831392,1,Tuan Vy,https://www.pexels.com/@tuan-vy-903011268,pexels,https://www.pexels.com/photo/street-view-of-vietnamese-restaurant-with-motorbikes-32831392/,danangtrip/locations/quan-chay-hang-ngay/loc-285__quan-chay-hang-ngay__p01,https://res.cloudinary.com/dmukxquza/image/upload/v1780559826/danangtrip/locations/quan-chay-hang-ngay/loc-285__quan-chay-hang-ngay__p01.jpg,https://www.openstreetmap.org/node/5864570785,downloaded,https://images.pexels.com/photos/32831392/pexels-photo-32831392.jpeg?auto=compress&cs=tinysrgb&h=350,uploaded,1780559826,1880
5619d45298b1ce01abd2f699c8fd93e1,391871,am-thuc-dia-phuong,danangtrip/locations/quan-chay-xuan/loc-286__quan-chay-xuan__p01,downloaded:391871,osm-node-4900701521,jpg,1253,https://images.pexels.com/photos/32831392/pexels-photo-32831392.jpeg?auto=compress&cs=tinysrgb&dpr=2&h=650&w=940,loc-286__quan-chay-xuan__osm-node-4900701521__p01__pexels-32831392.jpg,D:\DATN\DATN_Tài liệu\data-center\media-assets\cloudinary-staging\locations\2026-06-04-overpass-published-inactive\originals\loc-286__quan-chay-xuan__osm-node-4900701521__p01__pexels-32831392.jpg,286,Quan Chay XUAN,quan-chay-xuan,inactive,32831392,1,Tuan Vy,https://www.pexels.com/@tuan-vy-903011268,pexels,https://www.pexels.com/photo/street-view-of-vietnamese-restaurant-with-motorbikes-32831392/,danangtrip/locations/quan-chay-xuan/loc-286__quan-chay-xuan__p01,https://res.cloudinary.com/dmukxquza/image/upload/v1780559828/danangtrip/locations/quan-chay-xuan/loc-286__quan-chay-xuan__p01.jpg,https://www.openstreetmap.org/node/4900701521,downloaded,https://images.pexels.com/photos/32831392/pexels-photo-32831392.jpeg?auto=compress&cs=tinysrgb&h=350,uploaded,1780559828,1880
b4bd15e3d95c9f9f7839cb0e222963fa,391871,am-thuc-dia-phuong,danangtrip/locations/quan-com-08/loc-287__quan-com-08__p01,downloaded:391871,osm-node-4076169309,jpg,1253,https://images.pexels.com/photos/32831392/pexels-photo-32831392.jpeg?auto=compress&cs=tinysrgb&dpr=2&h=650&w=940,loc-287__quan-com-08__osm-node-4076169309__p01__pexels-32831392.jpg,D:\DATN\DATN_Tài liệu\data-center\media-assets\cloudinary-staging\locations\2026-06-04-overpass-published-inactive\originals\loc-287__quan-com-08__osm-node-4076169309__p01__pexels-32831392.jpg,287,Quan com 08,quan-com-08,inactive,32831392,1,Tuan Vy,https://www.pexels.com/@tuan-vy-903011268,pexels,https://www.pexels.com/photo/street-view-of-vietnamese-restaurant-with-motorbikes-32831392/,danangtrip/locations/quan-com-08/loc-287__quan-com-08__p01,https://res.cloudinary.com/dmukxquza/image/upload/v1780559831/danangtrip/locations/quan-com-08/loc-287__quan-com-08__p01.jpg,https://www.openstreetmap.org/node/4076169309,downloaded,https://images.pexels.com/photos/32831392/pexels-photo-32831392.jpeg?auto=compress&cs=tinysrgb&h=350,uploaded,1780559831,1880
71ac4813f1dd7653fef4c4af182ffe7a,391871,am-thuc-dia-phuong,danangtrip/locations/quan-mau-banh-trang-thit-heo/loc-288__quan-mau-banh-trang-thit-heo__p01,downloaded:391871,osm-node-6152679485,jpg,1253,https://images.pexels.com/photos/32831392/pexels-photo-32831392.jpeg?auto=compress&cs=tinysrgb&dpr=2&h=650&w=940,loc-288__quan-mau-banh-trang-thit-heo__osm-node-6152679485__p01__pexels-32831392.jpg,D:\DATN\DATN_Tài liệu\data-center\media-assets\cloudinary-staging\locations\2026-06-04-overpass-published-inactive\originals\loc-288__quan-mau-banh-trang-thit-heo__osm-node-6152679485__p01__pexels-32831392.jpg,288,Quan Mau - Banh trang thit heo,quan-mau-banh-trang-thit-heo,inactive,32831392,1,Tuan Vy,https://www.pexels.com/@tuan-vy-903011268,pexels,https://www.pexels.com/photo/street-view-of-vietnamese-restaurant-with-motorbikes-32831392/,danangtrip/locations/quan-mau-banh-trang-thit-heo/loc-288__quan-mau-banh-trang-thit-heo__p01,https://res.cloudinary.com/dmukxquza/image/upload/v1780559835/danangtrip/locations/quan-mau-banh-trang-thit-heo/loc-288__quan-mau-banh-trang-thit-heo__p01.jpg,https://www.openstreetmap.org/node/6152679485,downloaded,https://images.pexels.com/photos/32831392/pexels-photo-32831392.jpeg?auto=compress&cs=tinysrgb&h=350,uploaded,1780559835,1880
1fb559be437d1f25bd321439b6576d6f,391871,am-thuc-dia-phuong,danangtrip/locations/quan-nhau-loc-vien/loc-289__quan-nhau-loc-vien__p01,downloaded:391871,osm-node-4875985021,jpg,1253,https://images.pexels.com/photos/32831392/pexels-photo-32831392.jpeg?auto=compress&cs=tinysrgb&dpr=2&h=650&w=940,loc-289__quan-nhau-loc-vien__osm-node-4875985021__p01__pexels-32831392.jpg,D:\DATN\DATN_Tài liệu\data-center\media-assets\cloudinary-staging\locations\2026-06-04-overpass-published-inactive\originals\loc-289__quan-nhau-loc-vien__osm-node-4875985021__p01__pexels-32831392.jpg,289,quan nhau loc vien,quan-nhau-loc-vien,inactive,32831392,1,Tuan Vy,https://www.pexels.com/@tuan-vy-903011268,pexels,https://www.pexels.com/photo/street-view-of-vietnamese-restaurant-with-motorbikes-32831392/,danangtrip/locations/quan-nhau-loc-vien/loc-289__quan-nhau-loc-vien__p01,https://res.cloudinary.com/dmukxquza/image/upload/v1780559838/danangtrip/locations/quan-nhau-loc-vien/loc-289__quan-nhau-loc-vien__p01.jpg,https://www.openstreetmap.org/node/4875985021,downloaded,https://images.pexels.com/photos/32831392/pexels-photo-32831392.jpeg?auto=compress&cs=tinysrgb&h=350,uploaded,1780559838,1880
ca24f15da13c03e6bd78ab64c16e40f3,322828,khach-san-homestay,danangtrip/locations/quan-quan-hotel/loc-290__quan-quan-hotel__p01,downloaded:322828,osm-node-5535905123,jpg,1240,https://images.pexels.com/photos/1207515/pexels-photo-1207515.jpeg?auto=compress&cs=tinysrgb&dpr=2&h=650&w=940,loc-290__quan-quan-hotel__osm-node-5535905123__p01__pexels-1207515.jpg,D:\DATN\DATN_Tài liệu\data-center\media-assets\cloudinary-staging\locations\2026-06-04-overpass-published-inactive\originals\loc-290__quan-quan-hotel__osm-node-5535905123__p01__pexels-1207515.jpg,290,quan quan hotel,quan-quan-hotel,inactive,1207515,1,Min An,https://www.pexels.com/@minan1398,pexels,https://www.pexels.com/photo/concrete-structures-next-to-each-other-1207515/,danangtrip/locations/quan-quan-hotel/loc-290__quan-quan-hotel__p01,https://res.cloudinary.com/dmukxquza/image/upload/v1780559840/danangtrip/locations/quan-quan-hotel/loc-290__quan-quan-hotel__p01.jpg,https://www.openstreetmap.org/node/5535905123,downloaded,https://images.pexels.com/photos/1207515/pexels-photo-1207515.jpeg?auto=compress&cs=tinysrgb&h=350,uploaded,1780559840,1880
8cdd516891b5a1220b3127097e67ff8a,391871,am-thuc-dia-phuong,danangtrip/locations/ram-cuon-cai-di-hoa/loc-291__ram-cuon-cai-di-hoa__p01,downloaded:391871,osm-node-6152681085,jpg,1253,https://images.pexels.com/photos/32831392/pexels-photo-32831392.jpeg?auto=compress&cs=tinysrgb&dpr=2&h=650&w=940,loc-291__ram-cuon-cai-di-hoa__osm-node-6152681085__p01__pexels-32831392.jpg,D:\DATN\DATN_Tài liệu\data-center\media-assets\cloudinary-staging\locations\2026-06-04-overpass-published-inactive\originals\loc-291__ram-cuon-cai-di-hoa__osm-node-6152681085__p01__pexels-32831392.jpg,291,Ram cuon cai Di Hoa,ram-cuon-cai-di-hoa,inactive,32831392,1,Tuan Vy,https://www.pexels.com/@tuan-vy-903011268,pexels,https://www.pexels.com/photo/street-view-of-vietnamese-restaurant-with-motorbikes-32831392/,danangtrip/locations/ram-cuon-cai-di-hoa/loc-291__ram-cuon-cai-di-hoa__p01,https://res.cloudinary.com/dmukxquza/image/upload/v1780559843/danangtrip/locations/ram-cuon-cai-di-hoa/loc-291__ram-cuon-cai-di-hoa__p01.jpg,https://www.openstreetmap.org/node/6152681085,downloaded,https://images.pexels.com/photos/32831392/pexels-photo-32831392.jpeg?auto=compress&cs=tinysrgb&h=350,uploaded,1780559843,1880
c833d4e03a519ae54210ce6d48b7cc51,322828,khach-san-homestay,danangtrip/locations/red-palace-hotel/loc-292__red-palace-hotel__p01,downloaded:322828,osm-node-5413973113,jpg,1240,https://images.pexels.com/photos/1207515/pexels-photo-1207515.jpeg?auto=compress&cs=tinysrgb&dpr=2&h=650&w=940,loc-292__red-palace-hotel__osm-node-5413973113__p01__pexels-1207515.jpg,D:\DATN\DATN_Tài liệu\data-center\media-assets\cloudinary-staging\locations\2026-06-04-overpass-published-inactive\originals\loc-292__red-palace-hotel__osm-node-5413973113__p01__pexels-1207515.jpg,292,Red Palace Hotel,red-palace-hotel,inactive,1207515,1,Min An,https://www.pexels.com/@minan1398,pexels,https://www.pexels.com/photo/concrete-structures-next-to-each-other-1207515/,danangtrip/locations/red-palace-hotel/loc-292__red-palace-hotel__p01,https://res.cloudinary.com/dmukxquza/image/upload/v1780559846/danangtrip/locations/red-palace-hotel/loc-292__red-palace-hotel__p01.jpg,https://www.openstreetmap.org/node/5413973113,downloaded,https://images.pexels.com/photos/1207515/pexels-photo-1207515.jpeg?auto=compress&cs=tinysrgb&h=350,uploaded,1780559846,1880
5b6ab9916fd3f2ce1a2f1bf8c93e1591,322828,khach-san-homestay,danangtrip/locations/roll-hostel-pub/loc-293__roll-hostel-pub__p01,downloaded:322828,osm-node-5432955721,jpg,1240,https://images.pexels.com/photos/1207515/pexels-photo-1207515.jpeg?auto=compress&cs=tinysrgb&dpr=2&h=650&w=940,loc-293__roll-hostel-pub__osm-node-5432955721__p01__pexels-1207515.jpg,D:\DATN\DATN_Tài liệu\data-center\media-assets\cloudinary-staging\locations\2026-06-04-overpass-published-inactive\originals\loc-293__roll-hostel-pub__osm-node-5432955721__p01__pexels-1207515.jpg,293,ROLL hostel & pub,roll-hostel-pub,inactive,1207515,1,Min An,https://www.pexels.com/@minan1398,pexels,https://www.pexels.com/photo/concrete-structures-next-to-each-other-1207515/,danangtrip/locations/roll-hostel-pub/loc-293__roll-hostel-pub__p01,https://res.cloudinary.com/dmukxquza/image/upload/v1780559849/danangtrip/locations/roll-hostel-pub/loc-293__roll-hostel-pub__p01.jpg,https://www.openstreetmap.org/node/5432955721,downloaded,https://images.pexels.com/photos/1207515/pexels-photo-1207515.jpeg?auto=compress&cs=tinysrgb&h=350,uploaded,1780559849,1880
7e750058764226b93d5f9d611888f1bb,501538,khach-san-homestay,danangtrip/locations/rom-casa-hostel/loc-294__rom-casa-hostel__p01,downloaded:501538,osm-node-10747827206,jpg,1253,https://images.pexels.com/photos/5273872/pexels-photo-5273872.jpeg?auto=compress&cs=tinysrgb&dpr=2&h=650&w=940,loc-294__rom-casa-hostel__osm-node-10747827206__p01__pexels-5273872.jpg,D:\DATN\DATN_Tài liệu\data-center\media-assets\cloudinary-staging\locations\2026-06-04-overpass-published-inactive\originals\loc-294__rom-casa-hostel__osm-node-10747827206__p01__pexels-5273872.jpg,294,Rom Casa Hostel,rom-casa-hostel,inactive,5273872,1,Thanh Do,https://www.pexels.com/@dothanhyb,pexels,https://www.pexels.com/photo/nha-khach-hao-gia-hotel-5273872/,danangtrip/locations/rom-casa-hostel/loc-294__rom-casa-hostel__p01,https://res.cloudinary.com/dmukxquza/image/upload/v1780559852/danangtrip/locations/rom-casa-hostel/loc-294__rom-casa-hostel__p01.jpg,https://www.openstreetmap.org/node/10747827206,downloaded,https://images.pexels.com/photos/5273872/pexels-photo-5273872.jpeg?auto=compress&cs=tinysrgb&h=350,uploaded,1780559852,1880
9b0282138ab2c0ad2506a47b73fd495e,322828,khach-san-homestay,danangtrip/locations/rosabella-boutique-hotel/loc-295__rosabella-boutique-hotel__p01,downloaded:322828,osm-node-10727065505,jpg,1240,https://images.pexels.com/photos/1207515/pexels-photo-1207515.jpeg?auto=compress&cs=tinysrgb&dpr=2&h=650&w=940,loc-295__rosabella-boutique-hotel__osm-node-10727065505__p01__pexels-1207515.jpg,D:\DATN\DATN_Tài liệu\data-center\media-assets\cloudinary-staging\locations\2026-06-04-overpass-published-inactive\originals\loc-295__rosabella-boutique-hotel__osm-node-10727065505__p01__pexels-1207515.jpg,295,Rosabella Boutique Hotel,rosabella-boutique-hotel,inactive,1207515,1,Min An,https://www.pexels.com/@minan1398,pexels,https://www.pexels.com/photo/concrete-structures-next-to-each-other-1207515/,danangtrip/locations/rosabella-boutique-hotel/loc-295__rosabella-boutique-hotel__p01,https://res.cloudinary.com/dmukxquza/image/upload/v1780559855/danangtrip/locations/rosabella-boutique-hotel/loc-295__rosabella-boutique-hotel__p01.jpg,https://www.openstreetmap.org/node/10727065505,downloaded,https://images.pexels.com/photos/1207515/pexels-photo-1207515.jpeg?auto=compress&cs=tinysrgb&h=350,uploaded,1780559855,1880
e045ee4ad08632dff2581d47a315ff49,492934,khach-san-homestay,danangtrip/locations/rosetta/loc-296__rosetta__p01,downloaded:492934,osm-node-6544495730,jpg,1253,https://images.pexels.com/photos/6875472/pexels-photo-6875472.jpeg?auto=compress&cs=tinysrgb&dpr=2&h=650&w=940,loc-296__rosetta__osm-node-6544495730__p01__pexels-6875472.jpg,D:\DATN\DATN_Tài liệu\data-center\media-assets\cloudinary-staging\locations\2026-06-04-overpass-published-inactive\originals\loc-296__rosetta__osm-node-6544495730__p01__pexels-6875472.jpg,296,Rosetta,rosetta,inactive,6875472,1,Quang Nguyen Vinh,https://www.pexels.com/@quang-nguyen-vinh-222549,pexels,https://www.pexels.com/photo/aerial-view-of-city-buildings-near-the-ocean-6875472/,danangtrip/locations/rosetta/loc-296__rosetta__p01,https://res.cloudinary.com/dmukxquza/image/upload/v1780559857/danangtrip/locations/rosetta/loc-296__rosetta__p01.jpg,https://www.openstreetmap.org/node/6544495730,downloaded,https://images.pexels.com/photos/6875472/pexels-photo-6875472.jpeg?auto=compress&cs=tinysrgb&h=350,uploaded,1780559857,1880
06d8ce66c1f9e940415a9c5674efa283,492934,khach-san-homestay,danangtrip/locations/royal-apartment/loc-297__royal-apartment__p01,downloaded:492934,osm-node-11896574769,jpg,1253,https://images.pexels.com/photos/6875472/pexels-photo-6875472.jpeg?auto=compress&cs=tinysrgb&dpr=2&h=650&w=940,loc-297__royal-apartment__osm-node-11896574769__p01__pexels-6875472.jpg,D:\DATN\DATN_Tài liệu\data-center\media-assets\cloudinary-staging\locations\2026-06-04-overpass-published-inactive\originals\loc-297__royal-apartment__osm-node-11896574769__p01__pexels-6875472.jpg,297,Royal apartment,royal-apartment,inactive,6875472,1,Quang Nguyen Vinh,https://www.pexels.com/@quang-nguyen-vinh-222549,pexels,https://www.pexels.com/photo/aerial-view-of-city-buildings-near-the-ocean-6875472/,danangtrip/locations/royal-apartment/loc-297__royal-apartment__p01,https://res.cloudinary.com/dmukxquza/image/upload/v1780559860/danangtrip/locations/royal-apartment/loc-297__royal-apartment__p01.jpg,https://www.openstreetmap.org/node/11896574769,downloaded,https://images.pexels.com/photos/6875472/pexels-photo-6875472.jpeg?auto=compress&cs=tinysrgb&h=350,uploaded,1780559860,1880
7bd48e5fa31383ff03883d86f1a49e6d,391871,am-thuc-dia-phuong,danangtrip/locations/samwon/loc-298__samwon__p01,downloaded:391871,osm-node-5437839417,jpg,1253,https://images.pexels.com/photos/32831392/pexels-photo-32831392.jpeg?auto=compress&cs=tinysrgb&dpr=2&h=650&w=940,loc-298__samwon__osm-node-5437839417__p01__pexels-32831392.jpg,D:\DATN\DATN_Tài liệu\data-center\media-assets\cloudinary-staging\locations\2026-06-04-overpass-published-inactive\originals\loc-298__samwon__osm-node-5437839417__p01__pexels-32831392.jpg,298,Samwon,samwon,inactive,32831392,1,Tuan Vy,https://www.pexels.com/@tuan-vy-903011268,pexels,https://www.pexels.com/photo/street-view-of-vietnamese-restaurant-with-motorbikes-32831392/,danangtrip/locations/samwon/loc-298__samwon__p01,https://res.cloudinary.com/dmukxquza/image/upload/v1780559863/danangtrip/locations/samwon/loc-298__samwon__p01.jpg,https://www.openstreetmap.org/node/5437839417,downloaded,https://images.pexels.com/photos/32831392/pexels-photo-32831392.jpeg?auto=compress&cs=tinysrgb&h=350,uploaded,1780559863,1880
50302821ef78bf7b4572e4402524c3cf,322828,khach-san-homestay,danangtrip/locations/san-san-hotel/loc-299__san-san-hotel__p01,downloaded:322828,osm-node-4900673921,jpg,1240,https://images.pexels.com/photos/1207515/pexels-photo-1207515.jpeg?auto=compress&cs=tinysrgb&dpr=2&h=650&w=940,loc-299__san-san-hotel__osm-node-4900673921__p01__pexels-1207515.jpg,D:\DATN\DATN_Tài liệu\data-center\media-assets\cloudinary-staging\locations\2026-06-04-overpass-published-inactive\originals\loc-299__san-san-hotel__osm-node-4900673921__p01__pexels-1207515.jpg,299,San San Hotel,san-san-hotel,inactive,1207515,1,Min An,https://www.pexels.com/@minan1398,pexels,https://www.pexels.com/photo/concrete-structures-next-to-each-other-1207515/,danangtrip/locations/san-san-hotel/loc-299__san-san-hotel__p01,https://res.cloudinary.com/dmukxquza/image/upload/v1780559875/danangtrip/locations/san-san-hotel/loc-299__san-san-hotel__p01.jpg,https://www.openstreetmap.org/node/4900673921,downloaded,https://images.pexels.com/photos/1207515/pexels-photo-1207515.jpeg?auto=compress&cs=tinysrgb&h=350,uploaded,1780559875,1880
6657e5a4e2ef4d6fec31f584ac96e241,455440,khach-san-homestay,danangtrip/locations/sanouva-danang-hotel/loc-300__sanouva-danang-hotel__p01,downloaded:455440,osm-node-2985700733,jpg,1056,https://images.pexels.com/photos/32824424/pexels-photo-32824424.jpeg?auto=compress&cs=tinysrgb&dpr=2&h=650&w=940,loc-300__sanouva-danang-hotel__osm-node-2985700733__p01__pexels-32824424.jpg,D:\DATN\DATN_Tài liệu\data-center\media-assets\cloudinary-staging\locations\2026-06-04-overpass-published-inactive\originals\loc-300__sanouva-danang-hotel__osm-node-2985700733__p01__pexels-32824424.jpg,300,Sanouva Danang Hotel,sanouva-danang-hotel,inactive,32824424,1,Hieu Le,https://www.pexels.com/@hi-u-le-921253873,pexels,https://www.pexels.com/photo/aerial-view-of-coastal-resort-and-beachfront-32824424/,danangtrip/locations/sanouva-danang-hotel/loc-300__sanouva-danang-hotel__p01,https://res.cloudinary.com/dmukxquza/image/upload/v1780559885/danangtrip/locations/sanouva-danang-hotel/loc-300__sanouva-danang-hotel__p01.jpg,https://www.openstreetmap.org/node/2985700733,downloaded,https://images.pexels.com/photos/32824424/pexels-photo-32824424.jpeg?auto=compress&cs=tinysrgb&h=350,uploaded,1780559885,1880
54774ee36b81e3a7480a4afdb9041c62,158175,khach-san-homestay,danangtrip/locations/sea-phoenix-hotel/loc-301__sea-phoenix-hotel__p01,downloaded:158175,osm-node-4612193833,jpg,1253,https://images.pexels.com/photos/28226576/pexels-photo-28226576.png?auto=compress&cs=tinysrgb&dpr=2&h=650&w=940,loc-301__sea-phoenix-hotel__osm-node-4612193833__p01__pexels-28226576.jpg,D:\DATN\DATN_Tài liệu\data-center\media-assets\cloudinary-staging\locations\2026-06-04-overpass-published-inactive\originals\loc-301__sea-phoenix-hotel__osm-node-4612193833__p01__pexels-28226576.jpg,301,Sea Phoenix Hotel,sea-phoenix-hotel,inactive,28226576,1,Tran Tran,https://www.pexels.com/@ola88,pexels,https://www.pexels.com/photo/danang-vietnam-28226576/,danangtrip/locations/sea-phoenix-hotel/loc-301__sea-phoenix-hotel__p01,https://res.cloudinary.com/dmukxquza/image/upload/v1780559887/danangtrip/locations/sea-phoenix-hotel/loc-301__sea-phoenix-hotel__p01.jpg,https://www.openstreetmap.org/node/4612193833,downloaded,https://images.pexels.com/photos/28226576/pexels-photo-28226576.png?auto=compress&cs=tinysrgb&h=350,uploaded,1780559887,1880
135fb69f71deaa0351d255e3bbba5c54,322828,khach-san-homestay,danangtrip/locations/senorita-boutique-hotel/loc-302__senorita-boutique-hotel__p01,downloaded:322828,osm-node-11680377169,jpg,1240,https://images.pexels.com/photos/1207515/pexels-photo-1207515.jpeg?auto=compress&cs=tinysrgb&dpr=2&h=650&w=940,loc-302__senorita-boutique-hotel__osm-node-11680377169__p01__pexels-1207515.jpg,D:\DATN\DATN_Tài liệu\data-center\media-assets\cloudinary-staging\locations\2026-06-04-overpass-published-inactive\originals\loc-302__senorita-boutique-hotel__osm-node-11680377169__p01__pexels-1207515.jpg,302,Senorita boutique hotel,senorita-boutique-hotel,inactive,1207515,1,Min An,https://www.pexels.com/@minan1398,pexels,https://www.pexels.com/photo/concrete-structures-next-to-each-other-1207515/,danangtrip/locations/senorita-boutique-hotel/loc-302__senorita-boutique-hotel__p01,https://res.cloudinary.com/dmukxquza/image/upload/v1780559890/danangtrip/locations/senorita-boutique-hotel/loc-302__senorita-boutique-hotel__p01.jpg,https://www.openstreetmap.org/node/11680377169,downloaded,https://images.pexels.com/photos/1207515/pexels-photo-1207515.jpeg?auto=compress&cs=tinysrgb&h=350,uploaded,1780559890,1880
23c986d1735c6a5d8d091c3bcaae7fbd,158175,khach-san-homestay,danangtrip/locations/sepon-blue-hotel/loc-303__sepon-blue-hotel__p01,downloaded:158175,osm-node-5950397485,jpg,1253,https://images.pexels.com/photos/28226576/pexels-photo-28226576.png?auto=compress&cs=tinysrgb&dpr=2&h=650&w=940,loc-303__sepon-blue-hotel__osm-node-5950397485__p01__pexels-28226576.jpg,D:\DATN\DATN_Tài liệu\data-center\media-assets\cloudinary-staging\locations\2026-06-04-overpass-published-inactive\originals\loc-303__sepon-blue-hotel__osm-node-5950397485__p01__pexels-28226576.jpg,303,Sepon Blue Hotel,sepon-blue-hotel,inactive,28226576,1,Tran Tran,https://www.pexels.com/@ola88,pexels,https://www.pexels.com/photo/danang-vietnam-28226576/,danangtrip/locations/sepon-blue-hotel/loc-303__sepon-blue-hotel__p01,https://res.cloudinary.com/dmukxquza/image/upload/v1780559892/danangtrip/locations/sepon-blue-hotel/loc-303__sepon-blue-hotel__p01.jpg,https://www.openstreetmap.org/node/5950397485,downloaded,https://images.pexels.com/photos/28226576/pexels-photo-28226576.png?auto=compress&cs=tinysrgb&h=350,uploaded,1780559892,1880
0450c637cc6ce224b1c3a68d3e5eac02,391871,am-thuc-dia-phuong,danangtrip/locations/simpur/loc-304__simpur__p01,downloaded:391871,osm-node-5360440323,jpg,1253,https://images.pexels.com/photos/32831392/pexels-photo-32831392.jpeg?auto=compress&cs=tinysrgb&dpr=2&h=650&w=940,loc-304__simpur__osm-node-5360440323__p01__pexels-32831392.jpg,D:\DATN\DATN_Tài liệu\data-center\media-assets\cloudinary-staging\locations\2026-06-04-overpass-published-inactive\originals\loc-304__simpur__osm-node-5360440323__p01__pexels-32831392.jpg,304,Simpur,simpur,inactive,32831392,1,Tuan Vy,https://www.pexels.com/@tuan-vy-903011268,pexels,https://www.pexels.com/photo/street-view-of-vietnamese-restaurant-with-motorbikes-32831392/,danangtrip/locations/simpur/loc-304__simpur__p01,https://res.cloudinary.com/dmukxquza/image/upload/v1780559895/danangtrip/locations/simpur/loc-304__simpur__p01.jpg,https://www.openstreetmap.org/node/5360440323,downloaded,https://images.pexels.com/photos/32831392/pexels-photo-32831392.jpeg?auto=compress&cs=tinysrgb&h=350,uploaded,1780559895,1880
409382833025a61f1bc7445856ce5cfe,286494,khach-san-homestay,danangtrip/locations/siro-house-homestay/loc-305__siro-house-homestay__p01,downloaded:286494,osm-node-12103878902,jpg,1253,https://images.pexels.com/photos/27630279/pexels-photo-27630279.jpeg?auto=compress&cs=tinysrgb&dpr=2&h=650&w=940,loc-305__siro-house-homestay__osm-node-12103878902__p01__pexels-27630279.jpg,D:\DATN\DATN_Tài liệu\data-center\media-assets\cloudinary-staging\locations\2026-06-04-overpass-published-inactive\originals\loc-305__siro-house-homestay__osm-node-12103878902__p01__pexels-27630279.jpg,305,Siro House Homestay,siro-house-homestay,inactive,27630279,1,Duc Nguyen,https://www.pexels.com/@duc-nguyen-400576574,pexels,https://www.pexels.com/photo/a-woman-sitting-in-a-round-window-in-a-small-house-27630279/,danangtrip/locations/siro-house-homestay/loc-305__siro-house-homestay__p01,https://res.cloudinary.com/dmukxquza/image/upload/v1780559897/danangtrip/locations/siro-house-homestay/loc-305__siro-house-homestay__p01.jpg,https://www.openstreetmap.org/node/12103878902,downloaded,https://images.pexels.com/photos/27630279/pexels-photo-27630279.jpeg?auto=compress&cs=tinysrgb&h=350,uploaded,1780559897,1880
691d86a0a6afaf4a249fa64b5d1e4906,391871,am-thuc-dia-phuong,danangtrip/locations/so-zach/loc-306__so-zach__p01,downloaded:391871,osm-node-5964310288,jpg,1253,https://images.pexels.com/photos/32831392/pexels-photo-32831392.jpeg?auto=compress&cs=tinysrgb&dpr=2&h=650&w=940,loc-306__so-zach__osm-node-5964310288__p01__pexels-32831392.jpg,D:\DATN\DATN_Tài liệu\data-center\media-assets\cloudinary-staging\locations\2026-06-04-overpass-published-inactive\originals\loc-306__so-zach__osm-node-5964310288__p01__pexels-32831392.jpg,306,So Zach,so-zach,inactive,32831392,1,Tuan Vy,https://www.pexels.com/@tuan-vy-903011268,pexels,https://www.pexels.com/photo/street-view-of-vietnamese-restaurant-with-motorbikes-32831392/,danangtrip/locations/so-zach/loc-306__so-zach__p01,https://res.cloudinary.com/dmukxquza/image/upload/v1780559900/danangtrip/locations/so-zach/loc-306__so-zach__p01.jpg,https://www.openstreetmap.org/node/5964310288,downloaded,https://images.pexels.com/photos/32831392/pexels-photo-32831392.jpeg?auto=compress&cs=tinysrgb&h=350,uploaded,1780559900,1880
8932b0385478ae4cbc86a89a659b2dd4,492934,khach-san-homestay,danangtrip/locations/solar-hotel/loc-307__solar-hotel__p01,downloaded:492934,osm-node-6514131805,jpg,1253,https://images.pexels.com/photos/6875472/pexels-photo-6875472.jpeg?auto=compress&cs=tinysrgb&dpr=2&h=650&w=940,loc-307__solar-hotel__osm-node-6514131805__p01__pexels-6875472.jpg,D:\DATN\DATN_Tài liệu\data-center\media-assets\cloudinary-staging\locations\2026-06-04-overpass-published-inactive\originals\loc-307__solar-hotel__osm-node-6514131805__p01__pexels-6875472.jpg,307,Solar Hotel,solar-hotel,inactive,6875472,1,Quang Nguyen Vinh,https://www.pexels.com/@quang-nguyen-vinh-222549,pexels,https://www.pexels.com/photo/aerial-view-of-city-buildings-near-the-ocean-6875472/,danangtrip/locations/solar-hotel/loc-307__solar-hotel__p01,https://res.cloudinary.com/dmukxquza/image/upload/v1780559903/danangtrip/locations/solar-hotel/loc-307__solar-hotel__p01.jpg,https://www.openstreetmap.org/node/6514131805,downloaded,https://images.pexels.com/photos/6875472/pexels-photo-6875472.jpeg?auto=compress&cs=tinysrgb&h=350,uploaded,1780559903,1880
28bdaddd440960beea6f3e93ed9a9cd7,158175,khach-san-homestay,danangtrip/locations/son-tra-green-hotel/loc-308__son-tra-green-hotel__p01,downloaded:158175,osm-node-6355823385,jpg,1253,https://images.pexels.com/photos/28226576/pexels-photo-28226576.png?auto=compress&cs=tinysrgb&dpr=2&h=650&w=940,loc-308__son-tra-green-hotel__osm-node-6355823385__p01__pexels-28226576.jpg,D:\DATN\DATN_Tài liệu\data-center\media-assets\cloudinary-staging\locations\2026-06-04-overpass-published-inactive\originals\loc-308__son-tra-green-hotel__osm-node-6355823385__p01__pexels-28226576.jpg,308,Son Tra Green Hotel,son-tra-green-hotel,inactive,28226576,1,Tran Tran,https://www.pexels.com/@ola88,pexels,https://www.pexels.com/photo/danang-vietnam-28226576/,danangtrip/locations/son-tra-green-hotel/loc-308__son-tra-green-hotel__p01,https://res.cloudinary.com/dmukxquza/image/upload/v1780559905/danangtrip/locations/son-tra-green-hotel/loc-308__son-tra-green-hotel__p01.jpg,https://www.openstreetmap.org/node/6355823385,downloaded,https://images.pexels.com/photos/28226576/pexels-photo-28226576.png?auto=compress&cs=tinysrgb&h=350,uploaded,1780559905,1880
34bc0ab9543c1035f5df0e6a1b126a4d,448711,cong-vien-vuon-hoa,danangtrip/locations/son-tra-ocean-view-pool-spa/loc-309__son-tra-ocean-view-pool-spa__p01,downloaded:448711,osm-way-780440511,jpg,1254,https://images.pexels.com/photos/14021725/pexels-photo-14021725.jpeg?auto=compress&cs=tinysrgb&dpr=2&h=650&w=940,loc-309__son-tra-ocean-view-pool-spa__osm-way-780440511__p01__pexels-14021725.jpg,D:\DATN\DATN_Tài liệu\data-center\media-assets\cloudinary-staging\locations\2026-06-04-overpass-published-inactive\originals\loc-309__son-tra-ocean-view-pool-spa__osm-way-780440511__p01__pexels-14021725.jpg,309,Son Tra Ocean View Pool & Spa,son-tra-ocean-view-pool-spa,inactive,14021725,1,Quang Nguyen Vinh,https://www.pexels.com/@quang-nguyen-vinh-222549,pexels,https://www.pexels.com/photo/people-standing-near-the-apec-park-14021725/,danangtrip/locations/son-tra-ocean-view-pool-spa/loc-309__son-tra-ocean-view-pool-spa__p01,https://res.cloudinary.com/dmukxquza/image/upload/v1780559917/danangtrip/locations/son-tra-ocean-view-pool-spa/loc-309__son-tra-ocean-view-pool-spa__p01.jpg,https://www.openstreetmap.org/way/780440511,downloaded,https://images.pexels.com/photos/14021725/pexels-photo-14021725.jpeg?auto=compress&cs=tinysrgb&h=350,uploaded,1780559917,1880
410e63f96b728bc4d1bb4837c358ec0b,492934,khach-san-homestay,danangtrip/locations/star-near-me-hotel/loc-310__star-near-me-hotel__p01,downloaded:492934,osm-node-12129062601,jpg,1253,https://images.pexels.com/photos/6875472/pexels-photo-6875472.jpeg?auto=compress&cs=tinysrgb&dpr=2&h=650&w=940,loc-310__star-near-me-hotel__osm-node-12129062601__p01__pexels-6875472.jpg,D:\DATN\DATN_Tài liệu\data-center\media-assets\cloudinary-staging\locations\2026-06-04-overpass-published-inactive\originals\loc-310__star-near-me-hotel__osm-node-12129062601__p01__pexels-6875472.jpg,310,Star near me Hotel,star-near-me-hotel,inactive,6875472,1,Quang Nguyen Vinh,https://www.pexels.com/@quang-nguyen-vinh-222549,pexels,https://www.pexels.com/photo/aerial-view-of-city-buildings-near-the-ocean-6875472/,danangtrip/locations/star-near-me-hotel/loc-310__star-near-me-hotel__p01,https://res.cloudinary.com/dmukxquza/image/upload/v1780559920/danangtrip/locations/star-near-me-hotel/loc-310__star-near-me-hotel__p01.jpg,https://www.openstreetmap.org/node/12129062601,downloaded,https://images.pexels.com/photos/6875472/pexels-photo-6875472.jpeg?auto=compress&cs=tinysrgb&h=350,uploaded,1780559920,1880
10419d88612d8ab116dea62ddec5ee01,391871,am-thuc-dia-phuong,danangtrip/locations/sua-chua-nep-cam-co-phuc/loc-311__sua-chua-nep-cam-co-phuc__p01,downloaded:391871,osm-node-6152585585,jpg,1253,https://images.pexels.com/photos/32831392/pexels-photo-32831392.jpeg?auto=compress&cs=tinysrgb&dpr=2&h=650&w=940,loc-311__sua-chua-nep-cam-co-phuc__osm-node-6152585585__p01__pexels-32831392.jpg,D:\DATN\DATN_Tài liệu\data-center\media-assets\cloudinary-staging\locations\2026-06-04-overpass-published-inactive\originals\loc-311__sua-chua-nep-cam-co-phuc__osm-node-6152585585__p01__pexels-32831392.jpg,311,Sua chua nep cam Co Phuc,sua-chua-nep-cam-co-phuc,inactive,32831392,1,Tuan Vy,https://www.pexels.com/@tuan-vy-903011268,pexels,https://www.pexels.com/photo/street-view-of-vietnamese-restaurant-with-motorbikes-32831392/,danangtrip/locations/sua-chua-nep-cam-co-phuc/loc-311__sua-chua-nep-cam-co-phuc__p01,https://res.cloudinary.com/dmukxquza/image/upload/v1780559923/danangtrip/locations/sua-chua-nep-cam-co-phuc/loc-311__sua-chua-nep-cam-co-phuc__p01.jpg,https://www.openstreetmap.org/node/6152585585,downloaded,https://images.pexels.com/photos/32831392/pexels-photo-32831392.jpeg?auto=compress&cs=tinysrgb&h=350,uploaded,1780559923,1880
25861f28a3f5390888d45cf6d9ac44fd,391871,am-thuc-dia-phuong,danangtrip/locations/suon-nuong-cao-boi/loc-312__suon-nuong-cao-boi__p01,downloaded:391871,osm-node-4805182821,jpg,1253,https://images.pexels.com/photos/32831392/pexels-photo-32831392.jpeg?auto=compress&cs=tinysrgb&dpr=2&h=650&w=940,loc-312__suon-nuong-cao-boi__osm-node-4805182821__p01__pexels-32831392.jpg,D:\DATN\DATN_Tài liệu\data-center\media-assets\cloudinary-staging\locations\2026-06-04-overpass-published-inactive\originals\loc-312__suon-nuong-cao-boi__osm-node-4805182821__p01__pexels-32831392.jpg,312,Suon Nuong Cao Boi,suon-nuong-cao-boi,inactive,32831392,1,Tuan Vy,https://www.pexels.com/@tuan-vy-903011268,pexels,https://www.pexels.com/photo/street-view-of-vietnamese-restaurant-with-motorbikes-32831392/,danangtrip/locations/suon-nuong-cao-boi/loc-312__suon-nuong-cao-boi__p01,https://res.cloudinary.com/dmukxquza/image/upload/v1780559937/danangtrip/locations/suon-nuong-cao-boi/loc-312__suon-nuong-cao-boi__p01.jpg,https://www.openstreetmap.org/node/4805182821,downloaded,https://images.pexels.com/photos/32831392/pexels-photo-32831392.jpeg?auto=compress&cs=tinysrgb&h=350,uploaded,1780559937,1880
91805a9f16c57bd464f8e557182131a3,492934,khach-san-homestay,danangtrip/locations/tabii/loc-313__tabii__p01,downloaded:492934,osm-node-6544417152,jpg,1253,https://images.pexels.com/photos/6875472/pexels-photo-6875472.jpeg?auto=compress&cs=tinysrgb&dpr=2&h=650&w=940,loc-313__tabii__osm-node-6544417152__p01__pexels-6875472.jpg,D:\DATN\DATN_Tài liệu\data-center\media-assets\cloudinary-staging\locations\2026-06-04-overpass-published-inactive\originals\loc-313__tabii__osm-node-6544417152__p01__pexels-6875472.jpg,313,Tabii,tabii,inactive,6875472,1,Quang Nguyen Vinh,https://www.pexels.com/@quang-nguyen-vinh-222549,pexels,https://www.pexels.com/photo/aerial-view-of-city-buildings-near-the-ocean-6875472/,danangtrip/locations/tabii/loc-313__tabii__p01,https://res.cloudinary.com/dmukxquza/image/upload/v1780559939/danangtrip/locations/tabii/loc-313__tabii__p01.jpg,https://www.openstreetmap.org/node/6544417152,downloaded,https://images.pexels.com/photos/6875472/pexels-photo-6875472.jpeg?auto=compress&cs=tinysrgb&h=350,uploaded,1780559939,1880
3a3a2aa853a5ab17c9ee818c54e8085a,492934,khach-san-homestay,danangtrip/locations/tam-house-villa-hotel/loc-314__tam-house-villa-hotel__p01,downloaded:492934,osm-node-5602509021,jpg,1253,https://images.pexels.com/photos/6875472/pexels-photo-6875472.jpeg?auto=compress&cs=tinysrgb&dpr=2&h=650&w=940,loc-314__tam-house-villa-hotel__osm-node-5602509021__p01__pexels-6875472.jpg,D:\DATN\DATN_Tài liệu\data-center\media-assets\cloudinary-staging\locations\2026-06-04-overpass-published-inactive\originals\loc-314__tam-house-villa-hotel__osm-node-5602509021__p01__pexels-6875472.jpg,314,Tam House Villa Hotel,tam-house-villa-hotel,inactive,6875472,1,Quang Nguyen Vinh,https://www.pexels.com/@quang-nguyen-vinh-222549,pexels,https://www.pexels.com/photo/aerial-view-of-city-buildings-near-the-ocean-6875472/,danangtrip/locations/tam-house-villa-hotel/loc-314__tam-house-villa-hotel__p01,https://res.cloudinary.com/dmukxquza/image/upload/v1780559942/danangtrip/locations/tam-house-villa-hotel/loc-314__tam-house-villa-hotel__p01.jpg,https://www.openstreetmap.org/node/5602509021,downloaded,https://images.pexels.com/photos/6875472/pexels-photo-6875472.jpeg?auto=compress&cs=tinysrgb&h=350,uploaded,1780559942,1880
71991bc90680f523070b37a7613a855d,322828,khach-san-homestay,danangtrip/locations/tashi-park-view-hotel-apartment/loc-315__tashi-park-view-hotel-apartment__p01,downloaded:322828,osm-node-12098065601,jpg,1240,https://images.pexels.com/photos/1207515/pexels-photo-1207515.jpeg?auto=compress&cs=tinysrgb&dpr=2&h=650&w=940,loc-315__tashi-park-view-hotel-apartment__osm-node-12098065601__p01__pexels-1207515.jpg,D:\DATN\DATN_Tài liệu\data-center\media-assets\cloudinary-staging\locations\2026-06-04-overpass-published-inactive\originals\loc-315__tashi-park-view-hotel-apartment__osm-node-12098065601__p01__pexels-1207515.jpg,315,Tashi Park View Hotel & Apartment,tashi-park-view-hotel-apartment,inactive,1207515,1,Min An,https://www.pexels.com/@minan1398,pexels,https://www.pexels.com/photo/concrete-structures-next-to-each-other-1207515/,danangtrip/locations/tashi-park-view-hotel-apartment/loc-315__tashi-park-view-hotel-apartment__p01,https://res.cloudinary.com/dmukxquza/image/upload/v1780559954/danangtrip/locations/tashi-park-view-hotel-apartment/loc-315__tashi-park-view-hotel-apartment__p01.jpg,https://www.openstreetmap.org/node/12098065601,downloaded,https://images.pexels.com/photos/1207515/pexels-photo-1207515.jpeg?auto=compress&cs=tinysrgb&h=350,uploaded,1780559954,1880
f2df58a387f4f35ea83267db893046d2,119149,am-thuc-dia-phuong,danangtrip/locations/teddy-garden-burgers/loc-316__teddy-garden-burgers__p01,downloaded:119149,osm-node-6079848286,jpg,1255,https://images.pexels.com/photos/534285/pexels-photo-534285.jpeg?auto=compress&cs=tinysrgb&dpr=2&h=650&w=940,loc-316__teddy-garden-burgers__osm-node-6079848286__p01__pexels-534285.jpg,D:\DATN\DATN_Tài liệu\data-center\media-assets\cloudinary-staging\locations\2026-06-04-overpass-published-inactive\originals\loc-316__teddy-garden-burgers__osm-node-6079848286__p01__pexels-534285.jpg,316,Teddy Garden burgers,teddy-garden-burgers,inactive,534285,1,Pixabay,https://www.pexels.com/@pixabay,pexels,https://www.pexels.com/photo/person-holding-two-hamburgers-534285/,danangtrip/locations/teddy-garden-burgers/loc-316__teddy-garden-burgers__p01,https://res.cloudinary.com/dmukxquza/image/upload/v1780559957/danangtrip/locations/teddy-garden-burgers/loc-316__teddy-garden-burgers__p01.jpg,https://www.openstreetmap.org/node/6079848286,downloaded,https://images.pexels.com/photos/534285/pexels-photo-534285.jpeg?auto=compress&cs=tinysrgb&h=350,uploaded,1780559957,1880
63d74817249bc73be42ba51ef509c411,391871,am-thuc-dia-phuong,danangtrip/locations/thang-bom/loc-317__thang-bom__p01,downloaded:391871,osm-node-2623768438,jpg,1253,https://images.pexels.com/photos/32831392/pexels-photo-32831392.jpeg?auto=compress&cs=tinysrgb&dpr=2&h=650&w=940,loc-317__thang-bom__osm-node-2623768438__p01__pexels-32831392.jpg,D:\DATN\DATN_Tài liệu\data-center\media-assets\cloudinary-staging\locations\2026-06-04-overpass-published-inactive\originals\loc-317__thang-bom__osm-node-2623768438__p01__pexels-32831392.jpg,317,Thang Bom,thang-bom,inactive,32831392,1,Tuan Vy,https://www.pexels.com/@tuan-vy-903011268,pexels,https://www.pexels.com/photo/street-view-of-vietnamese-restaurant-with-motorbikes-32831392/,danangtrip/locations/thang-bom/loc-317__thang-bom__p01,https://res.cloudinary.com/dmukxquza/image/upload/v1780559959/danangtrip/locations/thang-bom/loc-317__thang-bom__p01.jpg,https://www.openstreetmap.org/node/2623768438,downloaded,https://images.pexels.com/photos/32831392/pexels-photo-32831392.jpeg?auto=compress&cs=tinysrgb&h=350,uploaded,1780559959,1880
13682dda3c16e620578a4cc4d405ba9c,501538,khach-san-homestay,danangtrip/locations/thanh-nhung/loc-318__thanh-nhung__p01,downloaded:501538,osm-node-6544417146,jpg,1253,https://images.pexels.com/photos/5273872/pexels-photo-5273872.jpeg?auto=compress&cs=tinysrgb&dpr=2&h=650&w=940,loc-318__thanh-nhung__osm-node-6544417146__p01__pexels-5273872.jpg,D:\DATN\DATN_Tài liệu\data-center\media-assets\cloudinary-staging\locations\2026-06-04-overpass-published-inactive\originals\loc-318__thanh-nhung__osm-node-6544417146__p01__pexels-5273872.jpg,318,Thanh Nhung,thanh-nhung,inactive,5273872,1,Thanh Do,https://www.pexels.com/@dothanhyb,pexels,https://www.pexels.com/photo/nha-khach-hao-gia-hotel-5273872/,danangtrip/locations/thanh-nhung/loc-318__thanh-nhung__p01,https://res.cloudinary.com/dmukxquza/image/upload/v1780559962/danangtrip/locations/thanh-nhung/loc-318__thanh-nhung__p01.jpg,https://www.openstreetmap.org/node/6544417146,downloaded,https://images.pexels.com/photos/5273872/pexels-photo-5273872.jpeg?auto=compress&cs=tinysrgb&h=350,uploaded,1780559962,1880
f6ab216f72c7e1d1223d1dcef5436be9,254428,am-thuc-dia-phuong,danangtrip/locations/the-amazing-taco-in-da-nang/loc-319__the-amazing-taco-in-da-nang__p01,downloaded:254428,osm-node-4260382168,jpg,1253,https://images.pexels.com/photos/37578549/pexels-photo-37578549.jpeg?auto=compress&cs=tinysrgb&dpr=2&h=650&w=940,loc-319__the-amazing-taco-in-da-nang__osm-node-4260382168__p01__pexels-37578549.jpg,D:\DATN\DATN_Tài liệu\data-center\media-assets\cloudinary-staging\locations\2026-06-04-overpass-published-inactive\originals\loc-319__the-amazing-taco-in-da-nang__osm-node-4260382168__p01__pexels-37578549.jpg,319,The Amazing Taco | In Da Nang,the-amazing-taco-in-da-nang,inactive,37578549,1,Nha van,https://www.pexels.com/@nhavan,pexels,https://www.pexels.com/photo/woman-enjoying-vietnamese-cuisine-in-da-nang-37578549/,danangtrip/locations/the-amazing-taco-in-da-nang/loc-319__the-amazing-taco-in-da-nang__p01,https://res.cloudinary.com/dmukxquza/image/upload/v1780559965/danangtrip/locations/the-amazing-taco-in-da-nang/loc-319__the-amazing-taco-in-da-nang__p01.jpg,https://www.openstreetmap.org/node/4260382168,downloaded,https://images.pexels.com/photos/37578549/pexels-photo-37578549.jpeg?auto=compress&cs=tinysrgb&h=350,uploaded,1780559965,1880
460fc678c2b2acd4b82ac46298a01bdb,391871,am-thuc-dia-phuong,danangtrip/locations/the-choi-s-kitchen/loc-320__the-choi-s-kitchen__p01,downloaded:391871,osm-node-4814994722,jpg,1253,https://images.pexels.com/photos/32831392/pexels-photo-32831392.jpeg?auto=compress&cs=tinysrgb&dpr=2&h=650&w=940,loc-320__the-choi-s-kitchen__osm-node-4814994722__p01__pexels-32831392.jpg,D:\DATN\DATN_Tài liệu\data-center\media-assets\cloudinary-staging\locations\2026-06-04-overpass-published-inactive\originals\loc-320__the-choi-s-kitchen__osm-node-4814994722__p01__pexels-32831392.jpg,320,The Choi's Kitchen,the-choi-s-kitchen,inactive,32831392,1,Tuan Vy,https://www.pexels.com/@tuan-vy-903011268,pexels,https://www.pexels.com/photo/street-view-of-vietnamese-restaurant-with-motorbikes-32831392/,danangtrip/locations/the-choi-s-kitchen/loc-320__the-choi-s-kitchen__p01,https://res.cloudinary.com/dmukxquza/image/upload/v1780559969/danangtrip/locations/the-choi-s-kitchen/loc-320__the-choi-s-kitchen__p01.jpg,https://www.openstreetmap.org/node/4814994722,downloaded,https://images.pexels.com/photos/32831392/pexels-photo-32831392.jpeg?auto=compress&cs=tinysrgb&h=350,uploaded,1780559969,1880
70b3f92e3504ff159a025eee6f590c28,240025,am-thuc-dia-phuong,danangtrip/locations/the-pizza-company/loc-321__the-pizza-company__p01,downloaded:240025,osm-node-5699718559,jpg,1253,https://images.pexels.com/photos/35271944/pexels-photo-35271944.jpeg?auto=compress&cs=tinysrgb&dpr=2&h=650&w=940,loc-321__the-pizza-company__osm-node-5699718559__p01__pexels-35271944.jpg,D:\DATN\DATN_Tài liệu\data-center\media-assets\cloudinary-staging\locations\2026-06-04-overpass-published-inactive\originals\loc-321__the-pizza-company__osm-node-5699718559__p01__pexels-35271944.jpg,321,The Pizza Company,the-pizza-company,inactive,35271944,1,Nha van,https://www.pexels.com/@nhavan,pexels,https://www.pexels.com/photo/young-woman-enjoying-vietnamese-meal-indoors-35271944/,danangtrip/locations/the-pizza-company/loc-321__the-pizza-company__p01,https://res.cloudinary.com/dmukxquza/image/upload/v1780559979/danangtrip/locations/the-pizza-company/loc-321__the-pizza-company__p01.jpg,https://www.openstreetmap.org/node/5699718559,downloaded,https://images.pexels.com/photos/35271944/pexels-photo-35271944.jpeg?auto=compress&cs=tinysrgb&h=350,uploaded,1780559979,1880
076f0b9c9e970ee36c6e13a6ab57c08e,391871,am-thuc-dia-phuong,danangtrip/locations/thung-phi-bbq/loc-322__thung-phi-bbq__p01,downloaded:391871,osm-node-4430077492,jpg,1253,https://images.pexels.com/photos/32831392/pexels-photo-32831392.jpeg?auto=compress&cs=tinysrgb&dpr=2&h=650&w=940,loc-322__thung-phi-bbq__osm-node-4430077492__p01__pexels-32831392.jpg,D:\DATN\DATN_Tài liệu\data-center\media-assets\cloudinary-staging\locations\2026-06-04-overpass-published-inactive\originals\loc-322__thung-phi-bbq__osm-node-4430077492__p01__pexels-32831392.jpg,322,Thung Phi BBQ,thung-phi-bbq,inactive,32831392,1,Tuan Vy,https://www.pexels.com/@tuan-vy-903011268,pexels,https://www.pexels.com/photo/street-view-of-vietnamese-restaurant-with-motorbikes-32831392/,danangtrip/locations/thung-phi-bbq/loc-322__thung-phi-bbq__p01,https://res.cloudinary.com/dmukxquza/image/upload/v1780559981/danangtrip/locations/thung-phi-bbq/loc-322__thung-phi-bbq__p01.jpg,https://www.openstreetmap.org/node/4430077492,downloaded,https://images.pexels.com/photos/32831392/pexels-photo-32831392.jpeg?auto=compress&cs=tinysrgb&h=350,uploaded,1780559981,1880
513f7c4f4ffacce84f08bf24416331f5,391871,am-thuc-dia-phuong,danangtrip/locations/tiem-an-vu-gia/loc-323__tiem-an-vu-gia__p01,downloaded:391871,osm-node-5110691331,jpg,1253,https://images.pexels.com/photos/32831392/pexels-photo-32831392.jpeg?auto=compress&cs=tinysrgb&dpr=2&h=650&w=940,loc-323__tiem-an-vu-gia__osm-node-5110691331__p01__pexels-32831392.jpg,D:\DATN\DATN_Tài liệu\data-center\media-assets\cloudinary-staging\locations\2026-06-04-overpass-published-inactive\originals\loc-323__tiem-an-vu-gia__osm-node-5110691331__p01__pexels-32831392.jpg,323,Tiem An Vu Gia,tiem-an-vu-gia,inactive,32831392,1,Tuan Vy,https://www.pexels.com/@tuan-vy-903011268,pexels,https://www.pexels.com/photo/street-view-of-vietnamese-restaurant-with-motorbikes-32831392/,danangtrip/locations/tiem-an-vu-gia/loc-323__tiem-an-vu-gia__p01,https://res.cloudinary.com/dmukxquza/image/upload/v1780559984/danangtrip/locations/tiem-an-vu-gia/loc-323__tiem-an-vu-gia__p01.jpg,https://www.openstreetmap.org/node/5110691331,downloaded,https://images.pexels.com/photos/32831392/pexels-photo-32831392.jpeg?auto=compress&cs=tinysrgb&h=350,uploaded,1780559984,1880
5b4e004af37732ae152c1c29e4c2a96e,391871,am-thuc-dia-phuong,danangtrip/locations/tokbokki-ly/loc-324__tokbokki-ly__p01,downloaded:391871,osm-node-6108930790,jpg,1253,https://images.pexels.com/photos/32831392/pexels-photo-32831392.jpeg?auto=compress&cs=tinysrgb&dpr=2&h=650&w=940,loc-324__tokbokki-ly__osm-node-6108930790__p01__pexels-32831392.jpg,D:\DATN\DATN_Tài liệu\data-center\media-assets\cloudinary-staging\locations\2026-06-04-overpass-published-inactive\originals\loc-324__tokbokki-ly__osm-node-6108930790__p01__pexels-32831392.jpg,324,Tokbokki Ly,tokbokki-ly,inactive,32831392,1,Tuan Vy,https://www.pexels.com/@tuan-vy-903011268,pexels,https://www.pexels.com/photo/street-view-of-vietnamese-restaurant-with-motorbikes-32831392/,danangtrip/locations/tokbokki-ly/loc-324__tokbokki-ly__p01,https://res.cloudinary.com/dmukxquza/image/upload/v1780559987/danangtrip/locations/tokbokki-ly/loc-324__tokbokki-ly__p01.jpg,https://www.openstreetmap.org/node/6108930790,downloaded,https://images.pexels.com/photos/32831392/pexels-photo-32831392.jpeg?auto=compress&cs=tinysrgb&h=350,uploaded,1780559987,1880
c8437b82feb6878a36c29842eb6a8e85,159857,ca-phe-tra-sua,danangtrip/locations/tru-vu-tra-quan/loc-325__tru-vu-tra-quan__p01,downloaded:159857,osm-way-1109970012,jpg,1253,https://images.pexels.com/photos/32744958/pexels-photo-32744958.jpeg?auto=compress&cs=tinysrgb&dpr=2&h=650&w=940,loc-325__tru-vu-tra-quan__osm-way-1109970012__p01__pexels-32744958.jpg,D:\DATN\DATN_Tài liệu\data-center\media-assets\cloudinary-staging\locations\2026-06-04-overpass-published-inactive\originals\loc-325__tru-vu-tra-quan__osm-way-1109970012__p01__pexels-32744958.jpg,325,Tru Vu Tra Quan,tru-vu-tra-quan,inactive,32744958,1,Nha van,https://www.pexels.com/@nhavan,pexels,https://www.pexels.com/photo/cozy-cafe-table-with-vietnamese-iced-coffee-32744958/,danangtrip/locations/tru-vu-tra-quan/loc-325__tru-vu-tra-quan__p01,https://res.cloudinary.com/dmukxquza/image/upload/v1780559989/danangtrip/locations/tru-vu-tra-quan/loc-325__tru-vu-tra-quan__p01.jpg,https://www.openstreetmap.org/way/1109970012,downloaded,https://images.pexels.com/photos/32744958/pexels-photo-32744958.jpeg?auto=compress&cs=tinysrgb&h=350,uploaded,1780559989,1880
8c9b7026b565dd01402e17d3958997ac,448711,cong-vien-nuoc,danangtrip/locations/trung-tam-giai-tri-phuc-hop-helio-center/loc-326__trung-tam-giai-tri-phuc-hop-helio-center__p01,downloaded:448711,osm-node-4807957148,jpg,1254,https://images.pexels.com/photos/14021725/pexels-photo-14021725.jpeg?auto=compress&cs=tinysrgb&dpr=2&h=650&w=940,loc-326__trung-tam-giai-tri-phuc-hop-helio-center__osm-node-4807957148__p01__pexels-14021725.jpg,D:\DATN\DATN_Tài liệu\data-center\media-assets\cloudinary-staging\locations\2026-06-04-overpass-published-inactive\originals\loc-326__trung-tam-giai-tri-phuc-hop-helio-center__osm-node-4807957148__p01__pexels-14021725.jpg,326,Trung tam Giai tri Phuc hop Helio Center,trung-tam-giai-tri-phuc-hop-helio-center,inactive,14021725,1,Quang Nguyen Vinh,https://www.pexels.com/@quang-nguyen-vinh-222549,pexels,https://www.pexels.com/photo/people-standing-near-the-apec-park-14021725/,danangtrip/locations/trung-tam-giai-tri-phuc-hop-helio-center/loc-326__trung-tam-giai-tri-phuc-hop-helio-center__p01,https://res.cloudinary.com/dmukxquza/image/upload/v1780559992/danangtrip/locations/trung-tam-giai-tri-phuc-hop-helio-center/loc-326__trung-tam-giai-tri-phuc-hop-helio-center__p01.jpg,https://www.openstreetmap.org/node/4807957148,downloaded,https://images.pexels.com/photos/14021725/pexels-photo-14021725.jpeg?auto=compress&cs=tinysrgb&h=350,uploaded,1780559992,1880
9b99e9a1a289c8a1efd4a5f76e9c9500,448711,cong-vien-vuon-hoa,danangtrip/locations/trung-tam-van-hoa-the-thao-quan-thanh-khe/loc-327__trung-tam-van-hoa-the-thao-quan-thanh-khe__p01,downloaded:448711,osm-way-846695791,jpg,1254,https://images.pexels.com/photos/14021725/pexels-photo-14021725.jpeg?auto=compress&cs=tinysrgb&dpr=2&h=650&w=940,loc-327__trung-tam-van-hoa-the-thao-quan-thanh-khe__osm-way-846695791__p01__pexels-14021725.jpg,D:\DATN\DATN_Tài liệu\data-center\media-assets\cloudinary-staging\locations\2026-06-04-overpass-published-inactive\originals\loc-327__trung-tam-van-hoa-the-thao-quan-thanh-khe__osm-way-846695791__p01__pexels-14021725.jpg,327,Trung tam Van hoa - The thao quan Thanh Khe,trung-tam-van-hoa-the-thao-quan-thanh-khe,inactive,14021725,1,Quang Nguyen Vinh,https://www.pexels.com/@quang-nguyen-vinh-222549,pexels,https://www.pexels.com/photo/people-standing-near-the-apec-park-14021725/,danangtrip/locations/trung-tam-van-hoa-the-thao-quan-thanh-khe/loc-327__trung-tam-van-hoa-the-thao-quan-thanh-khe__p01,https://res.cloudinary.com/dmukxquza/image/upload/v1780559995/danangtrip/locations/trung-tam-van-hoa-the-thao-quan-thanh-khe/loc-327__trung-tam-van-hoa-the-thao-quan-thanh-khe__p01.jpg,https://www.openstreetmap.org/way/846695791,downloaded,https://images.pexels.com/photos/14021725/pexels-photo-14021725.jpeg?auto=compress&cs=tinysrgb&h=350,uploaded,1780559995,1880
c40f7489fa4451fba1d7969d8ae7c67d,492934,khach-san-homestay,danangtrip/locations/truongvuhouse-s/loc-328__truongvuhouse-s__p01,downloaded:492934,osm-node-4931062422,jpg,1253,https://images.pexels.com/photos/6875472/pexels-photo-6875472.jpeg?auto=compress&cs=tinysrgb&dpr=2&h=650&w=940,loc-328__truongvuhouse-s__osm-node-4931062422__p01__pexels-6875472.jpg,D:\DATN\DATN_Tài liệu\data-center\media-assets\cloudinary-staging\locations\2026-06-04-overpass-published-inactive\originals\loc-328__truongvuhouse-s__osm-node-4931062422__p01__pexels-6875472.jpg,328,TruongVuHouse's,truongvuhouse-s,inactive,6875472,1,Quang Nguyen Vinh,https://www.pexels.com/@quang-nguyen-vinh-222549,pexels,https://www.pexels.com/photo/aerial-view-of-city-buildings-near-the-ocean-6875472/,danangtrip/locations/truongvuhouse-s/loc-328__truongvuhouse-s__p01,https://res.cloudinary.com/dmukxquza/image/upload/v1780560008/danangtrip/locations/truongvuhouse-s/loc-328__truongvuhouse-s__p01.jpg,https://www.openstreetmap.org/node/4931062422,downloaded,https://images.pexels.com/photos/6875472/pexels-photo-6875472.jpeg?auto=compress&cs=tinysrgb&h=350,uploaded,1780560008,1880
d21c97cb2faaeafdd1b449c4c1ebf7ed,261930,bao-tang-di-tich,danangtrip/locations/tuong-phat-phuoc-ly/loc-329__tuong-phat-phuoc-ly__p01,downloaded:261930,osm-node-13734880501,jpg,1253,https://images.pexels.com/photos/24800156/pexels-photo-24800156.jpeg?auto=compress&cs=tinysrgb&dpr=2&h=650&w=940,loc-329__tuong-phat-phuoc-ly__osm-node-13734880501__p01__pexels-24800156.jpg,D:\DATN\DATN_Tài liệu\data-center\media-assets\cloudinary-staging\locations\2026-06-04-overpass-published-inactive\originals\loc-329__tuong-phat-phuoc-ly__osm-node-13734880501__p01__pexels-24800156.jpg,329,Tuong Phat Phuoc Ly,tuong-phat-phuoc-ly,inactive,24800156,1,Lucas Tran,https://www.pexels.com/@lucastranimages,pexels,https://www.pexels.com/photo/ancient-buddhist-phat-tich-pagoda-in-vietnam-24800156/,danangtrip/locations/tuong-phat-phuoc-ly/loc-329__tuong-phat-phuoc-ly__p01,https://res.cloudinary.com/dmukxquza/image/upload/v1780560011/danangtrip/locations/tuong-phat-phuoc-ly/loc-329__tuong-phat-phuoc-ly__p01.jpg,https://www.openstreetmap.org/node/13734880501,downloaded,https://images.pexels.com/photos/24800156/pexels-photo-24800156.jpeg?auto=compress&cs=tinysrgb&h=350,uploaded,1780560011,1880
e4f9404de4e585efbe4615b958b8709e,322828,khach-san-homestay,danangtrip/locations/ty-house-homestay-da-nang/loc-330__ty-house-homestay-da-nang__p01,downloaded:322828,osm-node-11896312469,jpg,1240,https://images.pexels.com/photos/1207515/pexels-photo-1207515.jpeg?auto=compress&cs=tinysrgb&dpr=2&h=650&w=940,loc-330__ty-house-homestay-da-nang__osm-node-11896312469__p01__pexels-1207515.jpg,D:\DATN\DATN_Tài liệu\data-center\media-assets\cloudinary-staging\locations\2026-06-04-overpass-published-inactive\originals\loc-330__ty-house-homestay-da-nang__osm-node-11896312469__p01__pexels-1207515.jpg,330,Ty house homestay da nang,ty-house-homestay-da-nang,inactive,1207515,1,Min An,https://www.pexels.com/@minan1398,pexels,https://www.pexels.com/photo/concrete-structures-next-to-each-other-1207515/,danangtrip/locations/ty-house-homestay-da-nang/loc-330__ty-house-homestay-da-nang__p01,https://res.cloudinary.com/dmukxquza/image/upload/v1780560014/danangtrip/locations/ty-house-homestay-da-nang/loc-330__ty-house-homestay-da-nang__p01.jpg,https://www.openstreetmap.org/node/11896312469,downloaded,https://images.pexels.com/photos/1207515/pexels-photo-1207515.jpeg?auto=compress&cs=tinysrgb&h=350,uploaded,1780560014,1880
6b14472c87b565c7b016e38f1e01ddbd,426819,hang-dong-nui-non,danangtrip/locations/vinh-da-nang/loc-331__vinh-da-nang__p01,downloaded:426819,osm-relation-16028838,jpg,1300,https://images.pexels.com/photos/15747058/pexels-photo-15747058.jpeg?auto=compress&cs=tinysrgb&dpr=2&h=650&w=940,loc-331__vinh-da-nang__osm-relation-16028838__p01__pexels-15747058.jpg,D:\DATN\DATN_Tài liệu\data-center\media-assets\cloudinary-staging\locations\2026-06-04-overpass-published-inactive\originals\loc-331__vinh-da-nang__osm-relation-16028838__p01__pexels-15747058.jpg,331,Vinh Da Nang,vinh-da-nang,inactive,15747058,1,Vincent Liew,https://www.pexels.com/@vincent-liew-471586480,pexels,https://www.pexels.com/photo/view-from-the-marble-mountains-da-nang-vietnam-15747058/,danangtrip/locations/vinh-da-nang/loc-331__vinh-da-nang__p01,https://res.cloudinary.com/dmukxquza/image/upload/v1780560018/danangtrip/locations/vinh-da-nang/loc-331__vinh-da-nang__p01.jpg,https://www.openstreetmap.org/relation/16028838,downloaded,https://images.pexels.com/photos/15747058/pexels-photo-15747058.jpeg?auto=compress&cs=tinysrgb&h=350,uploaded,1780560018,1733
de1ee9ff4ead79da7f62d3c7feec6381,428748,am-thuc-dia-phuong,danangtrip/locations/xoi-ga-ba-be/loc-332__xoi-ga-ba-be__p01,downloaded:428748,osm-node-6152595285,jpg,1253,https://images.pexels.com/photos/34332795/pexels-photo-34332795.jpeg?auto=compress&cs=tinysrgb&dpr=2&h=650&w=940,loc-332__xoi-ga-ba-be__osm-node-6152595285__p01__pexels-34332795.jpg,D:\DATN\DATN_Tài liệu\data-center\media-assets\cloudinary-staging\locations\2026-06-04-overpass-published-inactive\originals\loc-332__xoi-ga-ba-be__osm-node-6152595285__p01__pexels-34332795.jpg,332,Xoi ga Ba Be,xoi-ga-ba-be,inactive,34332795,1,AN Nhol,https://www.pexels.com/@an-nhol-2477401,pexels,https://www.pexels.com/photo/lively-vietnamese-street-food-vendor-scene-34332795/,danangtrip/locations/xoi-ga-ba-be/loc-332__xoi-ga-ba-be__p01,https://res.cloudinary.com/dmukxquza/image/upload/v1780560021/danangtrip/locations/xoi-ga-ba-be/loc-332__xoi-ga-ba-be__p01.jpg,https://www.openstreetmap.org/node/6152595285,downloaded,https://images.pexels.com/photos/34332795/pexels-photo-34332795.jpeg?auto=compress&cs=tinysrgb&h=350,uploaded,1780560021,1880
f771d5c8e6fce82b0c3fd3682abbdb29,391871,am-thuc-dia-phuong,danangtrip/locations/xuan-toi/loc-333__xuan-toi__p01,downloaded:391871,osm-node-5271605921,jpg,1253,https://images.pexels.com/photos/32831392/pexels-photo-32831392.jpeg?auto=compress&cs=tinysrgb&dpr=2&h=650&w=940,loc-333__xuan-toi__osm-node-5271605921__p01__pexels-32831392.jpg,D:\DATN\DATN_Tài liệu\data-center\media-assets\cloudinary-staging\locations\2026-06-04-overpass-published-inactive\originals\loc-333__xuan-toi__osm-node-5271605921__p01__pexels-32831392.jpg,333,Xuan Toi,xuan-toi,inactive,32831392,1,Tuan Vy,https://www.pexels.com/@tuan-vy-903011268,pexels,https://www.pexels.com/photo/street-view-of-vietnamese-restaurant-with-motorbikes-32831392/,danangtrip/locations/xuan-toi/loc-333__xuan-toi__p01,https://res.cloudinary.com/dmukxquza/image/upload/v1780560024/danangtrip/locations/xuan-toi/loc-333__xuan-toi__p01.jpg,https://www.openstreetmap.org/node/5271605921,downloaded,https://images.pexels.com/photos/32831392/pexels-photo-32831392.jpeg?auto=compress&cs=tinysrgb&h=350,uploaded,1780560024,1880
edbf061fe25305a6284ae3368ba4c62e,391871,am-thuc-dia-phuong,danangtrip/locations/yaourt-muoi-cay-bang/loc-334__yaourt-muoi-cay-bang__p01,downloaded:391871,osm-node-6151202686,jpg,1253,https://images.pexels.com/photos/32831392/pexels-photo-32831392.jpeg?auto=compress&cs=tinysrgb&dpr=2&h=650&w=940,loc-334__yaourt-muoi-cay-bang__osm-node-6151202686__p01__pexels-32831392.jpg,D:\DATN\DATN_Tài liệu\data-center\media-assets\cloudinary-staging\locations\2026-06-04-overpass-published-inactive\originals\loc-334__yaourt-muoi-cay-bang__osm-node-6151202686__p01__pexels-32831392.jpg,334,Yaourt muoi Cay Bang,yaourt-muoi-cay-bang,inactive,32831392,1,Tuan Vy,https://www.pexels.com/@tuan-vy-903011268,pexels,https://www.pexels.com/photo/street-view-of-vietnamese-restaurant-with-motorbikes-32831392/,danangtrip/locations/yaourt-muoi-cay-bang/loc-334__yaourt-muoi-cay-bang__p01,https://res.cloudinary.com/dmukxquza/image/upload/v1780560027/danangtrip/locations/yaourt-muoi-cay-bang/loc-334__yaourt-muoi-cay-bang__p01.jpg,https://www.openstreetmap.org/node/6151202686,downloaded,https://images.pexels.com/photos/32831392/pexels-photo-32831392.jpeg?auto=compress&cs=tinysrgb&h=350,uploaded,1780560027,1880
